[15:25:40] [main/INFO]: Loading Minecraft 1.21.6 with Fabric Loader 0.16.14
[15:25:41] [main/INFO]: Loading 48 mods:
	- carpet 1.4.176+v250617
	- carpet-ams-addition 2.57.4
	   |-- annotationtoolbox 0.3
	   \-- mixinextras 0.4.1
	- carpet-extra 1.4.176
	- carpet-tis-addition 1.67.1
	   \-- conditional-mixin 0.6.4
	- fabric-api 0.128.0+1.21.6
	   |-- fabric-api-base 0.4.64+9ec45cd896
	   |-- fabric-api-lookup-api-v1 1.6.100+946bf4c396
	   |-- fabric-biome-api-v1 16.0.11+946bf4c396
	   |-- fabric-block-api-v1 1.1.3+946bf4c396
	   |-- fabric-block-view-api-v2 1.0.31+946bf4c396
	   |-- fabric-command-api-v2 2.2.53+946bf4c396
	   |-- fabric-content-registries-v0 10.0.18+946bf4c396
	   |-- fabric-convention-tags-v1 2.1.38+7f945d5b96
	   |-- fabric-convention-tags-v2 2.15.3+946bf4c396
	   |-- fabric-crash-report-info-v1 0.3.15+946bf4c396
	   |-- fabric-data-attachment-api-v1 1.8.10+946bf4c396
	   |-- fabric-data-generation-api-v1 23.2.2+946bf4c396
	   |-- fabric-dimensions-v1 4.0.19+946bf4c396
	   |-- fabric-entity-events-v1 2.1.1+c9e4727396
	   |-- fabric-events-interaction-v0 4.0.23+946bf4c396
	   |-- fabric-game-rule-api-v1 1.0.72+946bf4c396
	   |-- fabric-item-api-v1 11.4.3+946bf4c396
	   |-- fabric-item-group-api-v1 4.2.13+946bf4c396
	   |-- fabric-key-binding-api-v1 1.0.65+946bf4c396
	   |-- fabric-lifecycle-events-v1 2.6.3+db4dfd8596
	   |-- fabric-loot-api-v2 3.0.55+3f89f5a596
	   |-- fabric-loot-api-v3 2.0.2+946bf4c396
	   |-- fabric-message-api-v1 6.1.1+946bf4c396
	   |-- fabric-model-loading-api-v1 5.2.5+946bf4c396
	   |-- fabric-networking-api-v1 5.0.1+946bf4c396
	   |-- fabric-object-builder-api-v1 21.1.7+946bf4c396
	   |-- fabric-particles-v1 4.1.7+946bf4c396
	   |-- fabric-recipe-api-v1 8.1.14+946bf4c396
	   |-- fabric-registry-sync-v0 6.1.27+946bf4c396
	   |-- fabric-renderer-api-v1 7.0.2+946bf4c396
	   |-- fabric-renderer-indigo 4.0.2+946bf4c396
	   |-- fabric-rendering-fluids-v1 3.1.30+fa6cb72b96
	   |-- fabric-rendering-v1 12.4.0+e8d43c7696
	   |-- fabric-resource-conditions-api-v1 5.0.24+946bf4c396
	   |-- fabric-resource-loader-v0 3.1.11+946bf4c396
	   |-- fabric-screen-api-v1 2.0.51+946bf4c396
	   |-- fabric-screen-handler-api-v1 1.3.136+946bf4c396
	   |-- fabric-sound-api-v1 1.0.42+946bf4c396
	   |-- fabric-tag-api-v1 1.2.1+946bf4c396
	   |-- fabric-transfer-api-v1 6.0.5+946bf4c396
	   \-- fabric-transitive-access-wideners-v1 6.4.1+ac3e15d196
	- fabricloader 0.16.14
	   \-- mixinextras 0.4.1
	- fallingtree 1.21.6.4
	- java 21
	- minecraft 1.21.6
	- skinrestorer 2.3.5+1.21.6-fabric
	   \-- org_mineskin_java-client 3.0.6-SNAPSHOT
[15:25:42] [main/INFO]: SpongePowered MIXIN Subsystem Version=0.8.7 Source=file:/workspaces/script-para-trabajos/servidor_minecraft/libraries/net/fabricmc/sponge-mixin/0.15.5+mixin.0.8.7/sponge-mixin-0.15.5+mixin.0.8.7.jar Service=Knot/Fabric Env=SERVER
[15:25:42] [main/INFO]: Compatibility level set to JAVA_17
[15:25:42] [main/INFO]: Compatibility level set to JAVA_21
[15:25:45] [main/INFO]: Initializing MixinExtras via com.llamalad7.mixinextras.service.MixinExtrasServiceImpl(version=0.4.1).
[15:26:10] [TISCM Mapping/INFO]: Yarn mapping file yarn-1.21.6+build.1-v2.tiny loaded
[15:26:11] [main/INFO]: Carpet AMS Addition v2.57.4 loaded! (Total rules: 140)
[15:26:11] [main/INFO]: Open Source: https://github.com/Minecraft-AMS/Carpet-AMS-Addition
[15:26:11] [main/INFO]: Issues: https://github.com/Minecraft-AMS/Carpet-AMS-Addition/issues
[15:26:11] [main/INFO]: Wiki: https://minecraft-ams.github.io/carpetamsaddition/
[15:26:13] [main/INFO]: Environment: Environment[sessionHost=https://sessionserver.mojang.com, servicesHost=https://api.minecraftservices.com, name=PROD]
[15:26:20] [main/INFO]: Loaded 1407 recipes
[15:26:20] [main/INFO]: Loaded 1520 advancements
[15:26:20] [main/INFO]: Applied 0 biome modifications to 0 of 65 new biomes in 4.782 ms
[15:26:20] [Server thread/INFO]: Starting minecraft server version 1.21.6
[15:26:20] [Server thread/INFO]: Loading properties
[15:26:20] [Server thread/INFO]: Default game type: SURVIVAL
[15:26:20] [Server thread/INFO]: Generating keypair
[15:26:21] [Server thread/INFO]: Starting Minecraft server on *:25565
[15:26:21] [Server thread/INFO]: Using epoll channel type
[15:26:21] [Server thread/WARN]: **** SERVER IS RUNNING IN OFFLINE/INSECURE MODE!
[15:26:21] [Server thread/WARN]: The server will make no attempt to authenticate usernames. Beware.
[15:26:21] [Server thread/WARN]: While this makes the game possible to play without internet access, it also opens up the ability for hackers to connect with any username they choose.
[15:26:21] [Server thread/WARN]: To change this, set "online-mode" to "true" in the server.properties file.
[15:26:21] [Server thread/INFO]: Preparing level "world"
[15:26:21] [Server thread/INFO]: [CM] Loaded 5 settings from carpet.conf
[15:26:24] [Server thread/INFO]: Preparing start region for dimension minecraft:overworld
[15:26:37] [Worker-Main-1/INFO]: Preparing spawn area: 0%
[15:26:37] [Worker-Main-1/INFO]: Preparing spawn area: 0%
[15:26:37] [Worker-Main-1/INFO]: Preparing spawn area: 0%
[15:26:37] [Worker-Main-1/INFO]: Preparing spawn area: 0%
[15:26:37] [Worker-Main-1/INFO]: Preparing spawn area: 0%
[15:26:37] [Worker-Main-1/INFO]: Preparing spawn area: 0%
[15:26:37] [Worker-Main-1/INFO]: Preparing spawn area: 0%
[15:26:37] [Worker-Main-1/INFO]: Preparing spawn area: 0%
[15:26:37] [Worker-Main-1/INFO]: Preparing spawn area: 0%
[15:26:37] [Worker-Main-1/INFO]: Preparing spawn area: 0%
[15:26:37] [Worker-Main-1/INFO]: Preparing spawn area: 0%
[15:26:37] [Worker-Main-1/INFO]: Preparing spawn area: 0%
[15:26:37] [Worker-Main-1/INFO]: Preparing spawn area: 0%
[15:26:37] [Worker-Main-1/INFO]: Preparing spawn area: 0%
[15:26:37] [Worker-Main-1/INFO]: Preparing spawn area: 0%
[15:26:37] [Worker-Main-1/INFO]: Preparing spawn area: 0%
[15:26:37] [Worker-Main-1/INFO]: Preparing spawn area: 0%
[15:26:37] [Worker-Main-1/INFO]: Preparing spawn area: 0%
[15:26:37] [Worker-Main-1/INFO]: Preparing spawn area: 0%
[15:26:37] [Worker-Main-1/INFO]: Preparing spawn area: 0%
[15:26:37] [Worker-Main-1/INFO]: Preparing spawn area: 0%
[15:26:37] [Worker-Main-1/INFO]: Preparing spawn area: 0%
[15:26:37] [Worker-Main-1/INFO]: Preparing spawn area: 0%
[15:26:37] [Worker-Main-1/INFO]: Preparing spawn area: 0%
[15:26:37] [Worker-Main-1/INFO]: Preparing spawn area: 0%
[15:26:37] [Worker-Main-1/INFO]: Preparing spawn area: 0%
[15:26:37] [Worker-Main-1/INFO]: Preparing spawn area: 0%
[15:26:38] [Worker-Main-1/INFO]: Preparing spawn area: 0%
[15:26:38] [Worker-Main-1/INFO]: Preparing spawn area: 2%
[15:26:39] [Server thread/INFO]: Time elapsed: 14616 ms
[15:26:40] [Server thread/INFO]: Loaded 1407 recipes
[15:26:40] [Server thread/INFO]: Loaded 1520 advancements
[15:26:41] [Server thread/INFO]: Done (19.478s)! For help, type "help"
[15:26:45] [Server thread/INFO]: FxxkingPanda23[/100.75.53.124:53055] logged in with entity id 74 at (-800.3651253870238, 26.0, 830.4147014642849)
[15:26:45] [Server thread/INFO]: FxxkingPanda23 joined the game
[15:26:48] [Server thread/WARN]: Can't keep up! Is the server overloaded? Running 2067ms or 41 ticks behind
[15:27:16] [Server thread/WARN]: Can't keep up! Is the server overloaded? Running 12436ms or 248 ticks behind
[15:28:16] [Server thread/INFO]: Made FxxkingPanda23 a server operator
[15:28:32] [Server thread/INFO]: Sara[local] logged in with entity id 1108 at (-566.3941659381285, 238.0, 822.1307605446393)
[15:28:32] [Server thread/INFO]: Sara joined the game
[15:36:29] [Server thread/INFO]: Villager class_1646['Villager'/319, l='ServerLevel[world]', x=-830.70, y=60.00, z=785.30] died, message: 'Villager was squished too much'
[15:38:33] [Server thread/WARN]: Mismatch in destroy block pos: class_2338{x=-808, y=24, z=835} class_2338{x=-811, y=25, z=819}
[15:38:33] [Server thread/WARN]: Mismatch in destroy block pos: class_2338{x=-808, y=24, z=835} class_2338{x=-811, y=25, z=819}
[15:55:09] [Server thread/WARN]: Mismatch in destroy block pos: class_2338{x=-811, y=17, z=815} class_2338{x=-813, y=18, z=793}
[15:55:14] [Server thread/WARN]: Mismatch in destroy block pos: class_2338{x=-803, y=18, z=792} class_2338{x=-805, y=18, z=793}
[16:05:21] [Server thread/INFO]: Villager class_1646['Villager'/323, l='ServerLevel[world]', x=-830.70, y=60.00, z=785.30] died, message: 'Villager was squished too much'
[16:14:44] [Server thread/WARN]: Mismatch in destroy block pos: class_2338{x=-807, y=19, z=862} class_2338{x=-808, y=23, z=862}
[16:15:09] [Server thread/WARN]: Mismatch in destroy block pos: class_2338{x=-807, y=19, z=862} class_2338{x=-813, y=17, z=802}
[16:27:16] [Server thread/INFO]: Villager class_1646['Villager'/316, l='ServerLevel[world]', x=-830.70, y=60.00, z=785.30] died, message: 'Villager was squished too much'
[16:29:36] [Server thread/INFO]: Villager class_1646['Villager'/325, l='ServerLevel[world]', x=-830.70, y=60.00, z=785.30] died, message: 'Villager was squished too much'
[16:30:04] [Server thread/INFO]: [FxxkingPanda23: Applied effect Haste to 2 targets]
[16:44:33] [Server thread/INFO]: Villager class_1646['Villager'/322, l='ServerLevel[world]', x=-830.70, y=60.00, z=785.30] died, message: 'Villager was squished too much'
[16:51:24] [Server thread/WARN]: Mismatch in destroy block pos: class_2338{x=-811, y=13, z=824} class_2338{x=-811, y=12, z=823}
[16:51:24] [Server thread/WARN]: Mismatch in destroy block pos: class_2338{x=-811, y=13, z=824} class_2338{x=-811, y=12, z=823}
[16:51:24] [Server thread/WARN]: Mismatch in destroy block pos: class_2338{x=-811, y=13, z=824} class_2338{x=-811, y=12, z=823}
[16:51:24] [Server thread/WARN]: Mismatch in destroy block pos: class_2338{x=-811, y=13, z=824} class_2338{x=-811, y=12, z=823}
[16:56:11] [Server thread/INFO]: Villager class_1646['Villager'/324, l='ServerLevel[world]', x=-830.70, y=60.00, z=785.30] died, message: 'Villager was squished too much'
[17:14:00] [Server thread/INFO]: Villager class_1646['Villager'/327, l='ServerLevel[world]', x=-830.70, y=60.00, z=785.30] died, message: 'Villager was squished too much'
[17:21:35] [Server thread/WARN]: Mismatch in destroy block pos: class_2338{x=-794, y=25, z=825} class_2338{x=-806, y=17, z=817}
[17:22:02] [Server thread/WARN]: Mismatch in destroy block pos: class_2338{x=-806, y=19, z=816} class_2338{x=-806, y=25, z=811}
[17:22:36] [Server thread/WARN]: Mismatch in destroy block pos: class_2338{x=-806, y=19, z=816} class_2338{x=-806, y=17, z=794}
[17:22:36] [Server thread/WARN]: Mismatch in destroy block pos: class_2338{x=-806, y=19, z=816} class_2338{x=-806, y=17, z=794}
[17:35:48] [Server thread/INFO]: Villager class_1646['Villager'/1813, l='ServerLevel[world]', x=-830.70, y=60.00, z=785.30] died, message: 'Villager was squished too much'
[17:38:02] [Server thread/INFO]: Villager class_1646['Villager'/36635, l='ServerLevel[world]', x=-830.70, y=60.00, z=785.30] died, message: 'Villager was squished too much'
[17:52:10] [Server thread/WARN]: Mismatch in destroy block pos: class_2338{x=-836, y=18, z=830} class_2338{x=-814, y=17, z=850}
[17:52:10] [Server thread/WARN]: Mismatch in destroy block pos: class_2338{x=-836, y=18, z=830} class_2338{x=-814, y=17, z=850}
[17:52:10] [Server thread/WARN]: Mismatch in destroy block pos: class_2338{x=-836, y=18, z=830} class_2338{x=-814, y=17, z=850}
[17:53:54] [Server thread/INFO]: FxxkingPanda23 lost connection: Disconnected
[17:53:54] [Server thread/INFO]: FxxkingPanda23 left the game
[18:29:46] [Server thread/INFO]: FxxkingPanda23[/100.75.53.124:55150] logged in with entity id 103933 at (-805.599307119713, 18.0, 813.7791172804084)
[18:29:46] [Server thread/INFO]: FxxkingPanda23 joined the game
[18:31:26] [Server thread/INFO]: Villager class_1646['Villager'/43920, l='ServerLevel[world]', x=-830.70, y=60.00, z=785.30] died, message: 'Villager was squished too much'
[18:38:42] [Server thread/INFO]: [FxxkingPanda23: Set own game mode to Creative Mode]
[18:39:45] [Server thread/INFO]: [FxxkingPanda23: Successfully filled 40 block(s)]
[18:39:45] [Server thread/INFO]: [FxxkingPanda23: Changed the block at -800, 11, 832]
[18:39:45] [Server thread/INFO]: [FxxkingPanda23: Successfully filled 3 block(s)]
[18:39:45] [Server thread/INFO]: [FxxkingPanda23: Successfully filled 12 block(s)]
[18:39:45] [Server thread/INFO]: [FxxkingPanda23: Successfully filled 16 block(s)]
[18:39:45] [Server thread/INFO]: [FxxkingPanda23: Successfully filled 5 block(s)]
[18:39:45] [Server thread/INFO]: [FxxkingPanda23: Successfully filled 12 block(s)]
[18:39:45] [Server thread/INFO]: [FxxkingPanda23: Changed the block at -800, 27, 832]
[18:39:45] [Server thread/INFO]: [FxxkingPanda23: Successfully filled 3 block(s)]
[18:39:45] [Server thread/INFO]: [FxxkingPanda23: Changed the block at -800, 29, 832]
[18:39:45] [Server thread/INFO]: [FxxkingPanda23: Successfully filled 20 block(s)]
[18:39:45] [Server thread/INFO]: [FxxkingPanda23: Changed the block at -800, 31, 832]
[18:39:45] [Server thread/INFO]: [FxxkingPanda23: Successfully filled 20 block(s)]
[18:39:45] [Server thread/INFO]: [FxxkingPanda23: Changed the block at -800, 33, 832]
[18:39:45] [Server thread/INFO]: [FxxkingPanda23: Successfully filled 11 block(s)]
[18:39:45] [Server thread/INFO]: [FxxkingPanda23: Changed the block at -800, 35, 832]
[18:39:45] [Server thread/INFO]: [FxxkingPanda23: Successfully filled 9 block(s)]
[18:39:45] [Server thread/INFO]: [FxxkingPanda23: Changed the block at -800, 37, 832]
[18:39:45] [Server thread/INFO]: [FxxkingPanda23: Successfully filled 9 block(s)]
[18:39:45] [Server thread/INFO]: [FxxkingPanda23: Changed the block at -800, 39, 832]
[18:39:45] [Server thread/INFO]: [FxxkingPanda23: Successfully filled 9 block(s)]
[18:39:45] [Server thread/INFO]: [FxxkingPanda23: Changed the block at -800, 41, 832]
[18:39:45] [Server thread/INFO]: [FxxkingPanda23: Successfully filled 9 block(s)]
[18:39:45] [Server thread/INFO]: [FxxkingPanda23: Changed the block at -800, 43, 832]
[18:39:45] [Server thread/INFO]: [FxxkingPanda23: Successfully filled 9 block(s)]
[18:39:45] [Server thread/INFO]: [FxxkingPanda23: Changed the block at -800, 45, 832]
[18:39:45] [Server thread/INFO]: [FxxkingPanda23: Successfully filled 9 block(s)]
[18:39:45] [Server thread/INFO]: [FxxkingPanda23: Changed the block at -800, 47, 832]
[18:39:45] [Server thread/INFO]: [FxxkingPanda23: Successfully filled 12 block(s)]
[18:39:45] [Server thread/INFO]: [FxxkingPanda23: Changed the block at -800, 49, 832]
[18:39:45] [Server thread/INFO]: [FxxkingPanda23: Successfully filled 11 block(s)]
[18:39:45] [Server thread/INFO]: [FxxkingPanda23: Changed the block at -800, 51, 832]
[18:39:45] [Server thread/INFO]: [FxxkingPanda23: Successfully filled 9 block(s)]
[18:39:45] [Server thread/INFO]: [FxxkingPanda23: Changed the block at -800, 53, 832]
[18:39:45] [Server thread/INFO]: [FxxkingPanda23: Successfully filled 9 block(s)]
[18:39:45] [Server thread/INFO]: [FxxkingPanda23: Changed the block at -800, 55, 832]
[18:39:45] [Server thread/INFO]: [FxxkingPanda23: Successfully filled 9 block(s)]
[18:39:45] [Server thread/INFO]: [FxxkingPanda23: Changed the block at -800, 57, 832]
[18:39:45] [Server thread/INFO]: [FxxkingPanda23: Successfully filled 9 block(s)]
[18:39:45] [Server thread/INFO]: [FxxkingPanda23: Changed the block at -800, 59, 832]
[18:39:45] [Server thread/INFO]: [FxxkingPanda23: Successfully filled 9 block(s)]
[18:39:45] [Server thread/INFO]: [FxxkingPanda23: Changed the block at -800, 61, 832]
[18:39:45] [Server thread/INFO]: [FxxkingPanda23: Successfully filled 2 block(s)]
[18:39:45] [Server thread/INFO]: [FxxkingPanda23: Changed the block at -800, 11, 833]
[18:39:45] [Server thread/INFO]: [FxxkingPanda23: Successfully filled 17 block(s)]
[18:39:45] [Server thread/INFO]: [FxxkingPanda23: Successfully filled 16 block(s)]
[18:39:45] [Server thread/INFO]: [FxxkingPanda23: Successfully filled 16 block(s)]
[18:39:45] [Server thread/INFO]: [FxxkingPanda23: Successfully filled 16 block(s)]
[18:39:45] [Server thread/INFO]: [FxxkingPanda23: Successfully filled 6 block(s)]
[18:39:45] [Server thread/INFO]: [FxxkingPanda23: Successfully filled 6 block(s)]
[18:39:45] [Server thread/INFO]: [FxxkingPanda23: Successfully filled 6 block(s)]
[18:39:45] [Server thread/INFO]: [FxxkingPanda23: Successfully filled 6 block(s)]
[18:39:45] [Server thread/INFO]: [FxxkingPanda23: Successfully filled 6 block(s)]
[18:39:45] [Server thread/INFO]: [FxxkingPanda23: Successfully filled 6 block(s)]
[18:39:45] [Server thread/INFO]: [FxxkingPanda23: Successfully filled 6 block(s)]
[18:39:45] [Server thread/INFO]: [FxxkingPanda23: Successfully filled 9 block(s)]
[18:39:45] [Server thread/INFO]: [FxxkingPanda23: Successfully filled 8 block(s)]
[18:39:45] [Server thread/INFO]: [FxxkingPanda23: Successfully filled 6 block(s)]
[18:39:45] [Server thread/INFO]: [FxxkingPanda23: Successfully filled 6 block(s)]
[18:39:45] [Server thread/INFO]: [FxxkingPanda23: Successfully filled 6 block(s)]
[18:39:45] [Server thread/INFO]: [FxxkingPanda23: Successfully filled 6 block(s)]
[18:39:45] [Server thread/INFO]: [FxxkingPanda23: Successfully filled 3 block(s)]
[18:39:45] [Server thread/INFO]: [FxxkingPanda23: Changed the block at -800, 62, 833]
[18:39:45] [Server thread/INFO]: [FxxkingPanda23: Successfully filled 84 block(s)]
[18:39:45] [Server thread/INFO]: [FxxkingPanda23: Successfully filled 80 block(s)]
[18:39:45] [Server thread/INFO]: [FxxkingPanda23: Successfully filled 6 block(s)]
[18:39:45] [Server thread/INFO]: [FxxkingPanda23: Successfully filled 11 block(s)]
[18:39:45] [Server thread/INFO]: [FxxkingPanda23: Successfully filled 4 block(s)]
[18:39:45] [Server thread/INFO]: [FxxkingPanda23: Successfully filled 8 block(s)]
[18:39:45] [Server thread/INFO]: [FxxkingPanda23: Successfully filled 2 block(s)]
[18:39:45] [Server thread/INFO]: [FxxkingPanda23: Successfully filled 2 block(s)]
[18:39:45] [Server thread/INFO]: [FxxkingPanda23: Changed the block at -800, 19, 835]
[18:39:45] [Server thread/INFO]: [FxxkingPanda23: Successfully filled 2 block(s)]
[18:39:45] [Server thread/INFO]: [FxxkingPanda23: Changed the block at -800, 61, 835]
[18:39:45] [Server thread/INFO]: [FxxkingPanda23: Changed the block at -800, 62, 835]
[18:39:45] [Server thread/INFO]: [FxxkingPanda23: Successfully filled 2 block(s)]
[18:39:45] [Server thread/INFO]: [FxxkingPanda23: Successfully filled 7 block(s)]
[18:39:45] [Server thread/INFO]: [FxxkingPanda23: Changed the block at -800, 28, 836]
[18:39:45] [Server thread/INFO]: [FxxkingPanda23: Successfully filled 7 block(s)]
[18:39:45] [Server thread/INFO]: [FxxkingPanda23: Successfully filled 2 block(s)]
[18:39:45] [Server thread/INFO]: [FxxkingPanda23: Successfully filled 36 block(s)]
[18:39:45] [Server thread/INFO]: [FxxkingPanda23: Successfully filled 9 block(s)]
[18:39:45] [Server thread/INFO]: [FxxkingPanda23: Successfully filled 9 block(s)]
[18:39:45] [Server thread/INFO]: [FxxkingPanda23: Successfully filled 24 block(s)]
[18:39:45] [Server thread/INFO]: [FxxkingPanda23: Successfully filled 3 block(s)]
[18:39:45] [Server thread/INFO]: [FxxkingPanda23: Successfully filled 2 block(s)]
[18:39:45] [Server thread/INFO]: [FxxkingPanda23: Successfully filled 3 block(s)]
[18:39:45] [Server thread/INFO]: [FxxkingPanda23: Successfully filled 2 block(s)]
[18:39:45] [Server thread/INFO]: [FxxkingPanda23: Successfully filled 3 block(s)]
[18:39:45] [Server thread/INFO]: [FxxkingPanda23: Successfully filled 3 block(s)]
[18:39:45] [Server thread/INFO]: [FxxkingPanda23: Successfully filled 3 block(s)]
[18:39:45] [Server thread/INFO]: [FxxkingPanda23: Successfully filled 2 block(s)]
[18:39:45] [Server thread/INFO]: [FxxkingPanda23: Successfully filled 2 block(s)]
[18:39:45] [Server thread/INFO]: [FxxkingPanda23: Successfully filled 2 block(s)]
[18:39:45] [Server thread/INFO]: [FxxkingPanda23: Successfully filled 2 block(s)]
[18:39:45] [Server thread/INFO]: [FxxkingPanda23: Successfully filled 2 block(s)]
[18:39:45] [Server thread/INFO]: [FxxkingPanda23: Successfully filled 2 block(s)]
[18:39:45] [Server thread/INFO]: [FxxkingPanda23: Successfully filled 2 block(s)]
[18:39:45] [Server thread/INFO]: [FxxkingPanda23: Successfully filled 2 block(s)]
[18:39:45] [Server thread/INFO]: [FxxkingPanda23: Successfully filled 2 block(s)]
[18:39:45] [Server thread/INFO]: [FxxkingPanda23: Successfully filled 2 block(s)]
[18:39:45] [Server thread/INFO]: [FxxkingPanda23: Successfully filled 2 block(s)]
[18:39:45] [Server thread/INFO]: [FxxkingPanda23: Successfully filled 2 block(s)]
[18:39:45] [Server thread/INFO]: [FxxkingPanda23: Successfully filled 2 block(s)]
[18:39:45] [Server thread/INFO]: [FxxkingPanda23: Successfully filled 2 block(s)]
[18:39:45] [Server thread/INFO]: [FxxkingPanda23: Successfully filled 9 block(s)]
[18:39:45] [Server thread/INFO]: [FxxkingPanda23: Successfully filled 15 block(s)]
[18:39:45] [Server thread/INFO]: [FxxkingPanda23: Successfully filled 3 block(s)]
[18:39:45] [Server thread/INFO]: [FxxkingPanda23: Successfully filled 3 block(s)]
[18:39:45] [Server thread/INFO]: [FxxkingPanda23: Successfully filled 3 block(s)]
[18:39:45] [Server thread/INFO]: [FxxkingPanda23: Successfully filled 3 block(s)]
[18:39:45] [Server thread/INFO]: [FxxkingPanda23: Changed the block at -799, 28, 833]
[18:39:45] [Server thread/INFO]: [FxxkingPanda23: Successfully filled 2 block(s)]
[18:39:45] [Server thread/INFO]: [FxxkingPanda23: Successfully filled 4 block(s)]
[18:39:45] [Server thread/INFO]: [FxxkingPanda23: Changed the block at -799, 28, 836]
[18:39:45] [Server thread/INFO]: [FxxkingPanda23: Successfully filled 11 block(s)]
[18:39:45] [Server thread/INFO]: [FxxkingPanda23: Successfully filled 9 block(s)]
[18:39:45] [Server thread/INFO]: [FxxkingPanda23: Successfully filled 9 block(s)]
[18:39:45] [Server thread/INFO]: [FxxkingPanda23: Successfully filled 4 block(s)]
[18:39:45] [Server thread/INFO]: [FxxkingPanda23: Successfully filled 2 block(s)]
[18:39:45] [Server thread/INFO]: [FxxkingPanda23: Changed the block at -798, 62, 832]
[18:39:45] [Server thread/INFO]: [FxxkingPanda23: Successfully filled 4 block(s)]
[18:39:45] [Server thread/INFO]: [FxxkingPanda23: Changed the block at -798, 28, 833]
[18:39:45] [Server thread/INFO]: [FxxkingPanda23: Changed the block at -798, 28, 836]
[18:39:45] [Server thread/INFO]: [FxxkingPanda23: Successfully filled 9 block(s)]
[18:39:45] [Server thread/INFO]: [FxxkingPanda23: Successfully filled 27 block(s)]
[18:39:45] [Server thread/INFO]: [FxxkingPanda23: Successfully filled 9 block(s)]
[18:39:45] [Server thread/INFO]: [FxxkingPanda23: Changed the block at -797, 27, 832]
[18:39:45] [Server thread/INFO]: [FxxkingPanda23: Changed the block at -797, 28, 832]
[18:39:45] [Server thread/INFO]: [FxxkingPanda23: Changed the block at -797, 28, 833]
[18:39:45] [Server thread/INFO]: [FxxkingPanda23: Changed the block at -797, 28, 836]
[18:39:45] [Server thread/INFO]: [FxxkingPanda23: Successfully filled 9 block(s)]
[18:39:45] [Server thread/INFO]: [FxxkingPanda23: Successfully filled 2 block(s)]
[18:39:45] [Server thread/INFO]: [FxxkingPanda23: Successfully filled 16 block(s)]
[18:39:45] [Server thread/INFO]: [FxxkingPanda23: Successfully filled 2 block(s)]
[18:39:45] [Server thread/INFO]: [FxxkingPanda23: Successfully filled 4 block(s)]
[18:39:45] [Server thread/INFO]: [FxxkingPanda23: Successfully filled 3 block(s)]
[18:39:45] [Server thread/INFO]: [FxxkingPanda23: Successfully filled 2 block(s)]
[18:39:45] [Server thread/INFO]: [FxxkingPanda23: Changed the block at -796, 28, 836]
[18:39:45] [Server thread/INFO]: [FxxkingPanda23: Successfully filled 3 block(s)]
[18:39:45] [Server thread/INFO]: [FxxkingPanda23: Successfully filled 9 block(s)]
[18:39:45] [Server thread/INFO]: [FxxkingPanda23: Successfully filled 9 block(s)]
[18:39:45] [Server thread/INFO]: [FxxkingPanda23: Successfully filled 2 block(s)]
[18:39:45] [Server thread/INFO]: [FxxkingPanda23: Successfully filled 2 block(s)]
[18:39:45] [Server thread/INFO]: [FxxkingPanda23: Successfully filled 2 block(s)]
[18:39:45] [Server thread/INFO]: [FxxkingPanda23: Successfully filled 4 block(s)]
[18:39:45] [Server thread/INFO]: [FxxkingPanda23: Successfully filled 11 block(s)]
[18:39:45] [Server thread/INFO]: [FxxkingPanda23: Changed the block at -795, 26, 834]
[18:39:45] [Server thread/INFO]: [FxxkingPanda23: Successfully filled 2 block(s)]
[18:39:45] [Server thread/INFO]: [FxxkingPanda23: Successfully filled 2 block(s)]
[18:39:45] [Server thread/INFO]: [FxxkingPanda23: Successfully filled 4 block(s)]
[18:39:45] [Server thread/INFO]: [FxxkingPanda23: Changed the block at -795, 24, 836]
[18:39:45] [Server thread/INFO]: [FxxkingPanda23: Changed the block at -795, 28, 836]
[18:39:45] [Server thread/INFO]: [FxxkingPanda23: Successfully filled 9 block(s)]
[18:39:45] [Server thread/INFO]: [FxxkingPanda23: Changed the block at -795, 21, 839]
[18:39:45] [Server thread/INFO]: [FxxkingPanda23: Successfully filled 8 block(s)]
[18:39:45] [Server thread/INFO]: [FxxkingPanda23: Successfully filled 10 block(s)]
[18:39:45] [Server thread/INFO]: [FxxkingPanda23: Successfully filled 10 block(s)]
[18:39:45] [Server thread/INFO]: [FxxkingPanda23: Successfully filled 10 block(s)]
[18:39:45] [Server thread/INFO]: [FxxkingPanda23: Successfully filled 4 block(s)]
[18:39:45] [Server thread/INFO]: [FxxkingPanda23: Changed the block at -794, 28, 832]
[18:39:45] [Server thread/INFO]: [FxxkingPanda23: Successfully filled 4 block(s)]
[18:39:45] [Server thread/INFO]: [FxxkingPanda23: Successfully filled 10 block(s)]
[18:39:45] [Server thread/INFO]: [FxxkingPanda23: Successfully filled 10 block(s)]
[18:39:45] [Server thread/INFO]: [FxxkingPanda23: Changed the block at -794, 28, 833]
[18:39:45] [Server thread/INFO]: [FxxkingPanda23: Successfully filled 10 block(s)]
[18:39:45] [Server thread/INFO]: [FxxkingPanda23: Successfully filled 10 block(s)]
[18:39:45] [Server thread/INFO]: [FxxkingPanda23: Changed the block at -794, 24, 834]
[18:39:45] [Server thread/INFO]: [FxxkingPanda23: Successfully filled 3 block(s)]
[18:39:45] [Server thread/INFO]: [FxxkingPanda23: Changed the block at -794, 26, 834]
[18:39:45] [Server thread/INFO]: [FxxkingPanda23: Changed the block at -794, 28, 834]
[18:39:45] [Server thread/INFO]: [FxxkingPanda23: Successfully filled 10 block(s)]
[18:39:45] [Server thread/INFO]: [FxxkingPanda23: Successfully filled 30 block(s)]
[18:39:45] [Server thread/INFO]: [FxxkingPanda23: Changed the block at -794, 22, 835]
[18:39:45] [Server thread/INFO]: [FxxkingPanda23: Changed the block at -794, 28, 835]
[18:39:45] [Server thread/INFO]: [FxxkingPanda23: Successfully filled 10 block(s)]
[18:39:45] [Server thread/INFO]: [FxxkingPanda23: Changed the block at -794, 22, 836]
[18:39:45] [Server thread/INFO]: [FxxkingPanda23: Changed the block at -794, 28, 836]
[18:39:45] [Server thread/INFO]: [FxxkingPanda23: Successfully filled 10 block(s)]
[18:39:45] [Server thread/INFO]: [FxxkingPanda23: Successfully filled 10 block(s)]
[18:39:45] [Server thread/INFO]: [FxxkingPanda23: Changed the block at -794, 22, 837]
[18:39:45] [Server thread/INFO]: [FxxkingPanda23: Successfully filled 10 block(s)]
[18:39:45] [Server thread/INFO]: [FxxkingPanda23: Changed the block at -794, 21, 838]
[18:39:45] [Server thread/INFO]: [FxxkingPanda23: Successfully filled 3 block(s)]
[18:39:45] [Server thread/INFO]: [FxxkingPanda23: Changed the block at -793, 26, 834]
[18:39:46] [Server thread/INFO]: [FxxkingPanda23: Changed the block at -793, 27, 834]
[18:39:46] [Server thread/INFO]: [FxxkingPanda23: Successfully filled 9 block(s)]
[18:39:46] [Server thread/INFO]: [FxxkingPanda23: Successfully filled 4 block(s)]
[18:39:46] [Server thread/INFO]: [FxxkingPanda23: Changed the block at -793, 22, 836]
[18:39:46] [Server thread/INFO]: [FxxkingPanda23: Changed the block at -793, 28, 836]
[18:39:46] [Server thread/INFO]: [FxxkingPanda23: Changed the block at -793, 22, 837]
[18:39:46] [Server thread/INFO]: [FxxkingPanda23: Successfully filled 9 block(s)]
[18:39:46] [Server thread/INFO]: [FxxkingPanda23: Successfully filled 2 block(s)]
[18:39:46] [Server thread/INFO]: [FxxkingPanda23: Successfully filled 2 block(s)]
[18:39:46] [Server thread/INFO]: [FxxkingPanda23: Changed the block at -792, 28, 832]
[18:39:46] [Server thread/INFO]: [FxxkingPanda23: Successfully filled 2 block(s)]
[18:39:46] [Server thread/INFO]: [FxxkingPanda23: Changed the block at -792, 28, 833]
[18:39:46] [Server thread/INFO]: [FxxkingPanda23: Changed the block at -792, 26, 834]
[18:39:46] [Server thread/INFO]: [FxxkingPanda23: Changed the block at -792, 28, 834]
[18:39:46] [Server thread/INFO]: [FxxkingPanda23: Changed the block at -792, 22, 836]
[18:39:46] [Server thread/INFO]: [FxxkingPanda23: Successfully filled 8 block(s)]
[18:39:46] [Server thread/INFO]: [FxxkingPanda23: Successfully filled 3 block(s)]
[18:39:46] [Server thread/INFO]: [FxxkingPanda23: Successfully filled 2 block(s)]
[18:39:46] [Server thread/INFO]: [FxxkingPanda23: Successfully filled 7 block(s)]
[18:39:46] [Server thread/INFO]: [FxxkingPanda23: Successfully filled 2 block(s)]
[18:39:46] [Server thread/INFO]: [FxxkingPanda23: Successfully filled 2 block(s)]
[18:39:46] [Server thread/INFO]: [FxxkingPanda23: Summoned new Minecart with Hopper]
[18:39:46] [Server thread/INFO]: [FxxkingPanda23: Summoned new Minecart with Hopper]
[18:39:46] [Server thread/INFO]: [FxxkingPanda23: Summoned new Minecart with Hopper]
[18:39:46] [Server thread/INFO]: [FxxkingPanda23: Summoned new Minecart with Hopper]
[18:39:46] [Server thread/INFO]: [FxxkingPanda23: Summoned new Minecart with Hopper]
[18:39:46] [Server thread/INFO]: [FxxkingPanda23: Summoned new Minecart with Hopper]
[18:39:46] [Server thread/INFO]: [FxxkingPanda23: Summoned new Minecart with Hopper]
[18:39:46] [Server thread/INFO]: [FxxkingPanda23: Summoned new Minecart with Hopper]
[18:39:46] [Server thread/INFO]: [FxxkingPanda23: Summoned new Minecart with Hopper]
[18:39:46] [Server thread/INFO]: [FxxkingPanda23: Summoned new Minecart with Hopper]
[18:39:46] [Server thread/INFO]: [FxxkingPanda23: Successfully filled 91 block(s)]
[18:39:46] [Server thread/INFO]: [FxxkingPanda23: Successfully filled 13 block(s)]
[18:39:46] [Server thread/INFO]: [FxxkingPanda23: Successfully filled 13 block(s)]
[18:39:46] [Server thread/INFO]: [FxxkingPanda23: Successfully filled 13 block(s)]
[18:39:46] [Server thread/INFO]: [FxxkingPanda23: Successfully filled 13 block(s)]
[18:39:46] [Server thread/INFO]: [FxxkingPanda23: Successfully filled 13 block(s)]
[18:39:46] [Server thread/INFO]: [FxxkingPanda23: Successfully filled 13 block(s)]
[18:39:46] [Server thread/INFO]: [FxxkingPanda23: Successfully filled 13 block(s)]
[18:39:46] [Server thread/INFO]: [FxxkingPanda23: Successfully filled 14 block(s)]
[18:39:46] [Server thread/INFO]: [FxxkingPanda23: Successfully filled 13 block(s)]
[18:39:46] [Server thread/INFO]: [FxxkingPanda23: Successfully filled 39 block(s)]
[18:39:46] [Server thread/INFO]: [FxxkingPanda23: Successfully filled 13 block(s)]
[18:39:46] [Server thread/INFO]: [FxxkingPanda23: Successfully filled 13 block(s)]
[18:39:46] [Server thread/INFO]: [FxxkingPanda23: Successfully filled 24 block(s)]
[18:39:46] [Server thread/INFO]: [FxxkingPanda23: Successfully filled 13 block(s)]
[18:39:46] [Server thread/INFO]: [FxxkingPanda23: Successfully filled 13 block(s)]
[18:39:46] [Server thread/INFO]: [FxxkingPanda23: Successfully filled 13 block(s)]
[18:39:46] [Server thread/INFO]: [FxxkingPanda23: Successfully filled 12 block(s)]
[18:39:46] [Server thread/INFO]: [FxxkingPanda23: Successfully filled 2 block(s)]
[18:39:46] [Server thread/INFO]: [FxxkingPanda23: Successfully filled 2 block(s)]
[18:39:46] [Server thread/INFO]: [FxxkingPanda23: Successfully filled 2 block(s)]
[18:39:46] [Server thread/INFO]: [FxxkingPanda23: Successfully filled 2 block(s)]
[18:39:46] [Server thread/INFO]: [FxxkingPanda23: Successfully filled 2 block(s)]
[18:39:46] [Server thread/INFO]: [FxxkingPanda23: Changed the block at -772, 21, 838]
[18:39:46] [Server thread/INFO]: [FxxkingPanda23: Successfully filled 3 block(s)]
[18:39:46] [Server thread/INFO]: [FxxkingPanda23: Successfully filled 56 block(s)]
[18:39:46] [Server thread/INFO]: [FxxkingPanda23: Successfully filled 14 block(s)]
[18:39:46] [Server thread/INFO]: [FxxkingPanda23: Successfully filled 14 block(s)]
[18:39:46] [Server thread/INFO]: [FxxkingPanda23: Changed the block at -800, 23, 863]
[18:39:46] [Server thread/INFO]: [FxxkingPanda23: Successfully filled 14 block(s)]
[18:39:46] [Server thread/INFO]: [FxxkingPanda23: Successfully filled 14 block(s)]
[18:39:46] [Server thread/INFO]: [FxxkingPanda23: Successfully filled 16 block(s)]
[18:39:46] [Server thread/INFO]: [FxxkingPanda23: Successfully filled 14 block(s)]
[18:39:46] [Server thread/INFO]: [FxxkingPanda23: Successfully filled 42 block(s)]
[18:39:46] [Server thread/INFO]: [FxxkingPanda23: Successfully filled 14 block(s)]
[18:39:46] [Server thread/INFO]: [FxxkingPanda23: Successfully filled 14 block(s)]
[18:39:46] [Server thread/INFO]: [FxxkingPanda23: Successfully filled 26 block(s)]
[18:39:46] [Server thread/INFO]: [FxxkingPanda23: Successfully filled 2 block(s)]
[18:39:46] [Server thread/INFO]: [FxxkingPanda23: Successfully filled 14 block(s)]
[18:39:46] [Server thread/INFO]: [FxxkingPanda23: Successfully filled 14 block(s)]
[18:39:46] [Server thread/INFO]: [FxxkingPanda23: Successfully filled 14 block(s)]
[18:39:46] [Server thread/INFO]: [FxxkingPanda23: Successfully filled 13 block(s)]
[18:39:46] [Server thread/INFO]: [FxxkingPanda23: Changed the block at -795, 21, 861]
[18:39:46] [Server thread/INFO]: [FxxkingPanda23: Successfully filled 2 block(s)]
[18:39:46] [Server thread/INFO]: [FxxkingPanda23: Successfully filled 2 block(s)]
[18:39:46] [Server thread/INFO]: [FxxkingPanda23: Successfully filled 10 block(s)]
[18:39:46] [Server thread/INFO]: [FxxkingPanda23: Successfully filled 112 block(s)]
[18:39:46] [Server thread/INFO]: [FxxkingPanda23: Successfully filled 84 block(s)]
[18:39:46] [Server thread/INFO]: [FxxkingPanda23: Successfully filled 48 block(s)]
[18:39:46] [Server thread/INFO]: [FxxkingPanda23: Successfully filled 4 block(s)]
[18:39:46] [Server thread/INFO]: [FxxkingPanda23: Successfully filled 12 block(s)]
[18:39:46] [Server thread/INFO]: [FxxkingPanda23: Successfully filled 9 block(s)]
[18:39:46] [Server thread/INFO]: [FxxkingPanda23: Changed the block at -800, 28, 818]
[18:39:46] [Server thread/INFO]: [FxxkingPanda23: Successfully filled 16 block(s)]
[18:39:46] [Server thread/INFO]: [FxxkingPanda23: Successfully filled 9 block(s)]
[18:39:46] [Server thread/INFO]: [FxxkingPanda23: Successfully filled 6 block(s)]
[18:39:46] [Server thread/INFO]: [FxxkingPanda23: Successfully filled 9 block(s)]
[18:39:46] [Server thread/INFO]: [FxxkingPanda23: Successfully filled 6 block(s)]
[18:39:46] [Server thread/INFO]: [FxxkingPanda23: Successfully filled 9 block(s)]
[18:39:46] [Server thread/INFO]: [FxxkingPanda23: Successfully filled 6 block(s)]
[18:39:46] [Server thread/INFO]: [FxxkingPanda23: Successfully filled 9 block(s)]
[18:39:46] [Server thread/INFO]: [FxxkingPanda23: Successfully filled 6 block(s)]
[18:39:46] [Server thread/INFO]: [FxxkingPanda23: Successfully filled 9 block(s)]
[18:39:46] [Server thread/INFO]: [FxxkingPanda23: Successfully filled 6 block(s)]
[18:39:46] [Server thread/INFO]: [FxxkingPanda23: Successfully filled 9 block(s)]
[18:39:46] [Server thread/INFO]: [FxxkingPanda23: Successfully filled 6 block(s)]
[18:39:46] [Server thread/INFO]: [FxxkingPanda23: Successfully filled 9 block(s)]
[18:39:46] [Server thread/INFO]: [FxxkingPanda23: Successfully filled 6 block(s)]
[18:39:46] [Server thread/INFO]: [FxxkingPanda23: Successfully filled 9 block(s)]
[18:39:46] [Server thread/INFO]: [FxxkingPanda23: Successfully filled 6 block(s)]
[18:39:46] [Server thread/INFO]: [FxxkingPanda23: Successfully filled 9 block(s)]
[18:39:46] [Server thread/INFO]: [FxxkingPanda23: Successfully filled 6 block(s)]
[18:39:46] [Server thread/INFO]: [FxxkingPanda23: Successfully filled 9 block(s)]
[18:39:46] [Server thread/INFO]: [FxxkingPanda23: Successfully filled 6 block(s)]
[18:39:46] [Server thread/INFO]: [FxxkingPanda23: Successfully filled 9 block(s)]
[18:39:46] [Server thread/INFO]: [FxxkingPanda23: Successfully filled 6 block(s)]
[18:39:46] [Server thread/INFO]: [FxxkingPanda23: Successfully filled 9 block(s)]
[18:39:46] [Server thread/INFO]: [FxxkingPanda23: Successfully filled 6 block(s)]
[18:39:46] [Server thread/INFO]: [FxxkingPanda23: Successfully filled 9 block(s)]
[18:39:46] [Server thread/INFO]: [FxxkingPanda23: Successfully filled 6 block(s)]
[18:39:46] [Server thread/INFO]: [FxxkingPanda23: Successfully filled 9 block(s)]
[18:39:46] [Server thread/INFO]: [FxxkingPanda23: Successfully filled 6 block(s)]
[18:39:46] [Server thread/INFO]: [FxxkingPanda23: Successfully filled 9 block(s)]
[18:39:46] [Server thread/INFO]: [FxxkingPanda23: Successfully filled 6 block(s)]
[18:39:46] [Server thread/INFO]: [FxxkingPanda23: Successfully filled 9 block(s)]
[18:39:46] [Server thread/INFO]: [FxxkingPanda23: Successfully filled 16 block(s)]
[18:39:46] [Server thread/INFO]: [FxxkingPanda23: Changed the block at -800, 61, 819]
[18:39:46] [Server thread/INFO]: [FxxkingPanda23: Changed the block at -800, 62, 819]
[18:39:46] [Server thread/INFO]: [FxxkingPanda23: Successfully filled 12 block(s)]
[18:39:46] [Server thread/INFO]: [FxxkingPanda23: Successfully filled 4 block(s)]
[18:39:46] [Server thread/INFO]: [FxxkingPanda23: Successfully filled 2 block(s)]
[18:39:46] [Server thread/INFO]: [FxxkingPanda23: Successfully filled 2 block(s)]
[18:39:46] [Server thread/INFO]: [FxxkingPanda23: Changed the block at -800, 11, 821]
[18:39:46] [Server thread/INFO]: [FxxkingPanda23: Successfully filled 17 block(s)]
[18:39:46] [Server thread/INFO]: [FxxkingPanda23: Successfully filled 3 block(s)]
[18:39:46] [Server thread/INFO]: [FxxkingPanda23: Changed the block at -800, 62, 821]
[18:39:46] [Server thread/INFO]: [FxxkingPanda23: Changed the block at -800, 11, 822]
[18:39:46] [Server thread/INFO]: [FxxkingPanda23: Changed the block at -800, 12, 822]
[18:39:46] [Server thread/INFO]: [FxxkingPanda23: Successfully filled 2 block(s)]
[18:39:46] [Server thread/INFO]: [FxxkingPanda23: Successfully filled 120 block(s)]
[18:39:46] [Server thread/INFO]: [FxxkingPanda23: Successfully filled 32 block(s)]
[18:39:46] [Server thread/INFO]: [FxxkingPanda23: Successfully filled 5 block(s)]
[18:39:46] [Server thread/INFO]: [FxxkingPanda23: Successfully filled 12 block(s)]
[18:39:46] [Server thread/INFO]: [FxxkingPanda23: Changed the block at -800, 27, 822]
[18:39:46] [Server thread/INFO]: [FxxkingPanda23: Successfully filled 3 block(s)]
[18:39:46] [Server thread/INFO]: [FxxkingPanda23: Changed the block at -800, 29, 822]
[18:39:46] [Server thread/INFO]: [FxxkingPanda23: Changed the block at -800, 31, 822]
[18:39:46] [Server thread/INFO]: [FxxkingPanda23: Changed the block at -800, 33, 822]
[18:39:46] [Server thread/INFO]: [FxxkingPanda23: Changed the block at -800, 35, 822]
[18:39:46] [Server thread/INFO]: [FxxkingPanda23: Changed the block at -800, 37, 822]
[18:39:46] [Server thread/INFO]: [FxxkingPanda23: Changed the block at -800, 39, 822]
[18:39:46] [Server thread/INFO]: [FxxkingPanda23: Changed the block at -800, 41, 822]
[18:39:46] [Server thread/INFO]: [FxxkingPanda23: Changed the block at -800, 43, 822]
[18:39:46] [Server thread/INFO]: [FxxkingPanda23: Changed the block at -800, 45, 822]
[18:39:46] [Server thread/INFO]: [FxxkingPanda23: Changed the block at -800, 47, 822]
[18:39:46] [Server thread/INFO]: [FxxkingPanda23: Changed the block at -800, 49, 822]
[18:39:46] [Server thread/INFO]: [FxxkingPanda23: Changed the block at -800, 51, 822]
[18:39:46] [Server thread/INFO]: [FxxkingPanda23: Changed the block at -800, 53, 822]
[18:39:46] [Server thread/INFO]: [FxxkingPanda23: Changed the block at -800, 55, 822]
[18:39:46] [Server thread/INFO]: [FxxkingPanda23: Changed the block at -800, 57, 822]
[18:39:46] [Server thread/INFO]: [FxxkingPanda23: Changed the block at -800, 59, 822]
[18:39:46] [Server thread/INFO]: [FxxkingPanda23: Changed the block at -800, 61, 822]
[18:39:46] [Server thread/INFO]: [FxxkingPanda23: Successfully filled 2 block(s)]
[18:39:46] [Server thread/INFO]: [FxxkingPanda23: Successfully filled 144 block(s)]
[18:39:46] [Server thread/INFO]: [FxxkingPanda23: Changed the block at -800, 18, 824]
[18:39:46] [Server thread/INFO]: [FxxkingPanda23: Successfully filled 16 block(s)]
[18:39:46] [Server thread/INFO]: [FxxkingPanda23: Successfully filled 16 block(s)]
[18:39:46] [Server thread/INFO]: [FxxkingPanda23: Changed the block at -800, 18, 827]
[18:39:46] [Server thread/INFO]: [FxxkingPanda23: Successfully filled 16 block(s)]
[18:39:46] [Server thread/INFO]: [FxxkingPanda23: Successfully filled 16 block(s)]
[18:39:46] [Server thread/INFO]: [FxxkingPanda23: Changed the block at -800, 18, 830]
[18:39:46] [Server thread/INFO]: [FxxkingPanda23: Successfully filled 16 block(s)]
[18:39:46] [Server thread/INFO]: [FxxkingPanda23: Changed the block at -799, 23, 816]
[18:39:46] [Server thread/INFO]: [FxxkingPanda23: Successfully filled 12 block(s)]
[18:39:46] [Server thread/INFO]: [FxxkingPanda23: Successfully filled 6 block(s)]
[18:39:46] [Server thread/INFO]: [FxxkingPanda23: Changed the block at -799, 28, 818]
[18:39:46] [Server thread/INFO]: [FxxkingPanda23: Successfully filled 24 block(s)]
[18:39:46] [Server thread/INFO]: [FxxkingPanda23: Successfully filled 9 block(s)]
[18:39:46] [Server thread/INFO]: [FxxkingPanda23: Successfully filled 15 block(s)]
[18:39:46] [Server thread/INFO]: [FxxkingPanda23: Successfully filled 3 block(s)]
[18:39:46] [Server thread/INFO]: [FxxkingPanda23: Successfully filled 2 block(s)]
[18:39:46] [Server thread/INFO]: [FxxkingPanda23: Successfully filled 2 block(s)]
[18:39:46] [Server thread/INFO]: [FxxkingPanda23: Successfully filled 6 block(s)]
[18:39:46] [Server thread/INFO]: [FxxkingPanda23: Successfully filled 3 block(s)]
[18:39:46] [Server thread/INFO]: [FxxkingPanda23: Changed the block at -799, 28, 821]
[18:39:46] [Server thread/INFO]: [FxxkingPanda23: Successfully filled 2 block(s)]
[18:39:46] [Server thread/INFO]: [FxxkingPanda23: Successfully filled 3 block(s)]
[18:39:46] [Server thread/INFO]: [FxxkingPanda23: Successfully filled 3 block(s)]
[18:39:46] [Server thread/INFO]: [FxxkingPanda23: Successfully filled 6 block(s)]
[18:39:46] [Server thread/INFO]: [FxxkingPanda23: Successfully filled 3 block(s)]
[18:39:46] [Server thread/INFO]: [FxxkingPanda23: Successfully filled 8 block(s)]
[18:39:46] [Server thread/INFO]: [FxxkingPanda23: Successfully filled 2 block(s)]
[18:39:46] [Server thread/INFO]: [FxxkingPanda23: Successfully filled 8 block(s)]
[18:39:46] [Server thread/INFO]: [FxxkingPanda23: Successfully filled 2 block(s)]
[18:39:46] [Server thread/INFO]: [FxxkingPanda23: Successfully filled 8 block(s)]
[18:39:46] [Server thread/INFO]: [FxxkingPanda23: Successfully filled 2 block(s)]
[18:39:46] [Server thread/INFO]: [FxxkingPanda23: Successfully filled 8 block(s)]
[18:39:46] [Server thread/INFO]: [FxxkingPanda23: Successfully filled 2 block(s)]
[18:39:46] [Server thread/INFO]: [FxxkingPanda23: Successfully filled 8 block(s)]
[18:39:46] [Server thread/INFO]: [FxxkingPanda23: Successfully filled 2 block(s)]
[18:39:46] [Server thread/INFO]: [FxxkingPanda23: Successfully filled 8 block(s)]
[18:39:46] [Server thread/INFO]: [FxxkingPanda23: Successfully filled 2 block(s)]
[18:39:46] [Server thread/INFO]: [FxxkingPanda23: Successfully filled 8 block(s)]
[18:39:46] [Server thread/INFO]: [FxxkingPanda23: Successfully filled 2 block(s)]
[18:39:46] [Server thread/INFO]: [FxxkingPanda23: Successfully filled 8 block(s)]
[18:39:46] [Server thread/INFO]: [FxxkingPanda23: Successfully filled 2 block(s)]
[18:39:46] [Server thread/INFO]: [FxxkingPanda23: Changed the block at -799, 21, 823]
[18:39:46] [Server thread/INFO]: [FxxkingPanda23: Successfully filled 2 block(s)]
[18:39:46] [Server thread/INFO]: [FxxkingPanda23: Successfully filled 3 block(s)]
[18:39:46] [Server thread/INFO]: [FxxkingPanda23: Successfully filled 12 block(s)]
[18:39:46] [Server thread/INFO]: [FxxkingPanda23: Successfully filled 4 block(s)]
[18:39:46] [Server thread/INFO]: [FxxkingPanda23: Successfully filled 2 block(s)]
[18:39:46] [Server thread/INFO]: [FxxkingPanda23: Successfully filled 6 block(s)]
[18:39:46] [Server thread/INFO]: [FxxkingPanda23: Successfully filled 6 block(s)]
[18:39:46] [Server thread/INFO]: [FxxkingPanda23: Successfully filled 2 block(s)]
[18:39:46] [Server thread/INFO]: [FxxkingPanda23: Successfully filled 6 block(s)]
[18:39:46] [Server thread/INFO]: [FxxkingPanda23: Successfully filled 6 block(s)]
[18:39:46] [Server thread/INFO]: [FxxkingPanda23: Successfully filled 2 block(s)]
[18:39:46] [Server thread/INFO]: [FxxkingPanda23: Successfully filled 6 block(s)]
[18:39:46] [Server thread/INFO]: [FxxkingPanda23: Successfully filled 6 block(s)]
[18:39:46] [Server thread/INFO]: [FxxkingPanda23: Successfully filled 2 block(s)]
[18:39:46] [Server thread/INFO]: [FxxkingPanda23: Successfully filled 6 block(s)]
[18:39:46] [Server thread/INFO]: [FxxkingPanda23: Successfully filled 6 block(s)]
[18:39:46] [Server thread/INFO]: [FxxkingPanda23: Successfully filled 2 block(s)]
[18:39:46] [Server thread/INFO]: [FxxkingPanda23: Successfully filled 6 block(s)]
[18:39:46] [Server thread/INFO]: [FxxkingPanda23: Successfully filled 6 block(s)]
[18:39:46] [Server thread/INFO]: [FxxkingPanda23: Successfully filled 2 block(s)]
[18:39:46] [Server thread/INFO]: [FxxkingPanda23: Successfully filled 6 block(s)]
[18:39:46] [Server thread/INFO]: [FxxkingPanda23: Successfully filled 6 block(s)]
[18:39:46] [Server thread/INFO]: [FxxkingPanda23: Successfully filled 2 block(s)]
[18:39:46] [Server thread/INFO]: [FxxkingPanda23: Successfully filled 6 block(s)]
[18:39:46] [Server thread/INFO]: [FxxkingPanda23: Successfully filled 6 block(s)]
[18:39:46] [Server thread/INFO]: [FxxkingPanda23: Changed the block at -799, 57, 823]
[18:39:46] [Server thread/INFO]: [FxxkingPanda23: Successfully filled 6 block(s)]
[18:39:46] [Server thread/INFO]: [FxxkingPanda23: Successfully filled 6 block(s)]
[18:39:46] [Server thread/INFO]: [FxxkingPanda23: Successfully filled 2 block(s)]
[18:39:46] [Server thread/INFO]: [FxxkingPanda23: Changed the block at -799, 62, 823]
[18:39:46] [Server thread/INFO]: [FxxkingPanda23: Changed the block at -799, 18, 824]
[18:39:46] [Server thread/INFO]: [FxxkingPanda23: Changed the block at -799, 23, 824]
[18:39:46] [Server thread/INFO]: [FxxkingPanda23: Changed the block at -799, 24, 824]
[18:39:46] [Server thread/INFO]: [FxxkingPanda23: Changed the block at -799, 57, 824]
[18:39:46] [Server thread/INFO]: [FxxkingPanda23: Successfully filled 2 block(s)]
[18:39:46] [Server thread/INFO]: [FxxkingPanda23: Changed the block at -799, 24, 825]
[18:39:46] [Server thread/INFO]: [FxxkingPanda23: Successfully filled 15 block(s)]
[18:39:46] [Server thread/INFO]: [FxxkingPanda23: Changed the block at -799, 25, 826]
[18:39:46] [Server thread/INFO]: [FxxkingPanda23: Successfully filled 15 block(s)]
[18:39:46] [Server thread/INFO]: [FxxkingPanda23: Changed the block at -799, 25, 828]
[18:39:46] [Server thread/INFO]: [FxxkingPanda23: Changed the block at -799, 24, 829]
[18:39:46] [Server thread/INFO]: [FxxkingPanda23: Successfully filled 15 block(s)]
[18:39:46] [Server thread/INFO]: [FxxkingPanda23: Changed the block at -799, 18, 830]
[18:39:46] [Server thread/INFO]: [FxxkingPanda23: Changed the block at -799, 23, 830]
[18:39:46] [Server thread/INFO]: [FxxkingPanda23: Changed the block at -799, 24, 830]
[18:39:46] [Server thread/INFO]: [FxxkingPanda23: Successfully filled 12 block(s)]
[18:39:46] [Server thread/INFO]: [FxxkingPanda23: Successfully filled 8 block(s)]
[18:39:46] [Server thread/INFO]: [FxxkingPanda23: Successfully filled 2 block(s)]
[18:39:46] [Server thread/INFO]: [FxxkingPanda23: Successfully filled 18 block(s)]
[18:39:46] [Server thread/INFO]: [FxxkingPanda23: Successfully filled 2 block(s)]
[18:39:46] [Server thread/INFO]: [FxxkingPanda23: Successfully filled 18 block(s)]
[18:39:46] [Server thread/INFO]: [FxxkingPanda23: Successfully filled 2 block(s)]
[18:39:46] [Server thread/INFO]: [FxxkingPanda23: Successfully filled 18 block(s)]
[18:39:46] [Server thread/INFO]: [FxxkingPanda23: Successfully filled 2 block(s)]
[18:39:46] [Server thread/INFO]: [FxxkingPanda23: Successfully filled 18 block(s)]
[18:39:46] [Server thread/INFO]: [FxxkingPanda23: Successfully filled 2 block(s)]
[18:39:46] [Server thread/INFO]: [FxxkingPanda23: Successfully filled 18 block(s)]
[18:39:46] [Server thread/INFO]: [FxxkingPanda23: Successfully filled 2 block(s)]
[18:39:46] [Server thread/INFO]: [FxxkingPanda23: Successfully filled 18 block(s)]
[18:39:46] [Server thread/INFO]: [FxxkingPanda23: Successfully filled 2 block(s)]
[18:39:46] [Server thread/INFO]: [FxxkingPanda23: Successfully filled 18 block(s)]
[18:39:46] [Server thread/INFO]: [FxxkingPanda23: Successfully filled 2 block(s)]
[18:39:46] [Server thread/INFO]: [FxxkingPanda23: Successfully filled 18 block(s)]
[18:39:46] [Server thread/INFO]: [FxxkingPanda23: Successfully filled 2 block(s)]
[18:39:46] [Server thread/INFO]: [FxxkingPanda23: Successfully filled 2 block(s)]
[18:39:46] [Server thread/INFO]: [FxxkingPanda23: Changed the block at -799, 21, 831]
[18:39:46] [Server thread/INFO]: [FxxkingPanda23: Successfully filled 2 block(s)]
[18:39:46] [Server thread/INFO]: [FxxkingPanda23: Successfully filled 3 block(s)]
[18:39:46] [Server thread/INFO]: [FxxkingPanda23: Changed the block at -799, 62, 831]
[18:39:46] [Server thread/INFO]: [FxxkingPanda23: Changed the block at -798, 23, 816]
[18:39:46] [Server thread/INFO]: [FxxkingPanda23: Changed the block at -798, 23, 817]
[18:39:46] [Server thread/INFO]: [FxxkingPanda23: Changed the block at -798, 28, 818]
[18:39:46] [Server thread/INFO]: [FxxkingPanda23: Successfully filled 4 block(s)]
[18:39:46] [Server thread/INFO]: [FxxkingPanda23: Changed the block at -798, 28, 821]
[18:39:46] [Server thread/INFO]: [FxxkingPanda23: Successfully filled 4 block(s)]
[18:39:46] [Server thread/INFO]: [FxxkingPanda23: Successfully filled 2 block(s)]
[18:39:46] [Server thread/INFO]: [FxxkingPanda23: Changed the block at -798, 62, 822]
[18:39:46] [Server thread/INFO]: [FxxkingPanda23: Successfully filled 2 block(s)]
[18:39:46] [Server thread/INFO]: [FxxkingPanda23: Changed the block at -798, 22, 823]
[18:39:46] [Server thread/INFO]: [FxxkingPanda23: Successfully filled 2 block(s)]
[18:39:46] [Server thread/INFO]: [FxxkingPanda23: Successfully filled 4 block(s)]
[18:39:46] [Server thread/INFO]: [FxxkingPanda23: Successfully filled 4 block(s)]
[18:39:46] [Server thread/INFO]: [FxxkingPanda23: Successfully filled 4 block(s)]
[18:39:46] [Server thread/INFO]: [FxxkingPanda23: Successfully filled 4 block(s)]
[18:39:46] [Server thread/INFO]: [FxxkingPanda23: Successfully filled 4 block(s)]
[18:39:46] [Server thread/INFO]: [FxxkingPanda23: Successfully filled 4 block(s)]
[18:39:46] [Server thread/INFO]: [FxxkingPanda23: Successfully filled 4 block(s)]
[18:39:46] [Server thread/INFO]: [FxxkingPanda23: Successfully filled 4 block(s)]
[18:39:46] [Server thread/INFO]: [FxxkingPanda23: Successfully filled 4 block(s)]
[18:39:46] [Server thread/INFO]: [FxxkingPanda23: Successfully filled 2 block(s)]
[18:39:46] [Server thread/INFO]: [FxxkingPanda23: Successfully filled 3 block(s)]
[18:39:46] [Server thread/INFO]: [FxxkingPanda23: Successfully filled 2 block(s)]
[18:39:46] [Server thread/INFO]: [FxxkingPanda23: Successfully filled 2 block(s)]
[18:39:46] [Server thread/INFO]: [FxxkingPanda23: Successfully filled 2 block(s)]
[18:39:46] [Server thread/INFO]: [FxxkingPanda23: Successfully filled 5 block(s)]
[18:39:46] [Server thread/INFO]: [FxxkingPanda23: Successfully filled 2 block(s)]
[18:39:46] [Server thread/INFO]: [FxxkingPanda23: Changed the block at -798, 28, 825]
[18:39:46] [Server thread/INFO]: [FxxkingPanda23: Successfully filled 2 block(s)]
[18:39:46] [Server thread/INFO]: [FxxkingPanda23: Successfully filled 4 block(s)]
[18:39:46] [Server thread/INFO]: [FxxkingPanda23: Successfully filled 2 block(s)]
[18:39:46] [Server thread/INFO]: [FxxkingPanda23: Successfully filled 4 block(s)]
[18:39:46] [Server thread/INFO]: [FxxkingPanda23: Successfully filled 2 block(s)]
[18:39:46] [Server thread/INFO]: [FxxkingPanda23: Successfully filled 4 block(s)]
[18:39:46] [Server thread/INFO]: [FxxkingPanda23: Successfully filled 2 block(s)]
[18:39:46] [Server thread/INFO]: [FxxkingPanda23: Successfully filled 4 block(s)]
[18:39:46] [Server thread/INFO]: [FxxkingPanda23: Successfully filled 2 block(s)]
[18:39:46] [Server thread/INFO]: [FxxkingPanda23: Successfully filled 4 block(s)]
[18:39:46] [Server thread/INFO]: [FxxkingPanda23: Successfully filled 2 block(s)]
[18:39:46] [Server thread/INFO]: [FxxkingPanda23: Successfully filled 4 block(s)]
[18:39:46] [Server thread/INFO]: [FxxkingPanda23: Successfully filled 2 block(s)]
[18:39:46] [Server thread/INFO]: [FxxkingPanda23: Successfully filled 4 block(s)]
[18:39:46] [Server thread/INFO]: [FxxkingPanda23: Successfully filled 2 block(s)]
[18:39:46] [Server thread/INFO]: [FxxkingPanda23: Successfully filled 4 block(s)]
[18:39:46] [Server thread/INFO]: [FxxkingPanda23: Successfully filled 2 block(s)]
[18:39:46] [Server thread/INFO]: [FxxkingPanda23: Successfully filled 4 block(s)]
[18:39:46] [Server thread/INFO]: [FxxkingPanda23: Successfully filled 4 block(s)]
[18:39:46] [Server thread/INFO]: [FxxkingPanda23: Successfully filled 2 block(s)]
[18:39:46] [Server thread/INFO]: [FxxkingPanda23: Successfully filled 4 block(s)]
[18:39:46] [Server thread/INFO]: [FxxkingPanda23: Successfully filled 2 block(s)]
[18:39:46] [Server thread/INFO]: [FxxkingPanda23: Successfully filled 4 block(s)]
[18:39:46] [Server thread/INFO]: [FxxkingPanda23: Successfully filled 2 block(s)]
[18:39:46] [Server thread/INFO]: [FxxkingPanda23: Successfully filled 4 block(s)]
[18:39:46] [Server thread/INFO]: [FxxkingPanda23: Successfully filled 2 block(s)]
[18:39:46] [Server thread/INFO]: [FxxkingPanda23: Successfully filled 4 block(s)]
[18:39:46] [Server thread/INFO]: [FxxkingPanda23: Successfully filled 2 block(s)]
[18:39:46] [Server thread/INFO]: [FxxkingPanda23: Successfully filled 4 block(s)]
[18:39:46] [Server thread/INFO]: [FxxkingPanda23: Successfully filled 2 block(s)]
[18:39:46] [Server thread/INFO]: [FxxkingPanda23: Successfully filled 4 block(s)]
[18:39:46] [Server thread/INFO]: [FxxkingPanda23: Successfully filled 2 block(s)]
[18:39:46] [Server thread/INFO]: [FxxkingPanda23: Successfully filled 2 block(s)]
[18:39:46] [Server thread/INFO]: [FxxkingPanda23: Successfully filled 2 block(s)]
[18:39:46] [Server thread/INFO]: [FxxkingPanda23: Changed the block at -798, 31, 826]
[18:39:46] [Server thread/INFO]: [FxxkingPanda23: Changed the block at -798, 35, 826]
[18:39:46] [Server thread/INFO]: [FxxkingPanda23: Changed the block at -798, 39, 826]
[18:39:46] [Server thread/INFO]: [FxxkingPanda23: Changed the block at -798, 43, 826]
[18:39:46] [Server thread/INFO]: [FxxkingPanda23: Changed the block at -798, 46, 826]
[18:39:46] [Server thread/INFO]: [FxxkingPanda23: Changed the block at -798, 47, 826]
[18:39:46] [Server thread/INFO]: [FxxkingPanda23: Changed the block at -798, 51, 826]
[18:39:46] [Server thread/INFO]: [FxxkingPanda23: Changed the block at -798, 55, 826]
[18:39:46] [Server thread/INFO]: [FxxkingPanda23: Changed the block at -798, 59, 826]
[18:39:46] [Server thread/INFO]: [FxxkingPanda23: Successfully filled 35 block(s)]
[18:39:46] [Server thread/INFO]: [FxxkingPanda23: Changed the block at -798, 62, 827]
[18:39:46] [Server thread/INFO]: [FxxkingPanda23: Successfully filled 4 block(s)]
[18:39:46] [Server thread/INFO]: [FxxkingPanda23: Successfully filled 2 block(s)]
[18:39:46] [Server thread/INFO]: [FxxkingPanda23: Successfully filled 4 block(s)]
[18:39:46] [Server thread/INFO]: [FxxkingPanda23: Changed the block at -798, 31, 828]
[18:39:46] [Server thread/INFO]: [FxxkingPanda23: Successfully filled 4 block(s)]
[18:39:46] [Server thread/INFO]: [FxxkingPanda23: Successfully filled 2 block(s)]
[18:39:46] [Server thread/INFO]: [FxxkingPanda23: Successfully filled 4 block(s)]
[18:39:46] [Server thread/INFO]: [FxxkingPanda23: Changed the block at -798, 35, 828]
[18:39:46] [Server thread/INFO]: [FxxkingPanda23: Successfully filled 4 block(s)]
[18:39:46] [Server thread/INFO]: [FxxkingPanda23: Successfully filled 2 block(s)]
[18:39:46] [Server thread/INFO]: [FxxkingPanda23: Successfully filled 4 block(s)]
[18:39:46] [Server thread/INFO]: [FxxkingPanda23: Changed the block at -798, 39, 828]
[18:39:46] [Server thread/INFO]: [FxxkingPanda23: Successfully filled 4 block(s)]
[18:39:46] [Server thread/INFO]: [FxxkingPanda23: Successfully filled 2 block(s)]
[18:39:46] [Server thread/INFO]: [FxxkingPanda23: Successfully filled 4 block(s)]
[18:39:46] [Server thread/INFO]: [FxxkingPanda23: Changed the block at -798, 43, 828]
[18:39:46] [Server thread/INFO]: [FxxkingPanda23: Successfully filled 4 block(s)]
[18:39:46] [Server thread/INFO]: [FxxkingPanda23: Successfully filled 2 block(s)]
[18:39:46] [Server thread/INFO]: [FxxkingPanda23: Successfully filled 2 block(s)]
[18:39:46] [Server thread/INFO]: [FxxkingPanda23: Changed the block at -798, 47, 828]
[18:39:46] [Server thread/INFO]: [FxxkingPanda23: Changed the block at -798, 48, 828]
[18:39:46] [Server thread/INFO]: [FxxkingPanda23: Successfully filled 2 block(s)]
[18:39:46] [Server thread/INFO]: [FxxkingPanda23: Successfully filled 4 block(s)]
[18:39:46] [Server thread/INFO]: [FxxkingPanda23: Changed the block at -798, 51, 828]
[18:39:46] [Server thread/INFO]: [FxxkingPanda23: Successfully filled 4 block(s)]
[18:39:46] [Server thread/INFO]: [FxxkingPanda23: Successfully filled 2 block(s)]
[18:39:46] [Server thread/INFO]: [FxxkingPanda23: Successfully filled 4 block(s)]
[18:39:46] [Server thread/INFO]: [FxxkingPanda23: Changed the block at -798, 55, 828]
[18:39:46] [Server thread/INFO]: [FxxkingPanda23: Successfully filled 4 block(s)]
[18:39:46] [Server thread/INFO]: [FxxkingPanda23: Successfully filled 2 block(s)]
[18:39:46] [Server thread/INFO]: [FxxkingPanda23: Successfully filled 4 block(s)]
[18:39:46] [Server thread/INFO]: [FxxkingPanda23: Changed the block at -798, 59, 828]
[18:39:46] [Server thread/INFO]: [FxxkingPanda23: Successfully filled 4 block(s)]
[18:39:46] [Server thread/INFO]: [FxxkingPanda23: Successfully filled 2 block(s)]
[18:39:46] [Server thread/INFO]: [FxxkingPanda23: Successfully filled 2 block(s)]
[18:39:46] [Server thread/INFO]: [FxxkingPanda23: Successfully filled 2 block(s)]
[18:39:46] [Server thread/INFO]: [FxxkingPanda23: Successfully filled 2 block(s)]
[18:39:46] [Server thread/INFO]: [FxxkingPanda23: Successfully filled 2 block(s)]
[18:39:46] [Server thread/INFO]: [FxxkingPanda23: Successfully filled 2 block(s)]
[18:39:46] [Server thread/INFO]: [FxxkingPanda23: Successfully filled 2 block(s)]
[18:39:46] [Server thread/INFO]: [FxxkingPanda23: Changed the block at -798, 47, 829]
[18:39:46] [Server thread/INFO]: [FxxkingPanda23: Successfully filled 2 block(s)]
[18:39:46] [Server thread/INFO]: [FxxkingPanda23: Successfully filled 2 block(s)]
[18:39:46] [Server thread/INFO]: [FxxkingPanda23: Successfully filled 2 block(s)]
[18:39:46] [Server thread/INFO]: [FxxkingPanda23: Successfully filled 2 block(s)]
[18:39:46] [Server thread/INFO]: [FxxkingPanda23: Successfully filled 3 block(s)]
[18:39:46] [Server thread/INFO]: [FxxkingPanda23: Successfully filled 2 block(s)]
[18:39:46] [Server thread/INFO]: [FxxkingPanda23: Successfully filled 2 block(s)]
[18:39:46] [Server thread/INFO]: [FxxkingPanda23: Successfully filled 4 block(s)]
[18:39:46] [Server thread/INFO]: [FxxkingPanda23: Successfully filled 4 block(s)]
[18:39:46] [Server thread/INFO]: [FxxkingPanda23: Successfully filled 4 block(s)]
[18:39:46] [Server thread/INFO]: [FxxkingPanda23: Successfully filled 4 block(s)]
[18:39:46] [Server thread/INFO]: [FxxkingPanda23: Successfully filled 4 block(s)]
[18:39:46] [Server thread/INFO]: [FxxkingPanda23: Successfully filled 4 block(s)]
[18:39:46] [Server thread/INFO]: [FxxkingPanda23: Successfully filled 4 block(s)]
[18:39:46] [Server thread/INFO]: [FxxkingPanda23: Successfully filled 4 block(s)]
[18:39:46] [Server thread/INFO]: [FxxkingPanda23: Successfully filled 4 block(s)]
[18:39:46] [Server thread/INFO]: [FxxkingPanda23: Successfully filled 2 block(s)]
[18:39:46] [Server thread/INFO]: [FxxkingPanda23: Changed the block at -798, 22, 831]
[18:39:46] [Server thread/INFO]: [FxxkingPanda23: Successfully filled 2 block(s)]
[18:39:46] [Server thread/INFO]: [FxxkingPanda23: Successfully filled 2 block(s)]
[18:39:46] [Server thread/INFO]: [FxxkingPanda23: Changed the block at -797, 23, 817]
[18:39:46] [Server thread/INFO]: [FxxkingPanda23: Changed the block at -797, 23, 818]
[18:39:46] [Server thread/INFO]: [FxxkingPanda23: Changed the block at -797, 28, 818]
[18:39:46] [Server thread/INFO]: [FxxkingPanda23: Changed the block at -797, 28, 821]
[18:39:46] [Server thread/INFO]: [FxxkingPanda23: Successfully filled 3 block(s)]
[18:39:46] [Server thread/INFO]: [FxxkingPanda23: Changed the block at -797, 28, 822]
[18:39:46] [Server thread/INFO]: [FxxkingPanda23: Changed the block at -797, 22, 823]
[18:39:46] [Server thread/INFO]: [FxxkingPanda23: Changed the block at -797, 28, 823]
[18:39:46] [Server thread/INFO]: [FxxkingPanda23: Changed the block at -797, 28, 824]
[18:39:46] [Server thread/INFO]: [FxxkingPanda23: Successfully filled 3 block(s)]
[18:39:46] [Server thread/INFO]: [FxxkingPanda23: Changed the block at -797, 26, 825]
[18:39:46] [Server thread/INFO]: [FxxkingPanda23: Successfully filled 6 block(s)]
[18:39:46] [Server thread/INFO]: [FxxkingPanda23: Changed the block at -797, 28, 825]
[18:39:46] [Server thread/INFO]: [FxxkingPanda23: Successfully filled 5 block(s)]
[18:39:46] [Server thread/INFO]: [FxxkingPanda23: Successfully filled 5 block(s)]
[18:39:46] [Server thread/INFO]: [FxxkingPanda23: Successfully filled 5 block(s)]
[18:39:46] [Server thread/INFO]: [FxxkingPanda23: Successfully filled 5 block(s)]
[18:39:46] [Server thread/INFO]: [FxxkingPanda23: Changed the block at -797, 45, 825]
[18:39:46] [Server thread/INFO]: [FxxkingPanda23: Successfully filled 5 block(s)]
[18:39:46] [Server thread/INFO]: [FxxkingPanda23: Successfully filled 5 block(s)]
[18:39:46] [Server thread/INFO]: [FxxkingPanda23: Successfully filled 5 block(s)]
[18:39:46] [Server thread/INFO]: [FxxkingPanda23: Successfully filled 5 block(s)]
[18:39:46] [Server thread/INFO]: [FxxkingPanda23: Changed the block at -797, 26, 826]
[18:39:46] [Server thread/INFO]: [FxxkingPanda23: Successfully filled 3 block(s)]
[18:39:46] [Server thread/INFO]: [FxxkingPanda23: Successfully filled 3 block(s)]
[18:39:46] [Server thread/INFO]: [FxxkingPanda23: Successfully filled 3 block(s)]
[18:39:46] [Server thread/INFO]: [FxxkingPanda23: Successfully filled 3 block(s)]
[18:39:46] [Server thread/INFO]: [FxxkingPanda23: Successfully filled 3 block(s)]
[18:39:46] [Server thread/INFO]: [FxxkingPanda23: Successfully filled 3 block(s)]
[18:39:46] [Server thread/INFO]: [FxxkingPanda23: Successfully filled 3 block(s)]
[18:39:46] [Server thread/INFO]: [FxxkingPanda23: Changed the block at -797, 26, 827]
[18:39:46] [Server thread/INFO]: [FxxkingPanda23: Successfully filled 6 block(s)]
[18:39:46] [Server thread/INFO]: [FxxkingPanda23: Changed the block at -797, 28, 827]
[18:39:46] [Server thread/INFO]: [FxxkingPanda23: Changed the block at -797, 30, 827]
[18:39:46] [Server thread/INFO]: [FxxkingPanda23: Changed the block at -797, 32, 827]
[18:39:46] [Server thread/INFO]: [FxxkingPanda23: Changed the block at -797, 34, 827]
[18:39:46] [Server thread/INFO]: [FxxkingPanda23: Changed the block at -797, 36, 827]
[18:39:46] [Server thread/INFO]: [FxxkingPanda23: Changed the block at -797, 38, 827]
[18:39:46] [Server thread/INFO]: [FxxkingPanda23: Changed the block at -797, 40, 827]
[18:39:46] [Server thread/INFO]: [FxxkingPanda23: Changed the block at -797, 42, 827]
[18:39:46] [Server thread/INFO]: [FxxkingPanda23: Changed the block at -797, 44, 827]
[18:39:46] [Server thread/INFO]: [FxxkingPanda23: Changed the block at -797, 50, 827]
[18:39:46] [Server thread/INFO]: [FxxkingPanda23: Changed the block at -797, 52, 827]
[18:39:46] [Server thread/INFO]: [FxxkingPanda23: Changed the block at -797, 54, 827]
[18:39:46] [Server thread/INFO]: [FxxkingPanda23: Changed the block at -797, 56, 827]
[18:39:46] [Server thread/INFO]: [FxxkingPanda23: Changed the block at -797, 58, 827]
[18:39:46] [Server thread/INFO]: [FxxkingPanda23: Changed the block at -797, 60, 827]
[18:39:46] [Server thread/INFO]: [FxxkingPanda23: Changed the block at -797, 62, 827]
[18:39:46] [Server thread/INFO]: [FxxkingPanda23: Changed the block at -797, 26, 828]
[18:39:46] [Server thread/INFO]: [FxxkingPanda23: Changed the block at -797, 27, 828]
[18:39:46] [Server thread/INFO]: [FxxkingPanda23: Changed the block at -797, 28, 828]
[18:39:46] [Server thread/INFO]: [FxxkingPanda23: Successfully filled 3 block(s)]
[18:39:46] [Server thread/INFO]: [FxxkingPanda23: Changed the block at -797, 26, 829]
[18:39:46] [Server thread/INFO]: [FxxkingPanda23: Successfully filled 4 block(s)]
[18:39:46] [Server thread/INFO]: [FxxkingPanda23: Changed the block at -797, 28, 829]
[18:39:46] [Server thread/INFO]: [FxxkingPanda23: Changed the block at -797, 45, 829]
[18:39:46] [Server thread/INFO]: [FxxkingPanda23: Successfully filled 2 block(s)]
[18:39:46] [Server thread/INFO]: [FxxkingPanda23: Changed the block at -797, 28, 830]
[18:39:46] [Server thread/INFO]: [FxxkingPanda23: Changed the block at -797, 22, 831]
[18:39:46] [Server thread/INFO]: [FxxkingPanda23: Changed the block at -797, 28, 831]
[18:39:46] [Server thread/INFO]: [FxxkingPanda23: Changed the block at -796, 23, 818]
[18:39:46] [Server thread/INFO]: [FxxkingPanda23: Changed the block at -796, 28, 818]
[18:39:46] [Server thread/INFO]: [FxxkingPanda23: Successfully filled 5 block(s)]
[18:39:46] [Server thread/INFO]: [FxxkingPanda23: Changed the block at -796, 23, 819]
[18:39:46] [Server thread/INFO]: [FxxkingPanda23: Successfully filled 4 block(s)]
[18:39:46] [Server thread/INFO]: [FxxkingPanda23: Successfully filled 3 block(s)]
[18:39:46] [Server thread/INFO]: [FxxkingPanda23: Successfully filled 2 block(s)]
[18:39:46] [Server thread/INFO]: [FxxkingPanda23: Changed the block at -796, 21, 823]
[18:39:46] [Server thread/INFO]: [FxxkingPanda23: Successfully filled 2 block(s)]
[18:39:46] [Server thread/INFO]: [FxxkingPanda23: Changed the block at -796, 23, 824]
[18:39:46] [Server thread/INFO]: [FxxkingPanda23: Changed the block at -796, 24, 824]
[18:39:46] [Server thread/INFO]: [FxxkingPanda23: Successfully filled 4 block(s)]
[18:39:46] [Server thread/INFO]: [FxxkingPanda23: Changed the block at -796, 24, 825]
[18:39:46] [Server thread/INFO]: [FxxkingPanda23: Changed the block at -796, 28, 825]
[18:39:46] [Server thread/INFO]: [FxxkingPanda23: Changed the block at -796, 25, 826]
[18:39:46] [Server thread/INFO]: [FxxkingPanda23: Changed the block at -796, 26, 826]
[18:39:46] [Server thread/INFO]: [FxxkingPanda23: Successfully filled 4 block(s)]
[18:39:46] [Server thread/INFO]: [FxxkingPanda23: Changed the block at -796, 23, 827]
[18:39:46] [Server thread/INFO]: [FxxkingPanda23: Changed the block at -796, 24, 827]
[18:39:46] [Server thread/INFO]: [FxxkingPanda23: Changed the block at -796, 25, 827]
[18:39:46] [Server thread/INFO]: [FxxkingPanda23: Changed the block at -796, 26, 827]
[18:39:46] [Server thread/INFO]: [FxxkingPanda23: Changed the block at -796, 28, 827]
[18:39:46] [Server thread/INFO]: [FxxkingPanda23: Successfully filled 5 block(s)]
[18:39:46] [Server thread/INFO]: [FxxkingPanda23: Changed the block at -796, 25, 828]
[18:39:46] [Server thread/INFO]: [FxxkingPanda23: Changed the block at -796, 26, 828]
[18:39:46] [Server thread/INFO]: [FxxkingPanda23: Successfully filled 4 block(s)]
[18:39:46] [Server thread/INFO]: [FxxkingPanda23: Changed the block at -796, 24, 829]
[18:39:46] [Server thread/INFO]: [FxxkingPanda23: Changed the block at -796, 28, 829]
[18:39:46] [Server thread/INFO]: [FxxkingPanda23: Successfully filled 3 block(s)]
[18:39:46] [Server thread/INFO]: [FxxkingPanda23: Changed the block at -796, 23, 830]
[18:39:46] [Server thread/INFO]: [FxxkingPanda23: Changed the block at -796, 24, 830]
[18:39:46] [Server thread/INFO]: [FxxkingPanda23: Successfully filled 4 block(s)]
[18:39:46] [Server thread/INFO]: [FxxkingPanda23: Changed the block at -796, 21, 831]
[18:39:46] [Server thread/INFO]: [FxxkingPanda23: Successfully filled 2 block(s)]
[18:39:46] [Server thread/INFO]: [FxxkingPanda23: Changed the block at -795, 28, 818]
[18:39:46] [Server thread/INFO]: [FxxkingPanda23: Changed the block at -795, 23, 819]
[18:39:46] [Server thread/INFO]: [FxxkingPanda23: Changed the block at -795, 23, 820]
[18:39:46] [Server thread/INFO]: [FxxkingPanda23: Successfully filled 2 block(s)]
[18:39:46] [Server thread/INFO]: [FxxkingPanda23: Successfully filled 2 block(s)]
[18:39:46] [Server thread/INFO]: [FxxkingPanda23: Successfully filled 2 block(s)]
[18:39:46] [Server thread/INFO]: [FxxkingPanda23: Changed the block at -795, 22, 823]
[18:39:46] [Server thread/INFO]: [FxxkingPanda23: Successfully filled 2 block(s)]
[18:39:46] [Server thread/INFO]: [FxxkingPanda23: Successfully filled 11 block(s)]
[18:39:46] [Server thread/INFO]: [FxxkingPanda23: Successfully filled 2 block(s)]
[18:39:46] [Server thread/INFO]: [FxxkingPanda23: Successfully filled 2 block(s)]
[18:39:46] [Server thread/INFO]: [FxxkingPanda23: Successfully filled 2 block(s)]
[18:39:46] [Server thread/INFO]: [FxxkingPanda23: Changed the block at -795, 28, 825]
[18:39:46] [Server thread/INFO]: [FxxkingPanda23: Changed the block at -795, 26, 826]
[18:39:46] [Server thread/INFO]: [FxxkingPanda23: Changed the block at -795, 26, 827]
[18:39:46] [Server thread/INFO]: [FxxkingPanda23: Changed the block at -795, 28, 827]
[18:39:46] [Server thread/INFO]: [FxxkingPanda23: Changed the block at -795, 26, 828]
[18:39:46] [Server thread/INFO]: [FxxkingPanda23: Successfully filled 2 block(s)]
[18:39:46] [Server thread/INFO]: [FxxkingPanda23: Changed the block at -795, 28, 829]
[18:39:46] [Server thread/INFO]: [FxxkingPanda23: Successfully filled 11 block(s)]
[18:39:46] [Server thread/INFO]: [FxxkingPanda23: Successfully filled 2 block(s)]
[18:39:46] [Server thread/INFO]: [FxxkingPanda23: Successfully filled 2 block(s)]
[18:39:46] [Server thread/INFO]: [FxxkingPanda23: Successfully filled 2 block(s)]
[18:39:46] [Server thread/INFO]: [FxxkingPanda23: Changed the block at -795, 22, 831]
[18:39:46] [Server thread/INFO]: [FxxkingPanda23: Successfully filled 2 block(s)]
[18:39:46] [Server thread/INFO]: [FxxkingPanda23: Successfully filled 10 block(s)]
[18:39:46] [Server thread/INFO]: [FxxkingPanda23: Changed the block at -794, 21, 816]
[18:39:46] [Server thread/INFO]: [FxxkingPanda23: Successfully filled 10 block(s)]
[18:39:46] [Server thread/INFO]: [FxxkingPanda23: Successfully filled 10 block(s)]
[18:39:46] [Server thread/INFO]: [FxxkingPanda23: Successfully filled 30 block(s)]
[18:39:46] [Server thread/INFO]: [FxxkingPanda23: Successfully filled 2 block(s)]
[18:39:46] [Server thread/INFO]: [FxxkingPanda23: Successfully filled 10 block(s)]
[18:39:46] [Server thread/INFO]: [FxxkingPanda23: Changed the block at -794, 28, 818]
[18:39:46] [Server thread/INFO]: [FxxkingPanda23: Successfully filled 10 block(s)]
[18:39:46] [Server thread/INFO]: [FxxkingPanda23: Successfully filled 10 block(s)]
[18:39:46] [Server thread/INFO]: [FxxkingPanda23: Successfully filled 10 block(s)]
[18:39:46] [Server thread/INFO]: [FxxkingPanda23: Successfully filled 10 block(s)]
[18:39:46] [Server thread/INFO]: [FxxkingPanda23: Successfully filled 10 block(s)]
[18:39:46] [Server thread/INFO]: [FxxkingPanda23: Successfully filled 10 block(s)]
[18:39:46] [Server thread/INFO]: [FxxkingPanda23: Successfully filled 10 block(s)]
[18:39:46] [Server thread/INFO]: [FxxkingPanda23: Successfully filled 10 block(s)]
[18:39:46] [Server thread/INFO]: [FxxkingPanda23: Successfully filled 10 block(s)]
[18:39:46] [Server thread/INFO]: [FxxkingPanda23: Successfully filled 10 block(s)]
[18:39:46] [Server thread/INFO]: [FxxkingPanda23: Successfully filled 10 block(s)]
[18:39:46] [Server thread/INFO]: [FxxkingPanda23: Successfully filled 10 block(s)]
[18:39:46] [Server thread/INFO]: [FxxkingPanda23: Changed the block at -794, 22, 823]
[18:39:46] [Server thread/INFO]: [FxxkingPanda23: Successfully filled 10 block(s)]
[18:39:46] [Server thread/INFO]: [FxxkingPanda23: Changed the block at -794, 28, 825]
[18:39:46] [Server thread/INFO]: [FxxkingPanda23: Changed the block at -794, 26, 826]
[18:39:46] [Server thread/INFO]: [FxxkingPanda23: Changed the block at -794, 26, 827]
[18:39:46] [Server thread/INFO]: [FxxkingPanda23: Changed the block at -794, 28, 827]
[18:39:46] [Server thread/INFO]: [FxxkingPanda23: Changed the block at -794, 26, 828]
[18:39:46] [Server thread/INFO]: [FxxkingPanda23: Changed the block at -794, 28, 829]
[18:39:46] [Server thread/INFO]: [FxxkingPanda23: Successfully filled 10 block(s)]
[18:39:46] [Server thread/INFO]: [FxxkingPanda23: Successfully filled 2 block(s)]
[18:39:46] [Server thread/INFO]: [FxxkingPanda23: Changed the block at -794, 28, 830]
[18:39:46] [Server thread/INFO]: [FxxkingPanda23: Successfully filled 2 block(s)]
[18:39:46] [Server thread/INFO]: [FxxkingPanda23: Successfully filled 10 block(s)]
[18:39:46] [Server thread/INFO]: [FxxkingPanda23: Successfully filled 10 block(s)]
[18:39:46] [Server thread/INFO]: [FxxkingPanda23: Changed the block at -794, 22, 831]
[18:39:46] [Server thread/INFO]: [FxxkingPanda23: Changed the block at -794, 28, 831]
[18:39:46] [Server thread/INFO]: [FxxkingPanda23: Successfully filled 9 block(s)]
[18:39:46] [Server thread/INFO]: [FxxkingPanda23: Successfully filled 18 block(s)]
[18:39:46] [Server thread/INFO]: [FxxkingPanda23: Changed the block at -793, 28, 818]
[18:39:46] [Server thread/INFO]: [FxxkingPanda23: Successfully filled 4 block(s)]
[18:39:46] [Server thread/INFO]: [FxxkingPanda23: Changed the block at -793, 21, 823]
[18:39:46] [Server thread/INFO]: [FxxkingPanda23: Successfully filled 2 block(s)]
[18:39:46] [Server thread/INFO]: [FxxkingPanda23: Changed the block at -793, 23, 824]
[18:39:46] [Server thread/INFO]: [FxxkingPanda23: Changed the block at -793, 24, 824]
[18:39:46] [Server thread/INFO]: [FxxkingPanda23: Changed the block at -793, 24, 825]
[18:39:46] [Server thread/INFO]: [FxxkingPanda23: Changed the block at -793, 28, 825]
[18:39:46] [Server thread/INFO]: [FxxkingPanda23: Changed the block at -793, 25, 826]
[18:39:46] [Server thread/INFO]: [FxxkingPanda23: Changed the block at -793, 26, 826]
[18:39:46] [Server thread/INFO]: [FxxkingPanda23: Changed the block at -793, 23, 827]
[18:39:46] [Server thread/INFO]: [FxxkingPanda23: Changed the block at -793, 24, 827]
[18:39:46] [Server thread/INFO]: [FxxkingPanda23: Changed the block at -793, 25, 827]
[18:39:46] [Server thread/INFO]: [FxxkingPanda23: Changed the block at -793, 26, 827]
[18:39:46] [Server thread/INFO]: [FxxkingPanda23: Changed the block at -793, 28, 827]
[18:39:46] [Server thread/INFO]: [FxxkingPanda23: Changed the block at -793, 25, 828]
[18:39:46] [Server thread/INFO]: [FxxkingPanda23: Changed the block at -793, 26, 828]
[18:39:46] [Server thread/INFO]: [FxxkingPanda23: Changed the block at -793, 24, 829]
[18:39:46] [Server thread/INFO]: [FxxkingPanda23: Successfully filled 3 block(s)]
[18:39:46] [Server thread/INFO]: [FxxkingPanda23: Changed the block at -793, 23, 830]
[18:39:46] [Server thread/INFO]: [FxxkingPanda23: Changed the block at -793, 24, 830]
[18:39:46] [Server thread/INFO]: [FxxkingPanda23: Changed the block at -793, 21, 831]
[18:39:46] [Server thread/INFO]: [FxxkingPanda23: Successfully filled 2 block(s)]
[18:39:46] [Server thread/INFO]: [FxxkingPanda23: Changed the block at -792, 28, 818]
[18:39:46] [Server thread/INFO]: [FxxkingPanda23: Successfully filled 6 block(s)]
[18:39:46] [Server thread/INFO]: [FxxkingPanda23: Changed the block at -792, 28, 819]
[18:39:46] [Server thread/INFO]: [FxxkingPanda23: Successfully filled 8 block(s)]
[18:39:46] [Server thread/INFO]: [FxxkingPanda23: Changed the block at -792, 28, 820]
[18:39:46] [Server thread/INFO]: [FxxkingPanda23: Changed the block at -792, 28, 821]
[18:39:46] [Server thread/INFO]: [FxxkingPanda23: Successfully filled 2 block(s)]
[18:39:46] [Server thread/INFO]: [FxxkingPanda23: Changed the block at -792, 28, 822]
[18:39:46] [Server thread/INFO]: [FxxkingPanda23: Successfully filled 2 block(s)]
[18:39:46] [Server thread/INFO]: [FxxkingPanda23: Changed the block at -792, 22, 823]
[18:39:46] [Server thread/INFO]: [FxxkingPanda23: Successfully filled 2 block(s)]
[18:39:46] [Server thread/INFO]: [FxxkingPanda23: Changed the block at -792, 28, 823]
[18:39:46] [Server thread/INFO]: [FxxkingPanda23: Successfully filled 2 block(s)]
[18:39:46] [Server thread/INFO]: [FxxkingPanda23: Successfully filled 2 block(s)]
[18:39:46] [Server thread/INFO]: [FxxkingPanda23: Changed the block at -792, 28, 824]
[18:39:46] [Server thread/INFO]: [FxxkingPanda23: Successfully filled 2 block(s)]
[18:39:46] [Server thread/INFO]: [FxxkingPanda23: Changed the block at -792, 28, 825]
[18:39:46] [Server thread/INFO]: [FxxkingPanda23: Changed the block at -792, 26, 826]
[18:39:46] [Server thread/INFO]: [FxxkingPanda23: Changed the block at -792, 27, 826]
[18:39:46] [Server thread/INFO]: [FxxkingPanda23: Changed the block at -792, 28, 826]
[18:39:46] [Server thread/INFO]: [FxxkingPanda23: Changed the block at -792, 26, 827]
[18:39:46] [Server thread/INFO]: [FxxkingPanda23: Changed the block at -792, 28, 827]
[18:39:46] [Server thread/INFO]: [FxxkingPanda23: Changed the block at -792, 26, 828]
[18:39:46] [Server thread/INFO]: [FxxkingPanda23: Successfully filled 4 block(s)]
[18:39:46] [Server thread/INFO]: [FxxkingPanda23: Changed the block at -792, 28, 828]
[18:39:46] [Server thread/INFO]: [FxxkingPanda23: Successfully filled 4 block(s)]
[18:39:46] [Server thread/INFO]: [FxxkingPanda23: Successfully filled 2 block(s)]
[18:39:46] [Server thread/INFO]: [FxxkingPanda23: Changed the block at -792, 28, 829]
[18:39:46] [Server thread/INFO]: [FxxkingPanda23: Successfully filled 2 block(s)]
[18:39:46] [Server thread/INFO]: [FxxkingPanda23: Successfully filled 2 block(s)]
[18:39:46] [Server thread/INFO]: [FxxkingPanda23: Changed the block at -792, 28, 830]
[18:39:46] [Server thread/INFO]: [FxxkingPanda23: Successfully filled 2 block(s)]
[18:39:46] [Server thread/INFO]: [FxxkingPanda23: Changed the block at -792, 22, 831]
[18:39:46] [Server thread/INFO]: [FxxkingPanda23: Successfully filled 2 block(s)]
[18:39:46] [Server thread/INFO]: [FxxkingPanda23: Changed the block at -792, 28, 831]
[18:39:46] [Server thread/INFO]: [FxxkingPanda23: Successfully filled 14 block(s)]
[18:39:46] [Server thread/INFO]: [FxxkingPanda23: Changed the block at -791, 22, 823]
[18:39:46] [Server thread/INFO]: [FxxkingPanda23: Changed the block at -791, 26, 826]
[18:39:46] [Server thread/INFO]: [FxxkingPanda23: Changed the block at -791, 26, 827]
[18:39:46] [Server thread/INFO]: [FxxkingPanda23: Changed the block at -791, 26, 828]
[18:39:46] [Server thread/INFO]: [FxxkingPanda23: Changed the block at -791, 22, 831]
[18:39:46] [Server thread/INFO]: [FxxkingPanda23: Changed the block at -790, 21, 823]
[18:39:46] [Server thread/INFO]: [FxxkingPanda23: Successfully filled 2 block(s)]
[18:39:46] [Server thread/INFO]: [FxxkingPanda23: Changed the block at -790, 23, 824]
[18:39:46] [Server thread/INFO]: [FxxkingPanda23: Changed the block at -790, 24, 824]
[18:39:46] [Server thread/INFO]: [FxxkingPanda23: Changed the block at -790, 24, 825]
[18:39:46] [Server thread/INFO]: [FxxkingPanda23: Changed the block at -790, 25, 826]
[18:39:46] [Server thread/INFO]: [FxxkingPanda23: Changed the block at -790, 26, 826]
[18:39:46] [Server thread/INFO]: [FxxkingPanda23: Changed the block at -790, 23, 827]
[18:39:46] [Server thread/INFO]: [FxxkingPanda23: Changed the block at -790, 24, 827]
[18:39:46] [Server thread/INFO]: [FxxkingPanda23: Changed the block at -790, 25, 827]
[18:39:46] [Server thread/INFO]: [FxxkingPanda23: Changed the block at -790, 26, 827]
[18:39:46] [Server thread/INFO]: [FxxkingPanda23: Changed the block at -790, 25, 828]
[18:39:46] [Server thread/INFO]: [FxxkingPanda23: Changed the block at -790, 26, 828]
[18:39:46] [Server thread/INFO]: [FxxkingPanda23: Changed the block at -790, 24, 829]
[18:39:46] [Server thread/INFO]: [FxxkingPanda23: Changed the block at -790, 23, 830]
[18:39:46] [Server thread/INFO]: [FxxkingPanda23: Changed the block at -790, 24, 830]
[18:39:46] [Server thread/INFO]: [FxxkingPanda23: Changed the block at -790, 21, 831]
[18:39:46] [Server thread/INFO]: [FxxkingPanda23: Successfully filled 2 block(s)]
[18:39:46] [Server thread/INFO]: [FxxkingPanda23: Successfully filled 2 block(s)]
[18:39:46] [Server thread/INFO]: [FxxkingPanda23: Successfully filled 2 block(s)]
[18:39:46] [Server thread/INFO]: [FxxkingPanda23: Changed the block at -789, 22, 823]
[18:39:46] [Server thread/INFO]: [FxxkingPanda23: Successfully filled 2 block(s)]
[18:39:46] [Server thread/INFO]: [FxxkingPanda23: Successfully filled 2 block(s)]
[18:39:46] [Server thread/INFO]: [FxxkingPanda23: Successfully filled 2 block(s)]
[18:39:46] [Server thread/INFO]: [FxxkingPanda23: Successfully filled 2 block(s)]
[18:39:46] [Server thread/INFO]: [FxxkingPanda23: Changed the block at -789, 26, 826]
[18:39:46] [Server thread/INFO]: [FxxkingPanda23: Changed the block at -789, 26, 827]
[18:39:46] [Server thread/INFO]: [FxxkingPanda23: Changed the block at -789, 26, 828]
[18:39:46] [Server thread/INFO]: [FxxkingPanda23: Successfully filled 2 block(s)]
[18:39:46] [Server thread/INFO]: [FxxkingPanda23: Successfully filled 2 block(s)]
[18:39:46] [Server thread/INFO]: [FxxkingPanda23: Successfully filled 2 block(s)]
[18:39:46] [Server thread/INFO]: [FxxkingPanda23: Successfully filled 2 block(s)]
[18:39:46] [Server thread/INFO]: [FxxkingPanda23: Changed the block at -789, 22, 831]
[18:39:46] [Server thread/INFO]: [FxxkingPanda23: Successfully filled 2 block(s)]
[18:39:46] [Server thread/INFO]: [FxxkingPanda23: Changed the block at -788, 22, 823]
[18:39:46] [Server thread/INFO]: [FxxkingPanda23: Changed the block at -788, 26, 826]
[18:39:46] [Server thread/INFO]: [FxxkingPanda23: Changed the block at -788, 26, 827]
[18:39:46] [Server thread/INFO]: [FxxkingPanda23: Changed the block at -788, 26, 828]
[18:39:46] [Server thread/INFO]: [FxxkingPanda23: Changed the block at -788, 22, 831]
[18:39:46] [Server thread/INFO]: [FxxkingPanda23: Changed the block at -787, 21, 823]
[18:39:46] [Server thread/INFO]: [FxxkingPanda23: Successfully filled 2 block(s)]
[18:39:46] [Server thread/INFO]: [FxxkingPanda23: Changed the block at -787, 23, 824]
[18:39:46] [Server thread/INFO]: [FxxkingPanda23: Changed the block at -787, 24, 824]
[18:39:46] [Server thread/INFO]: [FxxkingPanda23: Changed the block at -787, 24, 825]
[18:39:46] [Server thread/INFO]: [FxxkingPanda23: Changed the block at -787, 25, 826]
[18:39:46] [Server thread/INFO]: [FxxkingPanda23: Changed the block at -787, 26, 826]
[18:39:46] [Server thread/INFO]: [FxxkingPanda23: Changed the block at -787, 23, 827]
[18:39:46] [Server thread/INFO]: [FxxkingPanda23: Changed the block at -787, 24, 827]
[18:39:46] [Server thread/INFO]: [FxxkingPanda23: Changed the block at -787, 25, 827]
[18:39:46] [Server thread/INFO]: [FxxkingPanda23: Changed the block at -787, 26, 827]
[18:39:46] [Server thread/INFO]: [FxxkingPanda23: Changed the block at -787, 25, 828]
[18:39:46] [Server thread/INFO]: [FxxkingPanda23: Changed the block at -787, 26, 828]
[18:39:46] [Server thread/INFO]: [FxxkingPanda23: Changed the block at -787, 24, 829]
[18:39:46] [Server thread/INFO]: [FxxkingPanda23: Changed the block at -787, 23, 830]
[18:39:46] [Server thread/INFO]: [FxxkingPanda23: Changed the block at -787, 24, 830]
[18:39:46] [Server thread/INFO]: [FxxkingPanda23: Changed the block at -787, 21, 831]
[18:39:46] [Server thread/INFO]: [FxxkingPanda23: Successfully filled 2 block(s)]
[18:39:46] [Server thread/INFO]: [FxxkingPanda23: Successfully filled 2 block(s)]
[18:39:46] [Server thread/INFO]: [FxxkingPanda23: Successfully filled 2 block(s)]
[18:39:46] [Server thread/INFO]: [FxxkingPanda23: Changed the block at -786, 22, 823]
[18:39:46] [Server thread/INFO]: [FxxkingPanda23: Successfully filled 2 block(s)]
[18:39:46] [Server thread/INFO]: [FxxkingPanda23: Successfully filled 2 block(s)]
[18:39:46] [Server thread/INFO]: [FxxkingPanda23: Successfully filled 2 block(s)]
[18:39:46] [Server thread/INFO]: [FxxkingPanda23: Successfully filled 2 block(s)]
[18:39:46] [Server thread/INFO]: [FxxkingPanda23: Changed the block at -786, 26, 826]
[18:39:46] [Server thread/INFO]: [FxxkingPanda23: Changed the block at -786, 26, 827]
[18:39:46] [Server thread/INFO]: [FxxkingPanda23: Changed the block at -786, 26, 828]
[18:39:46] [Server thread/INFO]: [FxxkingPanda23: Successfully filled 2 block(s)]
[18:39:46] [Server thread/INFO]: [FxxkingPanda23: Successfully filled 2 block(s)]
[18:39:46] [Server thread/INFO]: [FxxkingPanda23: Successfully filled 2 block(s)]
[18:39:46] [Server thread/INFO]: [FxxkingPanda23: Successfully filled 2 block(s)]
[18:39:46] [Server thread/INFO]: [FxxkingPanda23: Changed the block at -786, 22, 831]
[18:39:46] [Server thread/INFO]: [FxxkingPanda23: Successfully filled 2 block(s)]
[18:39:46] [Server thread/INFO]: [FxxkingPanda23: Changed the block at -785, 22, 823]
[18:39:46] [Server thread/INFO]: [FxxkingPanda23: Changed the block at -785, 26, 826]
[18:39:46] [Server thread/INFO]: [FxxkingPanda23: Changed the block at -785, 26, 827]
[18:39:46] [Server thread/INFO]: [FxxkingPanda23: Changed the block at -785, 26, 828]
[18:39:46] [Server thread/INFO]: [FxxkingPanda23: Changed the block at -785, 22, 831]
[18:39:46] [Server thread/ERROR]: Block-attached entity at invalid position: null
[18:39:46] [Server thread/INFO]: [FxxkingPanda23: Summoned new Item Frame]
[18:39:46] [Server thread/ERROR]: Block-attached entity at invalid position: null
[18:39:46] [Server thread/INFO]: [FxxkingPanda23: Summoned new Item Frame]
[18:39:46] [Server thread/ERROR]: Block-attached entity at invalid position: null
[18:39:46] [Server thread/INFO]: [FxxkingPanda23: Summoned new Item Frame]
[18:39:46] [Server thread/ERROR]: Block-attached entity at invalid position: null
[18:39:46] [Server thread/INFO]: [FxxkingPanda23: Summoned new Item Frame]
[18:39:46] [Server thread/ERROR]: Block-attached entity at invalid position: null
[18:39:46] [Server thread/INFO]: [FxxkingPanda23: Summoned new Item Frame]
[18:39:46] [Server thread/ERROR]: Block-attached entity at invalid position: null
[18:39:46] [Server thread/INFO]: [FxxkingPanda23: Summoned new Item Frame]
[18:39:46] [Server thread/ERROR]: Block-attached entity at invalid position: null
[18:39:46] [Server thread/INFO]: [FxxkingPanda23: Summoned new Item Frame]
[18:39:46] [Server thread/ERROR]: Block-attached entity at invalid position: null
[18:39:46] [Server thread/INFO]: [FxxkingPanda23: Summoned new Item Frame]
[18:39:46] [Server thread/ERROR]: Block-attached entity at invalid position: null
[18:39:46] [Server thread/INFO]: [FxxkingPanda23: Summoned new Item Frame]
[18:39:46] [Server thread/ERROR]: Block-attached entity at invalid position: null
[18:39:46] [Server thread/INFO]: [FxxkingPanda23: Summoned new Item Frame]
[18:39:46] [Server thread/ERROR]: Block-attached entity at invalid position: null
[18:39:46] [Server thread/INFO]: [FxxkingPanda23: Summoned new Item Frame]
[18:39:46] [Server thread/ERROR]: Block-attached entity at invalid position: null
[18:39:46] [Server thread/INFO]: [FxxkingPanda23: Summoned new Item Frame]
[18:39:46] [Server thread/ERROR]: Block-attached entity at invalid position: null
[18:39:46] [Server thread/INFO]: [FxxkingPanda23: Summoned new Item Frame]
[18:39:46] [Server thread/ERROR]: Block-attached entity at invalid position: null
[18:39:46] [Server thread/INFO]: [FxxkingPanda23: Summoned new Item Frame]
[18:39:46] [Server thread/ERROR]: Block-attached entity at invalid position: null
[18:39:46] [Server thread/INFO]: [FxxkingPanda23: Summoned new Item Frame]
[18:39:46] [Server thread/ERROR]: Block-attached entity at invalid position: null
[18:39:46] [Server thread/INFO]: [FxxkingPanda23: Summoned new Item Frame]
[18:39:46] [Server thread/ERROR]: Block-attached entity at invalid position: null
[18:39:46] [Server thread/INFO]: [FxxkingPanda23: Summoned new Item Frame]
[18:39:46] [Server thread/ERROR]: Block-attached entity at invalid position: null
[18:39:46] [Server thread/INFO]: [FxxkingPanda23: Summoned new Item Frame]
[18:39:46] [Server thread/ERROR]: Block-attached entity at invalid position: null
[18:39:46] [Server thread/INFO]: [FxxkingPanda23: Summoned new Item Frame]
[18:39:46] [Server thread/ERROR]: Block-attached entity at invalid position: null
[18:39:46] [Server thread/INFO]: [FxxkingPanda23: Summoned new Item Frame]
[18:39:46] [Server thread/INFO]: [FxxkingPanda23: Successfully filled 5 block(s)]
[18:39:46] [Server thread/INFO]: [FxxkingPanda23: Successfully filled 2 block(s)]
[18:39:46] [Server thread/INFO]: [FxxkingPanda23: Successfully filled 3 block(s)]
[18:39:46] [Server thread/INFO]: [FxxkingPanda23: Successfully filled 4 block(s)]
[18:39:46] [Server thread/INFO]: [FxxkingPanda23: Successfully filled 9 block(s)]
[18:39:46] [Server thread/INFO]: [FxxkingPanda23: Successfully filled 14 block(s)]
[18:39:46] [Server thread/INFO]: [FxxkingPanda23: Changed the block at -816, 23, 835]
[18:39:46] [Server thread/INFO]: [FxxkingPanda23: Changed the block at -816, 23, 836]
[18:39:46] [Server thread/INFO]: [FxxkingPanda23: Successfully filled 9 block(s)]
[18:39:46] [Server thread/INFO]: [FxxkingPanda23: Successfully filled 9 block(s)]
[18:39:46] [Server thread/INFO]: [FxxkingPanda23: Successfully filled 27 block(s)]
[18:39:46] [Server thread/INFO]: [FxxkingPanda23: Successfully filled 2 block(s)]
[18:39:46] [Server thread/INFO]: [FxxkingPanda23: Successfully filled 72 block(s)]
[18:39:46] [Server thread/INFO]: [FxxkingPanda23: Successfully filled 16 block(s)]
[18:39:46] [Server thread/INFO]: [FxxkingPanda23: Successfully filled 150 block(s)]
[18:39:46] [Server thread/INFO]: [FxxkingPanda23: Successfully filled 24 block(s)]
[18:39:46] [Server thread/INFO]: [FxxkingPanda23: Successfully filled 4 block(s)]
[18:39:46] [Server thread/INFO]: [FxxkingPanda23: Successfully filled 30 block(s)]
[18:39:46] [Server thread/INFO]: [FxxkingPanda23: Successfully filled 2 block(s)]
[18:39:46] [Server thread/INFO]: [FxxkingPanda23: Successfully filled 3 block(s)]
[18:39:46] [Server thread/INFO]: [FxxkingPanda23: Successfully filled 12 block(s)]
[18:39:46] [Server thread/INFO]: [FxxkingPanda23: Successfully filled 6 block(s)]
[18:39:46] [Server thread/INFO]: [FxxkingPanda23: Successfully filled 4 block(s)]
[18:39:46] [Server thread/INFO]: [FxxkingPanda23: Successfully filled 3 block(s)]
[18:39:46] [Server thread/INFO]: [FxxkingPanda23: Successfully filled 4 block(s)]
[18:39:46] [Server thread/INFO]: [FxxkingPanda23: Successfully filled 3 block(s)]
[18:39:46] [Server thread/INFO]: [FxxkingPanda23: Successfully filled 3 block(s)]
[18:39:46] [Server thread/INFO]: [FxxkingPanda23: Successfully filled 2 block(s)]
[18:39:46] [Server thread/INFO]: [FxxkingPanda23: Successfully filled 3 block(s)]
[18:39:46] [Server thread/INFO]: [FxxkingPanda23: Successfully filled 2 block(s)]
[18:39:46] [Server thread/INFO]: [FxxkingPanda23: Successfully filled 3 block(s)]
[18:39:46] [Server thread/INFO]: [FxxkingPanda23: Successfully filled 2 block(s)]
[18:39:46] [Server thread/INFO]: [FxxkingPanda23: Successfully filled 3 block(s)]
[18:39:46] [Server thread/INFO]: [FxxkingPanda23: Successfully filled 2 block(s)]
[18:39:46] [Server thread/INFO]: [FxxkingPanda23: Successfully filled 3 block(s)]
[18:39:46] [Server thread/INFO]: [FxxkingPanda23: Successfully filled 2 block(s)]
[18:39:46] [Server thread/INFO]: [FxxkingPanda23: Successfully filled 3 block(s)]
[18:39:46] [Server thread/INFO]: [FxxkingPanda23: Successfully filled 2 block(s)]
[18:39:46] [Server thread/INFO]: [FxxkingPanda23: Successfully filled 3 block(s)]
[18:39:46] [Server thread/INFO]: [FxxkingPanda23: Successfully filled 2 block(s)]
[18:39:46] [Server thread/INFO]: [FxxkingPanda23: Successfully filled 3 block(s)]
[18:39:46] [Server thread/INFO]: [FxxkingPanda23: Successfully filled 2 block(s)]
[18:39:46] [Server thread/INFO]: [FxxkingPanda23: Successfully filled 3 block(s)]
[18:39:46] [Server thread/INFO]: [FxxkingPanda23: Successfully filled 2 block(s)]
[18:39:46] [Server thread/INFO]: [FxxkingPanda23: Successfully filled 3 block(s)]
[18:39:46] [Server thread/INFO]: [FxxkingPanda23: Successfully filled 2 block(s)]
[18:39:46] [Server thread/INFO]: [FxxkingPanda23: Successfully filled 3 block(s)]
[18:39:46] [Server thread/INFO]: [FxxkingPanda23: Successfully filled 2 block(s)]
[18:39:46] [Server thread/INFO]: [FxxkingPanda23: Successfully filled 3 block(s)]
[18:39:46] [Server thread/INFO]: [FxxkingPanda23: Successfully filled 2 block(s)]
[18:39:46] [Server thread/INFO]: [FxxkingPanda23: Successfully filled 3 block(s)]
[18:39:46] [Server thread/INFO]: [FxxkingPanda23: Successfully filled 2 block(s)]
[18:39:46] [Server thread/INFO]: [FxxkingPanda23: Successfully filled 3 block(s)]
[18:39:46] [Server thread/INFO]: [FxxkingPanda23: Successfully filled 2 block(s)]
[18:39:46] [Server thread/INFO]: [FxxkingPanda23: Successfully filled 3 block(s)]
[18:39:46] [Server thread/INFO]: [FxxkingPanda23: Successfully filled 9 block(s)]
[18:39:46] [Server thread/INFO]: [FxxkingPanda23: Successfully filled 4 block(s)]
[18:39:46] [Server thread/INFO]: [FxxkingPanda23: Successfully filled 6 block(s)]
[18:39:46] [Server thread/INFO]: [FxxkingPanda23: Successfully filled 3 block(s)]
[18:39:46] [Server thread/INFO]: [FxxkingPanda23: Successfully filled 4 block(s)]
[18:39:46] [Server thread/INFO]: [FxxkingPanda23: Successfully filled 5 block(s)]
[18:39:46] [Server thread/INFO]: [FxxkingPanda23: Successfully filled 3 block(s)]
[18:39:46] [Server thread/INFO]: [FxxkingPanda23: Successfully filled 4 block(s)]
[18:39:46] [Server thread/INFO]: [FxxkingPanda23: Successfully filled 3 block(s)]
[18:39:46] [Server thread/INFO]: [FxxkingPanda23: Successfully filled 4 block(s)]
[18:39:46] [Server thread/INFO]: [FxxkingPanda23: Successfully filled 3 block(s)]
[18:39:46] [Server thread/INFO]: [FxxkingPanda23: Successfully filled 4 block(s)]
[18:39:46] [Server thread/INFO]: [FxxkingPanda23: Successfully filled 3 block(s)]
[18:39:46] [Server thread/INFO]: [FxxkingPanda23: Successfully filled 4 block(s)]
[18:39:46] [Server thread/INFO]: [FxxkingPanda23: Successfully filled 3 block(s)]
[18:39:46] [Server thread/INFO]: [FxxkingPanda23: Successfully filled 4 block(s)]
[18:39:46] [Server thread/INFO]: [FxxkingPanda23: Successfully filled 3 block(s)]
[18:39:46] [Server thread/INFO]: [FxxkingPanda23: Successfully filled 4 block(s)]
[18:39:46] [Server thread/INFO]: [FxxkingPanda23: Successfully filled 3 block(s)]
[18:39:46] [Server thread/INFO]: [FxxkingPanda23: Successfully filled 4 block(s)]
[18:39:46] [Server thread/INFO]: [FxxkingPanda23: Successfully filled 3 block(s)]
[18:39:46] [Server thread/INFO]: [FxxkingPanda23: Successfully filled 4 block(s)]
[18:39:46] [Server thread/INFO]: [FxxkingPanda23: Successfully filled 3 block(s)]
[18:39:46] [Server thread/INFO]: [FxxkingPanda23: Successfully filled 4 block(s)]
[18:39:46] [Server thread/INFO]: [FxxkingPanda23: Successfully filled 3 block(s)]
[18:39:46] [Server thread/INFO]: [FxxkingPanda23: Successfully filled 4 block(s)]
[18:39:46] [Server thread/INFO]: [FxxkingPanda23: Successfully filled 3 block(s)]
[18:39:46] [Server thread/INFO]: [FxxkingPanda23: Successfully filled 4 block(s)]
[18:39:46] [Server thread/INFO]: [FxxkingPanda23: Successfully filled 3 block(s)]
[18:39:46] [Server thread/INFO]: [FxxkingPanda23: Successfully filled 4 block(s)]
[18:39:46] [Server thread/INFO]: [FxxkingPanda23: Successfully filled 3 block(s)]
[18:39:46] [Server thread/INFO]: [FxxkingPanda23: Successfully filled 4 block(s)]
[18:39:46] [Server thread/INFO]: [FxxkingPanda23: Successfully filled 3 block(s)]
[18:39:46] [Server thread/INFO]: [FxxkingPanda23: Successfully filled 4 block(s)]
[18:39:46] [Server thread/INFO]: [FxxkingPanda23: Successfully filled 3 block(s)]
[18:39:46] [Server thread/INFO]: [FxxkingPanda23: Successfully filled 4 block(s)]
[18:39:46] [Server thread/INFO]: [FxxkingPanda23: Successfully filled 315 block(s)]
[18:39:46] [Server thread/INFO]: [FxxkingPanda23: Changed the block at -815, 28, 834]
[18:39:46] [Server thread/INFO]: [FxxkingPanda23: Successfully filled 5 block(s)]
[18:39:46] [Server thread/INFO]: [FxxkingPanda23: Successfully filled 18 block(s)]
[18:39:46] [Server thread/INFO]: [FxxkingPanda23: Successfully filled 3 block(s)]
[18:39:46] [Server thread/INFO]: [FxxkingPanda23: Successfully filled 15 block(s)]
[18:39:46] [Server thread/INFO]: [FxxkingPanda23: Successfully filled 3 block(s)]
[18:39:46] [Server thread/INFO]: [FxxkingPanda23: Successfully filled 15 block(s)]
[18:39:46] [Server thread/INFO]: [FxxkingPanda23: Successfully filled 3 block(s)]
[18:39:46] [Server thread/INFO]: [FxxkingPanda23: Successfully filled 15 block(s)]
[18:39:46] [Server thread/INFO]: [FxxkingPanda23: Successfully filled 3 block(s)]
[18:39:46] [Server thread/INFO]: [FxxkingPanda23: Successfully filled 15 block(s)]
[18:39:46] [Server thread/INFO]: [FxxkingPanda23: Successfully filled 3 block(s)]
[18:39:46] [Server thread/INFO]: [FxxkingPanda23: Successfully filled 15 block(s)]
[18:39:46] [Server thread/INFO]: [FxxkingPanda23: Successfully filled 3 block(s)]
[18:39:46] [Server thread/INFO]: [FxxkingPanda23: Successfully filled 15 block(s)]
[18:39:46] [Server thread/INFO]: [FxxkingPanda23: Successfully filled 3 block(s)]
[18:39:46] [Server thread/INFO]: [FxxkingPanda23: Successfully filled 15 block(s)]
[18:39:46] [Server thread/INFO]: [FxxkingPanda23: Successfully filled 6 block(s)]
[18:39:46] [Server thread/INFO]: [FxxkingPanda23: Successfully filled 7 block(s)]
[18:39:46] [Server thread/INFO]: [FxxkingPanda23: Successfully filled 9 block(s)]
[18:39:46] [Server thread/INFO]: [FxxkingPanda23: Successfully filled 8 block(s)]
[18:39:46] [Server thread/INFO]: [FxxkingPanda23: Successfully filled 6 block(s)]
[18:39:46] [Server thread/INFO]: [FxxkingPanda23: Successfully filled 4 block(s)]
[18:39:46] [Server thread/INFO]: [FxxkingPanda23: Successfully filled 6 block(s)]
[18:39:46] [Server thread/INFO]: [FxxkingPanda23: Successfully filled 5 block(s)]
[18:39:46] [Server thread/INFO]: [FxxkingPanda23: Successfully filled 6 block(s)]
[18:39:46] [Server thread/INFO]: [FxxkingPanda23: Successfully filled 4 block(s)]
[18:39:46] [Server thread/INFO]: [FxxkingPanda23: Successfully filled 6 block(s)]
[18:39:46] [Server thread/INFO]: [FxxkingPanda23: Successfully filled 5 block(s)]
[18:39:46] [Server thread/INFO]: [FxxkingPanda23: Successfully filled 6 block(s)]
[18:39:46] [Server thread/INFO]: [FxxkingPanda23: Successfully filled 4 block(s)]
[18:39:46] [Server thread/INFO]: [FxxkingPanda23: Successfully filled 6 block(s)]
[18:39:46] [Server thread/INFO]: [FxxkingPanda23: Successfully filled 5 block(s)]
[18:39:46] [Server thread/INFO]: [FxxkingPanda23: Successfully filled 6 block(s)]
[18:39:46] [Server thread/INFO]: [FxxkingPanda23: Successfully filled 4 block(s)]
[18:39:46] [Server thread/INFO]: [FxxkingPanda23: Successfully filled 6 block(s)]
[18:39:46] [Server thread/INFO]: [FxxkingPanda23: Successfully filled 5 block(s)]
[18:39:46] [Server thread/INFO]: [FxxkingPanda23: Successfully filled 6 block(s)]
[18:39:46] [Server thread/INFO]: [FxxkingPanda23: Successfully filled 4 block(s)]
[18:39:46] [Server thread/INFO]: [FxxkingPanda23: Successfully filled 10 block(s)]
[18:39:46] [Server thread/INFO]: [FxxkingPanda23: Successfully filled 5 block(s)]
[18:39:46] [Server thread/INFO]: [FxxkingPanda23: Successfully filled 6 block(s)]
[18:39:46] [Server thread/INFO]: [FxxkingPanda23: Successfully filled 4 block(s)]
[18:39:46] [Server thread/INFO]: [FxxkingPanda23: Successfully filled 6 block(s)]
[18:39:46] [Server thread/INFO]: [FxxkingPanda23: Successfully filled 5 block(s)]
[18:39:46] [Server thread/INFO]: [FxxkingPanda23: Successfully filled 6 block(s)]
[18:39:46] [Server thread/INFO]: [FxxkingPanda23: Successfully filled 4 block(s)]
[18:39:46] [Server thread/INFO]: [FxxkingPanda23: Successfully filled 6 block(s)]
[18:39:46] [Server thread/INFO]: [FxxkingPanda23: Successfully filled 5 block(s)]
[18:39:46] [Server thread/INFO]: [FxxkingPanda23: Successfully filled 6 block(s)]
[18:39:46] [Server thread/INFO]: [FxxkingPanda23: Changed the block at -815, 23, 836]
[18:39:46] [Server thread/INFO]: [FxxkingPanda23: Successfully filled 209 block(s)]
[18:39:46] [Server thread/INFO]: [FxxkingPanda23: Successfully filled 4 block(s)]
[18:39:46] [Server thread/INFO]: [FxxkingPanda23: Successfully filled 81 block(s)]
[18:39:46] [Server thread/INFO]: [FxxkingPanda23: Changed the block at -815, 23, 837]
[18:39:47] [Server thread/INFO]: [FxxkingPanda23: Successfully filled 9 block(s)]
[18:39:47] [Server thread/INFO]: [FxxkingPanda23: Successfully filled 2 block(s)]
[18:39:47] [Server thread/INFO]: [FxxkingPanda23: Changed the block at -814, 62, 832]
[18:39:47] [Server thread/INFO]: [FxxkingPanda23: Successfully filled 3 block(s)]
[18:39:47] [Server thread/INFO]: [FxxkingPanda23: Successfully filled 2 block(s)]
[18:39:47] [Server thread/INFO]: [FxxkingPanda23: Changed the block at -814, 23, 837]
[18:39:47] [Server thread/INFO]: [FxxkingPanda23: Changed the block at -814, 23, 838]
[18:39:47] [Server thread/INFO]: [FxxkingPanda23: Successfully filled 9 block(s)]
[18:39:47] [Server thread/INFO]: [FxxkingPanda23: Successfully filled 9 block(s)]
[18:39:47] [Server thread/INFO]: [FxxkingPanda23: Successfully filled 3 block(s)]
[18:39:47] [Server thread/INFO]: [FxxkingPanda23: Successfully filled 2 block(s)]
[18:39:47] [Server thread/INFO]: [FxxkingPanda23: Successfully filled 2 block(s)]
[18:39:47] [Server thread/INFO]: [FxxkingPanda23: Successfully filled 3 block(s)]
[18:39:47] [Server thread/INFO]: [FxxkingPanda23: Successfully filled 2 block(s)]
[18:39:47] [Server thread/INFO]: [FxxkingPanda23: Successfully filled 6 block(s)]
[18:39:47] [Server thread/INFO]: [FxxkingPanda23: Successfully filled 6 block(s)]
[18:39:47] [Server thread/INFO]: [FxxkingPanda23: Successfully filled 4 block(s)]
[18:39:47] [Server thread/INFO]: [FxxkingPanda23: Successfully filled 10 block(s)]
[18:39:47] [Server thread/INFO]: [FxxkingPanda23: Successfully filled 2 block(s)]
[18:39:47] [Server thread/INFO]: [FxxkingPanda23: Successfully filled 3 block(s)]
[18:39:47] [Server thread/INFO]: [FxxkingPanda23: Successfully filled 2 block(s)]
[18:39:47] [Server thread/INFO]: [FxxkingPanda23: Successfully filled 10 block(s)]
[18:39:47] [Server thread/INFO]: [FxxkingPanda23: Successfully filled 9 block(s)]
[18:39:47] [Server thread/INFO]: [FxxkingPanda23: Successfully filled 9 block(s)]
[18:39:47] [Server thread/INFO]: [FxxkingPanda23: Successfully filled 3 block(s)]
[18:39:47] [Server thread/INFO]: [FxxkingPanda23: Successfully filled 3 block(s)]
[18:39:47] [Server thread/INFO]: [FxxkingPanda23: Successfully filled 5 block(s)]
[18:39:47] [Server thread/INFO]: [FxxkingPanda23: Changed the block at -812, 27, 832]
[18:39:47] [Server thread/INFO]: [FxxkingPanda23: Changed the block at -812, 29, 832]
[18:39:47] [Server thread/INFO]: [FxxkingPanda23: Changed the block at -812, 31, 832]
[18:39:47] [Server thread/INFO]: [FxxkingPanda23: Changed the block at -812, 33, 832]
[18:39:47] [Server thread/INFO]: [FxxkingPanda23: Changed the block at -812, 35, 832]
[18:39:47] [Server thread/INFO]: [FxxkingPanda23: Changed the block at -812, 37, 832]
[18:39:47] [Server thread/INFO]: [FxxkingPanda23: Changed the block at -812, 39, 832]
[18:39:47] [Server thread/INFO]: [FxxkingPanda23: Changed the block at -812, 41, 832]
[18:39:47] [Server thread/INFO]: [FxxkingPanda23: Changed the block at -812, 43, 832]
[18:39:47] [Server thread/INFO]: [FxxkingPanda23: Changed the block at -812, 45, 832]
[18:39:47] [Server thread/INFO]: [FxxkingPanda23: Changed the block at -812, 47, 832]
[18:39:47] [Server thread/INFO]: [FxxkingPanda23: Changed the block at -812, 49, 832]
[18:39:47] [Server thread/INFO]: [FxxkingPanda23: Changed the block at -812, 51, 832]
[18:39:47] [Server thread/INFO]: [FxxkingPanda23: Changed the block at -812, 53, 832]
[18:39:47] [Server thread/INFO]: [FxxkingPanda23: Changed the block at -812, 55, 832]
[18:39:47] [Server thread/INFO]: [FxxkingPanda23: Changed the block at -812, 57, 832]
[18:39:47] [Server thread/INFO]: [FxxkingPanda23: Changed the block at -812, 59, 832]
[18:39:47] [Server thread/INFO]: [FxxkingPanda23: Changed the block at -812, 61, 832]
[18:39:47] [Server thread/INFO]: [FxxkingPanda23: Changed the block at -812, 11, 833]
[18:39:47] [Server thread/INFO]: [FxxkingPanda23: Successfully filled 17 block(s)]
[18:39:47] [Server thread/INFO]: [FxxkingPanda23: Successfully filled 2 block(s)]
[18:39:47] [Server thread/INFO]: [FxxkingPanda23: Successfully filled 2 block(s)]
[18:39:47] [Server thread/INFO]: [FxxkingPanda23: Changed the block at -812, 28, 834]
[18:39:47] [Server thread/INFO]: [FxxkingPanda23: Successfully filled 4 block(s)]
[18:39:47] [Server thread/INFO]: [FxxkingPanda23: Successfully filled 4 block(s)]
[18:39:47] [Server thread/INFO]: [FxxkingPanda23: Changed the block at -812, 28, 835]
[18:39:47] [Server thread/INFO]: [FxxkingPanda23: Successfully filled 4 block(s)]
[18:39:47] [Server thread/INFO]: [FxxkingPanda23: Successfully filled 3 block(s)]
[18:39:47] [Server thread/INFO]: [FxxkingPanda23: Successfully filled 5 block(s)]
[18:39:47] [Server thread/INFO]: [FxxkingPanda23: Successfully filled 12 block(s)]
[18:39:47] [Server thread/INFO]: [FxxkingPanda23: Changed the block at -812, 28, 836]
[18:39:47] [Server thread/INFO]: [FxxkingPanda23: Successfully filled 3 block(s)]
[18:39:47] [Server thread/INFO]: [FxxkingPanda23: Successfully filled 12 block(s)]
[18:39:47] [Server thread/INFO]: [FxxkingPanda23: Successfully filled 10 block(s)]
[18:39:47] [Server thread/INFO]: [FxxkingPanda23: Successfully filled 2 block(s)]
[18:39:47] [Server thread/INFO]: [FxxkingPanda23: Successfully filled 9 block(s)]
[18:39:47] [Server thread/INFO]: [FxxkingPanda23: Successfully filled 9 block(s)]
[18:39:47] [Server thread/INFO]: [FxxkingPanda23: Changed the block at -811, 12, 832]
[18:39:47] [Server thread/INFO]: [FxxkingPanda23: Changed the block at -811, 18, 832]
[18:39:47] [Server thread/INFO]: [FxxkingPanda23: Changed the block at -811, 11, 833]
[18:39:47] [Server thread/INFO]: [FxxkingPanda23: Successfully filled 3 block(s)]
[18:39:47] [Server thread/INFO]: [FxxkingPanda23: Successfully filled 30 block(s)]
[18:39:47] [Server thread/INFO]: [FxxkingPanda23: Successfully filled 2 block(s)]
[18:39:47] [Server thread/INFO]: [FxxkingPanda23: Successfully filled 5 block(s)]
[18:39:47] [Server thread/INFO]: [FxxkingPanda23: Successfully filled 3 block(s)]
[18:39:47] [Server thread/INFO]: [FxxkingPanda23: Changed the block at -811, 27, 833]
[18:39:47] [Server thread/INFO]: [FxxkingPanda23: Changed the block at -811, 28, 833]
[18:39:47] [Server thread/INFO]: [FxxkingPanda23: Changed the block at -811, 29, 833]
[18:39:47] [Server thread/INFO]: [FxxkingPanda23: Changed the block at -811, 31, 833]
[18:39:47] [Server thread/INFO]: [FxxkingPanda23: Changed the block at -811, 33, 833]
[18:39:47] [Server thread/INFO]: [FxxkingPanda23: Changed the block at -811, 35, 833]
[18:39:47] [Server thread/INFO]: [FxxkingPanda23: Changed the block at -811, 37, 833]
[18:39:47] [Server thread/INFO]: [FxxkingPanda23: Changed the block at -811, 39, 833]
[18:39:47] [Server thread/INFO]: [FxxkingPanda23: Changed the block at -811, 41, 833]
[18:39:47] [Server thread/INFO]: [FxxkingPanda23: Changed the block at -811, 43, 833]
[18:39:47] [Server thread/INFO]: [FxxkingPanda23: Changed the block at -811, 45, 833]
[18:39:47] [Server thread/INFO]: [FxxkingPanda23: Changed the block at -811, 47, 833]
[18:39:47] [Server thread/INFO]: [FxxkingPanda23: Changed the block at -811, 49, 833]
[18:39:47] [Server thread/INFO]: [FxxkingPanda23: Changed the block at -811, 51, 833]
[18:39:47] [Server thread/INFO]: [FxxkingPanda23: Changed the block at -811, 53, 833]
[18:39:47] [Server thread/INFO]: [FxxkingPanda23: Changed the block at -811, 55, 833]
[18:39:47] [Server thread/INFO]: [FxxkingPanda23: Changed the block at -811, 57, 833]
[18:39:47] [Server thread/INFO]: [FxxkingPanda23: Changed the block at -811, 59, 833]
[18:39:47] [Server thread/INFO]: [FxxkingPanda23: Changed the block at -811, 61, 833]
[18:39:47] [Server thread/INFO]: [FxxkingPanda23: Successfully filled 3 block(s)]
[18:39:47] [Server thread/INFO]: [FxxkingPanda23: Successfully filled 6 block(s)]
[18:39:47] [Server thread/INFO]: [FxxkingPanda23: Successfully filled 3 block(s)]
[18:39:47] [Server thread/INFO]: [FxxkingPanda23: Successfully filled 4 block(s)]
[18:39:47] [Server thread/INFO]: [FxxkingPanda23: Successfully filled 2 block(s)]
[18:39:47] [Server thread/INFO]: [FxxkingPanda23: Successfully filled 2 block(s)]
[18:39:47] [Server thread/INFO]: [FxxkingPanda23: Successfully filled 4 block(s)]
[18:39:47] [Server thread/INFO]: [FxxkingPanda23: Successfully filled 6 block(s)]
[18:39:47] [Server thread/INFO]: [FxxkingPanda23: Successfully filled 5 block(s)]
[18:39:47] [Server thread/INFO]: [FxxkingPanda23: Changed the block at -811, 28, 836]
[18:39:47] [Server thread/INFO]: [FxxkingPanda23: Successfully filled 2 block(s)]
[18:39:47] [Server thread/INFO]: [FxxkingPanda23: Successfully filled 2 block(s)]
[18:39:47] [Server thread/INFO]: [FxxkingPanda23: Successfully filled 9 block(s)]
[18:39:47] [Server thread/INFO]: [FxxkingPanda23: Successfully filled 9 block(s)]
[18:39:47] [Server thread/INFO]: [FxxkingPanda23: Successfully filled 9 block(s)]
[18:39:47] [Server thread/INFO]: [FxxkingPanda23: Successfully filled 2 block(s)]
[18:39:47] [Server thread/INFO]: [FxxkingPanda23: Successfully filled 2 block(s)]
[18:39:47] [Server thread/INFO]: [FxxkingPanda23: Changed the block at -811, 22, 847]
[18:39:47] [Server thread/INFO]: [FxxkingPanda23: Changed the block at -810, 12, 832]
[18:39:47] [Server thread/INFO]: [FxxkingPanda23: Changed the block at -810, 13, 832]
[18:39:47] [Server thread/INFO]: [FxxkingPanda23: Changed the block at -810, 18, 832]
[18:39:47] [Server thread/INFO]: [FxxkingPanda23: Successfully filled 36 block(s)]
[18:39:47] [Server thread/INFO]: [FxxkingPanda23: Changed the block at -810, 21, 834]
[18:39:47] [Server thread/INFO]: [FxxkingPanda23: Successfully filled 2 block(s)]
[18:39:47] [Server thread/INFO]: [FxxkingPanda23: Successfully filled 2 block(s)]
[18:39:47] [Server thread/INFO]: [FxxkingPanda23: Successfully filled 2 block(s)]
[18:39:47] [Server thread/INFO]: [FxxkingPanda23: Successfully filled 2 block(s)]
[18:39:47] [Server thread/INFO]: [FxxkingPanda23: Successfully filled 2 block(s)]
[18:39:47] [Server thread/INFO]: [FxxkingPanda23: Successfully filled 2 block(s)]
[18:39:47] [Server thread/INFO]: [FxxkingPanda23: Successfully filled 2 block(s)]
[18:39:47] [Server thread/INFO]: [FxxkingPanda23: Successfully filled 2 block(s)]
[18:39:47] [Server thread/INFO]: [FxxkingPanda23: Successfully filled 2 block(s)]
[18:39:47] [Server thread/INFO]: [FxxkingPanda23: Successfully filled 2 block(s)]
[18:39:47] [Server thread/INFO]: [FxxkingPanda23: Successfully filled 2 block(s)]
[18:39:47] [Server thread/INFO]: [FxxkingPanda23: Changed the block at -810, 22, 835]
[18:39:47] [Server thread/INFO]: [FxxkingPanda23: Successfully filled 2 block(s)]
[18:39:47] [Server thread/INFO]: [FxxkingPanda23: Changed the block at -810, 22, 836]
[18:39:47] [Server thread/INFO]: [FxxkingPanda23: Changed the block at -810, 28, 836]
[18:39:47] [Server thread/INFO]: [FxxkingPanda23: Successfully filled 9 block(s)]
[18:39:47] [Server thread/INFO]: [FxxkingPanda23: Successfully filled 4 block(s)]
[18:39:47] [Server thread/INFO]: [FxxkingPanda23: Changed the block at -810, 21, 837]
[18:39:47] [Server thread/INFO]: [FxxkingPanda23: Successfully filled 2 block(s)]
[18:39:47] [Server thread/INFO]: [FxxkingPanda23: Successfully filled 2 block(s)]
[18:39:47] [Server thread/INFO]: [FxxkingPanda23: Changed the block at -810, 22, 838]
[18:39:47] [Server thread/INFO]: [FxxkingPanda23: Successfully filled 2 block(s)]
[18:39:47] [Server thread/INFO]: [FxxkingPanda23: Successfully filled 9 block(s)]
[18:39:47] [Server thread/INFO]: [FxxkingPanda23: Successfully filled 9 block(s)]
[18:39:47] [Server thread/INFO]: [FxxkingPanda23: Changed the block at -810, 22, 839]
[18:39:47] [Server thread/INFO]: [FxxkingPanda23: Changed the block at -810, 21, 840]
[18:39:47] [Server thread/INFO]: [FxxkingPanda23: Successfully filled 2 block(s)]
[18:39:47] [Server thread/INFO]: [FxxkingPanda23: Successfully filled 2 block(s)]
[18:39:47] [Server thread/INFO]: [FxxkingPanda23: Changed the block at -810, 22, 841]
[18:39:47] [Server thread/INFO]: [FxxkingPanda23: Successfully filled 2 block(s)]
[18:39:47] [Server thread/INFO]: [FxxkingPanda23: Changed the block at -810, 22, 842]
[18:39:47] [Server thread/INFO]: [FxxkingPanda23: Changed the block at -810, 21, 843]
[18:39:47] [Server thread/INFO]: [FxxkingPanda23: Successfully filled 2 block(s)]
[18:39:47] [Server thread/INFO]: [FxxkingPanda23: Successfully filled 2 block(s)]
[18:39:47] [Server thread/INFO]: [FxxkingPanda23: Changed the block at -810, 22, 844]
[18:39:47] [Server thread/INFO]: [FxxkingPanda23: Successfully filled 2 block(s)]
[18:39:47] [Server thread/INFO]: [FxxkingPanda23: Changed the block at -810, 22, 845]
[18:39:47] [Server thread/INFO]: [FxxkingPanda23: Changed the block at -810, 21, 846]
[18:39:47] [Server thread/INFO]: [FxxkingPanda23: Successfully filled 2 block(s)]
[18:39:47] [Server thread/INFO]: [FxxkingPanda23: Changed the block at -810, 21, 847]
[18:39:47] [Server thread/INFO]: [FxxkingPanda23: Changed the block at -810, 22, 847]
[18:39:47] [Server thread/INFO]: [FxxkingPanda23: Changed the block at -810, 23, 847]
[18:39:47] [Server thread/INFO]: [FxxkingPanda23: Successfully filled 35 block(s)]
[18:39:47] [Server thread/INFO]: [FxxkingPanda23: Successfully filled 2 block(s)]
[18:39:47] [Server thread/INFO]: [FxxkingPanda23: Changed the block at -809, 23, 834]
[18:39:47] [Server thread/INFO]: [FxxkingPanda23: Changed the block at -809, 24, 834]
[18:39:47] [Server thread/INFO]: [FxxkingPanda23: Successfully filled 3 block(s)]
[18:39:47] [Server thread/INFO]: [FxxkingPanda23: Successfully filled 2 block(s)]
[18:39:47] [Server thread/INFO]: [FxxkingPanda23: Successfully filled 2 block(s)]
[18:39:47] [Server thread/INFO]: [FxxkingPanda23: Successfully filled 3 block(s)]
[18:39:47] [Server thread/INFO]: [FxxkingPanda23: Changed the block at -809, 28, 836]
[18:39:47] [Server thread/INFO]: [FxxkingPanda23: Changed the block at -809, 23, 837]
[18:39:47] [Server thread/INFO]: [FxxkingPanda23: Changed the block at -809, 24, 837]
[18:39:47] [Server thread/INFO]: [FxxkingPanda23: Successfully filled 2 block(s)]
[18:39:47] [Server thread/INFO]: [FxxkingPanda23: Successfully filled 2 block(s)]
[18:39:47] [Server thread/INFO]: [FxxkingPanda23: Successfully filled 9 block(s)]
[18:39:47] [Server thread/INFO]: [FxxkingPanda23: Changed the block at -809, 23, 840]
[18:39:47] [Server thread/INFO]: [FxxkingPanda23: Changed the block at -809, 24, 840]
[18:39:47] [Server thread/INFO]: [FxxkingPanda23: Successfully filled 2 block(s)]
[18:39:47] [Server thread/INFO]: [FxxkingPanda23: Successfully filled 2 block(s)]
[18:39:47] [Server thread/INFO]: [FxxkingPanda23: Changed the block at -809, 23, 843]
[18:39:47] [Server thread/INFO]: [FxxkingPanda23: Changed the block at -809, 24, 843]
[18:39:47] [Server thread/INFO]: [FxxkingPanda23: Successfully filled 2 block(s)]
[18:39:47] [Server thread/INFO]: [FxxkingPanda23: Successfully filled 2 block(s)]
[18:39:47] [Server thread/INFO]: [FxxkingPanda23: Changed the block at -809, 23, 846]
[18:39:47] [Server thread/INFO]: [FxxkingPanda23: Changed the block at -809, 24, 846]
[18:39:47] [Server thread/INFO]: [FxxkingPanda23: Changed the block at -809, 23, 847]
[18:39:47] [Server thread/INFO]: [FxxkingPanda23: Changed the block at -809, 24, 847]
[18:39:47] [Server thread/INFO]: [FxxkingPanda23: Successfully filled 2 block(s)]
[18:39:47] [Server thread/INFO]: [FxxkingPanda23: Changed the block at -808, 24, 834]
[18:39:47] [Server thread/INFO]: [FxxkingPanda23: Successfully filled 14 block(s)]
[18:39:47] [Server thread/INFO]: [FxxkingPanda23: Successfully filled 3 block(s)]
[18:39:47] [Server thread/INFO]: [FxxkingPanda23: Successfully filled 2 block(s)]
[18:39:47] [Server thread/INFO]: [FxxkingPanda23: Successfully filled 5 block(s)]
[18:39:47] [Server thread/INFO]: [FxxkingPanda23: Successfully filled 2 block(s)]
[18:39:47] [Server thread/INFO]: [FxxkingPanda23: Successfully filled 2 block(s)]
[18:39:47] [Server thread/INFO]: [FxxkingPanda23: Successfully filled 2 block(s)]
[18:39:47] [Server thread/INFO]: [FxxkingPanda23: Successfully filled 2 block(s)]
[18:39:47] [Server thread/INFO]: [FxxkingPanda23: Successfully filled 2 block(s)]
[18:39:47] [Server thread/INFO]: [FxxkingPanda23: Successfully filled 2 block(s)]
[18:39:47] [Server thread/INFO]: [FxxkingPanda23: Successfully filled 2 block(s)]
[18:39:47] [Server thread/INFO]: [FxxkingPanda23: Successfully filled 2 block(s)]
[18:39:47] [Server thread/INFO]: [FxxkingPanda23: Successfully filled 2 block(s)]
[18:39:47] [Server thread/INFO]: [FxxkingPanda23: Successfully filled 2 block(s)]
[18:39:47] [Server thread/INFO]: [FxxkingPanda23: Changed the block at -808, 28, 836]
[18:39:47] [Server thread/INFO]: [FxxkingPanda23: Changed the block at -808, 24, 837]
[18:39:47] [Server thread/INFO]: [FxxkingPanda23: Successfully filled 2 block(s)]
[18:39:47] [Server thread/INFO]: [FxxkingPanda23: Changed the block at -808, 24, 840]
[18:39:47] [Server thread/INFO]: [FxxkingPanda23: Successfully filled 2 block(s)]
[18:39:47] [Server thread/INFO]: [FxxkingPanda23: Changed the block at -808, 24, 843]
[18:39:47] [Server thread/INFO]: [FxxkingPanda23: Successfully filled 2 block(s)]
[18:39:47] [Server thread/INFO]: [FxxkingPanda23: Changed the block at -808, 24, 846]
[18:39:47] [Server thread/INFO]: [FxxkingPanda23: Changed the block at -808, 24, 847]
[18:39:47] [Server thread/INFO]: [FxxkingPanda23: Changed the block at -807, 18, 832]
[18:39:47] [Server thread/INFO]: [FxxkingPanda23: Successfully filled 15 block(s)]
[18:39:47] [Server thread/INFO]: [FxxkingPanda23: Changed the block at -807, 25, 834]
[18:39:47] [Server thread/INFO]: [FxxkingPanda23: Changed the block at -807, 31, 835]
[18:39:47] [Server thread/INFO]: [FxxkingPanda23: Changed the block at -807, 35, 835]
[18:39:47] [Server thread/INFO]: [FxxkingPanda23: Changed the block at -807, 39, 835]
[18:39:47] [Server thread/INFO]: [FxxkingPanda23: Changed the block at -807, 43, 835]
[18:39:47] [Server thread/INFO]: [FxxkingPanda23: Changed the block at -807, 47, 835]
[18:39:47] [Server thread/INFO]: [FxxkingPanda23: Changed the block at -807, 51, 835]
[18:39:47] [Server thread/INFO]: [FxxkingPanda23: Changed the block at -807, 55, 835]
[18:39:47] [Server thread/INFO]: [FxxkingPanda23: Changed the block at -807, 59, 835]
[18:39:47] [Server thread/INFO]: [FxxkingPanda23: Changed the block at -807, 26, 836]
[18:39:47] [Server thread/INFO]: [FxxkingPanda23: Changed the block at -807, 28, 836]
[18:39:47] [Server thread/INFO]: [FxxkingPanda23: Changed the block at -807, 25, 837]
[18:39:47] [Server thread/INFO]: [FxxkingPanda23: Changed the block at -807, 26, 837]
[18:39:47] [Server thread/INFO]: [FxxkingPanda23: Changed the block at -807, 26, 838]
[18:39:47] [Server thread/INFO]: [FxxkingPanda23: Changed the block at -807, 26, 839]
[18:39:47] [Server thread/INFO]: [FxxkingPanda23: Changed the block at -807, 25, 840]
[18:39:47] [Server thread/INFO]: [FxxkingPanda23: Changed the block at -807, 26, 840]
[18:39:47] [Server thread/INFO]: [FxxkingPanda23: Changed the block at -807, 26, 841]
[18:39:47] [Server thread/INFO]: [FxxkingPanda23: Changed the block at -807, 26, 842]
[18:39:47] [Server thread/INFO]: [FxxkingPanda23: Changed the block at -807, 25, 843]
[18:39:47] [Server thread/INFO]: [FxxkingPanda23: Changed the block at -807, 26, 843]
[18:39:47] [Server thread/INFO]: [FxxkingPanda23: Changed the block at -807, 26, 844]
[18:39:47] [Server thread/INFO]: [FxxkingPanda23: Changed the block at -807, 26, 845]
[18:39:47] [Server thread/INFO]: [FxxkingPanda23: Changed the block at -807, 25, 846]
[18:39:47] [Server thread/INFO]: [FxxkingPanda23: Changed the block at -807, 26, 846]
[18:39:47] [Server thread/INFO]: [FxxkingPanda23: Changed the block at -807, 26, 847]
[18:39:47] [Server thread/INFO]: [FxxkingPanda23: Changed the block at -806, 18, 832]
[18:39:47] [Server thread/INFO]: [FxxkingPanda23: Changed the block at -806, 18, 833]
[18:39:47] [Server thread/INFO]: [FxxkingPanda23: Successfully filled 14 block(s)]
[18:39:47] [Server thread/INFO]: [FxxkingPanda23: Successfully filled 35 block(s)]
[18:39:47] [Server thread/INFO]: [FxxkingPanda23: Changed the block at -806, 62, 835]
[18:39:47] [Server thread/INFO]: [FxxkingPanda23: Changed the block at -806, 26, 836]
[18:39:47] [Server thread/INFO]: [FxxkingPanda23: Changed the block at -806, 28, 836]
[18:39:47] [Server thread/INFO]: [FxxkingPanda23: Changed the block at -806, 62, 836]
[18:39:47] [Server thread/INFO]: [FxxkingPanda23: Changed the block at -806, 23, 837]
[18:39:47] [Server thread/INFO]: [FxxkingPanda23: Changed the block at -806, 24, 837]
[18:39:47] [Server thread/INFO]: [FxxkingPanda23: Changed the block at -806, 25, 837]
[18:39:47] [Server thread/INFO]: [FxxkingPanda23: Changed the block at -806, 26, 837]
[18:39:47] [Server thread/INFO]: [FxxkingPanda23: Changed the block at -806, 26, 838]
[18:39:47] [Server thread/INFO]: [FxxkingPanda23: Changed the block at -806, 26, 839]
[18:39:47] [Server thread/INFO]: [FxxkingPanda23: Changed the block at -806, 23, 840]
[18:39:47] [Server thread/INFO]: [FxxkingPanda23: Changed the block at -806, 24, 840]
[18:39:47] [Server thread/INFO]: [FxxkingPanda23: Changed the block at -806, 25, 840]
[18:39:47] [Server thread/INFO]: [FxxkingPanda23: Changed the block at -806, 26, 840]
[18:39:47] [Server thread/INFO]: [FxxkingPanda23: Changed the block at -806, 26, 841]
[18:39:47] [Server thread/INFO]: [FxxkingPanda23: Changed the block at -806, 26, 842]
[18:39:47] [Server thread/INFO]: [FxxkingPanda23: Changed the block at -806, 23, 843]
[18:39:47] [Server thread/INFO]: [FxxkingPanda23: Changed the block at -806, 24, 843]
[18:39:47] [Server thread/INFO]: [FxxkingPanda23: Changed the block at -806, 25, 843]
[18:39:47] [Server thread/INFO]: [FxxkingPanda23: Changed the block at -806, 26, 843]
[18:39:47] [Server thread/INFO]: [FxxkingPanda23: Changed the block at -806, 26, 844]
[18:39:47] [Server thread/INFO]: [FxxkingPanda23: Changed the block at -806, 26, 845]
[18:39:47] [Server thread/INFO]: [FxxkingPanda23: Changed the block at -806, 23, 846]
[18:39:47] [Server thread/INFO]: [FxxkingPanda23: Changed the block at -806, 24, 846]
[18:39:47] [Server thread/INFO]: [FxxkingPanda23: Changed the block at -806, 25, 846]
[18:39:47] [Server thread/INFO]: [FxxkingPanda23: Changed the block at -806, 26, 846]
[18:39:47] [Server thread/INFO]: [FxxkingPanda23: Changed the block at -806, 26, 847]
[18:39:47] [Server thread/INFO]: [FxxkingPanda23: Changed the block at -805, 18, 832]
[18:39:47] [Server thread/INFO]: [FxxkingPanda23: Successfully filled 15 block(s)]
[18:39:47] [Server thread/INFO]: [FxxkingPanda23: Changed the block at -805, 25, 834]
[18:39:47] [Server thread/INFO]: [FxxkingPanda23: Successfully filled 2 block(s)]
[18:39:47] [Server thread/INFO]: [FxxkingPanda23: Successfully filled 5 block(s)]
[18:39:47] [Server thread/INFO]: [FxxkingPanda23: Successfully filled 2 block(s)]
[18:39:47] [Server thread/INFO]: [FxxkingPanda23: Successfully filled 5 block(s)]
[18:39:47] [Server thread/INFO]: [FxxkingPanda23: Changed the block at -805, 31, 835]
[18:39:47] [Server thread/INFO]: [FxxkingPanda23: Successfully filled 5 block(s)]
[18:39:47] [Server thread/INFO]: [FxxkingPanda23: Successfully filled 2 block(s)]
[18:39:47] [Server thread/INFO]: [FxxkingPanda23: Successfully filled 5 block(s)]
[18:39:47] [Server thread/INFO]: [FxxkingPanda23: Changed the block at -805, 35, 835]
[18:39:47] [Server thread/INFO]: [FxxkingPanda23: Successfully filled 5 block(s)]
[18:39:47] [Server thread/INFO]: [FxxkingPanda23: Successfully filled 2 block(s)]
[18:39:47] [Server thread/INFO]: [FxxkingPanda23: Successfully filled 5 block(s)]
[18:39:47] [Server thread/INFO]: [FxxkingPanda23: Changed the block at -805, 39, 835]
[18:39:47] [Server thread/INFO]: [FxxkingPanda23: Successfully filled 5 block(s)]
[18:39:47] [Server thread/INFO]: [FxxkingPanda23: Successfully filled 2 block(s)]
[18:39:47] [Server thread/INFO]: [FxxkingPanda23: Successfully filled 5 block(s)]
[18:39:47] [Server thread/INFO]: [FxxkingPanda23: Changed the block at -805, 43, 835]
[18:39:47] [Server thread/INFO]: [FxxkingPanda23: Successfully filled 5 block(s)]
[18:39:47] [Server thread/INFO]: [FxxkingPanda23: Successfully filled 2 block(s)]
[18:39:47] [Server thread/INFO]: [FxxkingPanda23: Successfully filled 5 block(s)]
[18:39:47] [Server thread/INFO]: [FxxkingPanda23: Changed the block at -805, 47, 835]
[18:39:47] [Server thread/INFO]: [FxxkingPanda23: Successfully filled 5 block(s)]
[18:39:47] [Server thread/INFO]: [FxxkingPanda23: Successfully filled 2 block(s)]
[18:39:47] [Server thread/INFO]: [FxxkingPanda23: Successfully filled 9 block(s)]
[18:39:47] [Server thread/INFO]: [FxxkingPanda23: Changed the block at -805, 51, 835]
[18:39:47] [Server thread/INFO]: [FxxkingPanda23: Successfully filled 5 block(s)]
[18:39:47] [Server thread/INFO]: [FxxkingPanda23: Successfully filled 2 block(s)]
[18:39:47] [Server thread/INFO]: [FxxkingPanda23: Successfully filled 5 block(s)]
[18:39:47] [Server thread/INFO]: [FxxkingPanda23: Changed the block at -805, 55, 835]
[18:39:47] [Server thread/INFO]: [FxxkingPanda23: Successfully filled 5 block(s)]
[18:39:47] [Server thread/INFO]: [FxxkingPanda23: Successfully filled 2 block(s)]
[18:39:47] [Server thread/INFO]: [FxxkingPanda23: Successfully filled 5 block(s)]
[18:39:47] [Server thread/INFO]: [FxxkingPanda23: Changed the block at -805, 59, 835]
[18:39:47] [Server thread/INFO]: [FxxkingPanda23: Successfully filled 5 block(s)]
[18:39:47] [Server thread/INFO]: [FxxkingPanda23: Successfully filled 2 block(s)]
[18:39:47] [Server thread/INFO]: [FxxkingPanda23: Successfully filled 3 block(s)]
[18:39:47] [Server thread/INFO]: [FxxkingPanda23: Changed the block at -805, 26, 836]
[18:39:47] [Server thread/INFO]: [FxxkingPanda23: Changed the block at -805, 28, 836]
[18:39:47] [Server thread/INFO]: [FxxkingPanda23: Successfully filled 3 block(s)]
[18:39:47] [Server thread/INFO]: [FxxkingPanda23: Successfully filled 4 block(s)]
[18:39:47] [Server thread/INFO]: [FxxkingPanda23: Changed the block at -805, 25, 837]
[18:39:47] [Server thread/INFO]: [FxxkingPanda23: Changed the block at -805, 26, 837]
[18:39:47] [Server thread/INFO]: [FxxkingPanda23: Changed the block at -805, 26, 838]
[18:39:47] [Server thread/INFO]: [FxxkingPanda23: Changed the block at -805, 26, 839]
[18:39:47] [Server thread/INFO]: [FxxkingPanda23: Changed the block at -805, 25, 840]
[18:39:47] [Server thread/INFO]: [FxxkingPanda23: Changed the block at -805, 26, 840]
[18:39:47] [Server thread/INFO]: [FxxkingPanda23: Changed the block at -805, 26, 841]
[18:39:47] [Server thread/INFO]: [FxxkingPanda23: Changed the block at -805, 26, 842]
[18:39:47] [Server thread/INFO]: [FxxkingPanda23: Changed the block at -805, 25, 843]
[18:39:47] [Server thread/INFO]: [FxxkingPanda23: Changed the block at -805, 26, 843]
[18:39:47] [Server thread/INFO]: [FxxkingPanda23: Changed the block at -805, 26, 844]
[18:39:47] [Server thread/INFO]: [FxxkingPanda23: Changed the block at -805, 26, 845]
[18:39:47] [Server thread/INFO]: [FxxkingPanda23: Changed the block at -805, 25, 846]
[18:39:47] [Server thread/INFO]: [FxxkingPanda23: Changed the block at -805, 26, 846]
[18:39:47] [Server thread/INFO]: [FxxkingPanda23: Changed the block at -805, 26, 847]
[18:39:47] [Server thread/INFO]: [FxxkingPanda23: Successfully filled 2 block(s)]
[18:39:47] [Server thread/INFO]: [FxxkingPanda23: Successfully filled 4 block(s)]
[18:39:47] [Server thread/INFO]: [FxxkingPanda23: Changed the block at -804, 24, 834]
[18:40:32] [Server thread/INFO]: [FxxkingPanda23: Successfully filled 14 block(s)]
[18:40:32] [Server thread/INFO]: [FxxkingPanda23: Successfully filled 3 block(s)]
[18:40:32] [Server thread/INFO]: [FxxkingPanda23: Successfully filled 2 block(s)]
[18:40:32] [Server thread/INFO]: [FxxkingPanda23: Successfully filled 4 block(s)]
[18:40:32] [Server thread/INFO]: [FxxkingPanda23: Successfully filled 4 block(s)]
[18:40:32] [Server thread/INFO]: [FxxkingPanda23: Successfully filled 4 block(s)]
[18:40:32] [Server thread/INFO]: [FxxkingPanda23: Successfully filled 4 block(s)]
[18:40:32] [Server thread/INFO]: [FxxkingPanda23: Successfully filled 4 block(s)]
[18:40:32] [Server thread/INFO]: [FxxkingPanda23: Successfully filled 4 block(s)]
[18:40:32] [Server thread/INFO]: [FxxkingPanda23: Successfully filled 4 block(s)]
[18:40:32] [Server thread/INFO]: [FxxkingPanda23: Successfully filled 4 block(s)]
[18:40:32] [Server thread/INFO]: [FxxkingPanda23: Changed the block at -804, 26, 836]
[18:40:32] [Server thread/INFO]: [FxxkingPanda23: Changed the block at -804, 28, 836]
[18:40:32] [Server thread/INFO]: [FxxkingPanda23: Changed the block at -804, 24, 837]
[18:40:32] [Server thread/INFO]: [FxxkingPanda23: Successfully filled 40 block(s)]
[18:40:32] [Server thread/INFO]: [FxxkingPanda23: Successfully filled 2 block(s)]
[18:40:32] [Server thread/INFO]: [FxxkingPanda23: Changed the block at -804, 24, 840]
[18:40:32] [Server thread/INFO]: [FxxkingPanda23: Successfully filled 2 block(s)]
[18:40:32] [Server thread/INFO]: [FxxkingPanda23: Changed the block at -804, 24, 843]
[18:40:32] [Server thread/INFO]: [FxxkingPanda23: Successfully filled 2 block(s)]
[18:40:32] [Server thread/INFO]: [FxxkingPanda23: Changed the block at -804, 24, 846]
[18:40:32] [Server thread/INFO]: [FxxkingPanda23: Changed the block at -804, 24, 847]
[18:40:32] [Server thread/INFO]: [FxxkingPanda23: Successfully filled 2 block(s)]
[18:40:32] [Server thread/INFO]: [FxxkingPanda23: Changed the block at -803, 23, 834]
[18:40:32] [Server thread/INFO]: [FxxkingPanda23: Changed the block at -803, 24, 834]
[18:40:32] [Server thread/INFO]: [FxxkingPanda23: Successfully filled 8 block(s)]
[18:40:32] [Server thread/INFO]: [FxxkingPanda23: Successfully filled 6 block(s)]
[18:40:32] [Server thread/INFO]: [FxxkingPanda23: Successfully filled 2 block(s)]
[18:40:32] [Server thread/INFO]: [FxxkingPanda23: Successfully filled 3 block(s)]
[18:40:32] [Server thread/INFO]: [FxxkingPanda23: Successfully filled 2 block(s)]
[18:40:32] [Server thread/INFO]: [FxxkingPanda23: Successfully filled 9 block(s)]
[18:40:32] [Server thread/INFO]: [FxxkingPanda23: Successfully filled 2 block(s)]
[18:40:32] [Server thread/INFO]: [FxxkingPanda23: Successfully filled 9 block(s)]
[18:40:32] [Server thread/INFO]: [FxxkingPanda23: Successfully filled 2 block(s)]
[18:40:32] [Server thread/INFO]: [FxxkingPanda23: Successfully filled 9 block(s)]
[18:40:32] [Server thread/INFO]: [FxxkingPanda23: Successfully filled 2 block(s)]
[18:40:32] [Server thread/INFO]: [FxxkingPanda23: Successfully filled 9 block(s)]
[18:40:32] [Server thread/INFO]: [FxxkingPanda23: Successfully filled 2 block(s)]
[18:40:32] [Server thread/INFO]: [FxxkingPanda23: Successfully filled 9 block(s)]
[18:40:32] [Server thread/INFO]: [FxxkingPanda23: Successfully filled 2 block(s)]
[18:40:32] [Server thread/INFO]: [FxxkingPanda23: Successfully filled 9 block(s)]
[18:40:32] [Server thread/INFO]: [FxxkingPanda23: Successfully filled 2 block(s)]
[18:40:32] [Server thread/INFO]: [FxxkingPanda23: Successfully filled 9 block(s)]
[18:40:32] [Server thread/INFO]: [FxxkingPanda23: Successfully filled 2 block(s)]
[18:40:32] [Server thread/INFO]: [FxxkingPanda23: Successfully filled 9 block(s)]
[18:40:32] [Server thread/INFO]: [FxxkingPanda23: Successfully filled 2 block(s)]
[18:40:32] [Server thread/INFO]: [FxxkingPanda23: Successfully filled 3 block(s)]
[18:40:32] [Server thread/INFO]: [FxxkingPanda23: Successfully filled 3 block(s)]
[18:40:32] [Server thread/INFO]: [FxxkingPanda23: Successfully filled 2 block(s)]
[18:40:32] [Server thread/INFO]: [FxxkingPanda23: Successfully filled 2 block(s)]
[18:40:32] [Server thread/INFO]: [FxxkingPanda23: Successfully filled 3 block(s)]
[18:40:32] [Server thread/INFO]: [FxxkingPanda23: Successfully filled 3 block(s)]
[18:40:32] [Server thread/INFO]: [FxxkingPanda23: Successfully filled 3 block(s)]
[18:40:32] [Server thread/INFO]: [FxxkingPanda23: Successfully filled 3 block(s)]
[18:40:32] [Server thread/INFO]: [FxxkingPanda23: Successfully filled 3 block(s)]
[18:40:32] [Server thread/INFO]: [FxxkingPanda23: Successfully filled 3 block(s)]
[18:40:32] [Server thread/INFO]: [FxxkingPanda23: Successfully filled 3 block(s)]
[18:40:32] [Server thread/INFO]: [FxxkingPanda23: Successfully filled 3 block(s)]
[18:40:32] [Server thread/INFO]: [FxxkingPanda23: Successfully filled 3 block(s)]
[18:40:32] [Server thread/INFO]: [FxxkingPanda23: Changed the block at -803, 28, 836]
[18:40:32] [Server thread/INFO]: [FxxkingPanda23: Changed the block at -803, 23, 837]
[18:40:32] [Server thread/INFO]: [FxxkingPanda23: Changed the block at -803, 24, 837]
[18:40:32] [Server thread/INFO]: [FxxkingPanda23: Successfully filled 2 block(s)]
[18:40:32] [Server thread/INFO]: [FxxkingPanda23: Successfully filled 2 block(s)]
[18:40:32] [Server thread/INFO]: [FxxkingPanda23: Successfully filled 9 block(s)]
[18:40:32] [Server thread/INFO]: [FxxkingPanda23: Changed the block at -803, 23, 840]
[18:40:32] [Server thread/INFO]: [FxxkingPanda23: Changed the block at -803, 24, 840]
[18:40:32] [Server thread/INFO]: [FxxkingPanda23: Successfully filled 2 block(s)]
[18:40:32] [Server thread/INFO]: [FxxkingPanda23: Successfully filled 2 block(s)]
[18:40:32] [Server thread/INFO]: [FxxkingPanda23: Changed the block at -803, 23, 843]
[18:40:32] [Server thread/INFO]: [FxxkingPanda23: Changed the block at -803, 24, 843]
[18:40:32] [Server thread/INFO]: [FxxkingPanda23: Successfully filled 2 block(s)]
[18:40:32] [Server thread/INFO]: [FxxkingPanda23: Successfully filled 2 block(s)]
[18:40:32] [Server thread/INFO]: [FxxkingPanda23: Changed the block at -803, 23, 846]
[18:40:32] [Server thread/INFO]: [FxxkingPanda23: Changed the block at -803, 24, 846]
[18:40:32] [Server thread/INFO]: [FxxkingPanda23: Changed the block at -803, 23, 847]
[18:40:32] [Server thread/INFO]: [FxxkingPanda23: Changed the block at -803, 24, 847]
[18:40:32] [Server thread/INFO]: [FxxkingPanda23: Successfully filled 2 block(s)]
[18:40:32] [Server thread/INFO]: [FxxkingPanda23: Changed the block at -802, 12, 832]
[18:40:32] [Server thread/INFO]: [FxxkingPanda23: Changed the block at -802, 13, 832]
[18:40:32] [Server thread/INFO]: [FxxkingPanda23: Changed the block at -802, 14, 832]
[18:40:32] [Server thread/INFO]: [FxxkingPanda23: Changed the block at -802, 18, 832]
[18:40:32] [Server thread/INFO]: [FxxkingPanda23: Successfully filled 1 block(s)]
[18:40:32] [Server thread/INFO]: [FxxkingPanda23: Changed the block at -802, 21, 834]
[18:40:32] [Server thread/INFO]: [FxxkingPanda23: Successfully filled 2 block(s)]
[18:40:32] [Server thread/INFO]: [FxxkingPanda23: Successfully filled 6 block(s)]
[18:40:32] [Server thread/INFO]: [FxxkingPanda23: Successfully filled 6 block(s)]
[18:40:32] [Server thread/INFO]: [FxxkingPanda23: Changed the block at -802, 19, 835]
[18:40:32] [Server thread/INFO]: [FxxkingPanda23: Successfully filled 2 block(s)]
[18:40:32] [Server thread/INFO]: [FxxkingPanda23: Changed the block at -802, 22, 835]
[18:40:32] [Server thread/INFO]: [FxxkingPanda23: Successfully filled 2 block(s)]
[18:40:32] [Server thread/INFO]: [FxxkingPanda23: Successfully filled 2 block(s)]
[18:40:32] [Server thread/INFO]: [FxxkingPanda23: Changed the block at -802, 22, 836]
[18:40:32] [Server thread/INFO]: [FxxkingPanda23: Changed the block at -802, 28, 836]
[18:40:32] [Server thread/INFO]: [FxxkingPanda23: Changed the block at -802, 21, 837]
[18:40:32] [Server thread/INFO]: [FxxkingPanda23: Successfully filled 2 block(s)]
[18:40:32] [Server thread/INFO]: [FxxkingPanda23: Successfully filled 2 block(s)]
[18:40:32] [Server thread/INFO]: [FxxkingPanda23: Changed the block at -802, 22, 838]
[18:40:32] [Server thread/INFO]: [FxxkingPanda23: Successfully filled 2 block(s)]
[18:40:32] [Server thread/INFO]: [FxxkingPanda23: Successfully filled 9 block(s)]
[18:40:32] [Server thread/INFO]: [FxxkingPanda23: Successfully filled 9 block(s)]
[18:40:32] [Server thread/INFO]: [FxxkingPanda23: Changed the block at -802, 22, 839]
[18:40:32] [Server thread/INFO]: [FxxkingPanda23: Changed the block at -802, 21, 840]
[18:40:32] [Server thread/INFO]: [FxxkingPanda23: Successfully filled 2 block(s)]
[18:40:32] [Server thread/INFO]: [FxxkingPanda23: Successfully filled 2 block(s)]
[18:40:32] [Server thread/INFO]: [FxxkingPanda23: Changed the block at -802, 22, 841]
[18:40:32] [Server thread/INFO]: [FxxkingPanda23: Successfully filled 2 block(s)]
[18:40:32] [Server thread/INFO]: [FxxkingPanda23: Changed the block at -802, 22, 842]
[18:40:32] [Server thread/INFO]: [FxxkingPanda23: Changed the block at -802, 21, 843]
[18:40:32] [Server thread/INFO]: [FxxkingPanda23: Successfully filled 2 block(s)]
[18:40:32] [Server thread/INFO]: [FxxkingPanda23: Successfully filled 2 block(s)]
[18:40:32] [Server thread/INFO]: [FxxkingPanda23: Changed the block at -802, 22, 844]
[18:40:32] [Server thread/INFO]: [FxxkingPanda23: Successfully filled 2 block(s)]
[18:40:32] [Server thread/INFO]: [FxxkingPanda23: Changed the block at -802, 22, 845]
[18:40:32] [Server thread/INFO]: [FxxkingPanda23: Changed the block at -802, 21, 846]
[18:40:32] [Server thread/INFO]: [FxxkingPanda23: Successfully filled 2 block(s)]
[18:40:32] [Server thread/INFO]: [FxxkingPanda23: Changed the block at -802, 21, 847]
[18:40:32] [Server thread/INFO]: [FxxkingPanda23: Changed the block at -802, 22, 847]
[18:40:32] [Server thread/INFO]: [FxxkingPanda23: Changed the block at -802, 23, 847]
[18:40:32] [Server thread/INFO]: [FxxkingPanda23: Changed the block at -801, 12, 832]
[18:40:32] [Server thread/INFO]: [FxxkingPanda23: Changed the block at -801, 18, 832]
[18:40:32] [Server thread/INFO]: [FxxkingPanda23: Changed the block at -801, 11, 833]
[18:40:32] [Server thread/INFO]: [FxxkingPanda23: Changed the block at -801, 27, 833]
[18:40:32] [Server thread/INFO]: [FxxkingPanda23: Changed the block at -801, 28, 833]
[18:40:32] [Server thread/INFO]: [FxxkingPanda23: Changed the block at -801, 29, 833]
[18:40:32] [Server thread/INFO]: [FxxkingPanda23: Changed the block at -801, 30, 833]
[18:40:32] [Server thread/INFO]: [FxxkingPanda23: Changed the block at -801, 31, 833]
[18:40:32] [Server thread/INFO]: [FxxkingPanda23: Changed the block at -801, 32, 833]
[18:40:32] [Server thread/INFO]: [FxxkingPanda23: Changed the block at -801, 33, 833]
[18:40:32] [Server thread/INFO]: [FxxkingPanda23: Changed the block at -801, 34, 833]
[18:40:32] [Server thread/INFO]: [FxxkingPanda23: Changed the block at -801, 35, 833]
[18:40:32] [Server thread/INFO]: [FxxkingPanda23: Changed the block at -801, 36, 833]
[18:40:32] [Server thread/INFO]: [FxxkingPanda23: Changed the block at -801, 37, 833]
[18:40:32] [Server thread/INFO]: [FxxkingPanda23: Changed the block at -801, 38, 833]
[18:40:32] [Server thread/INFO]: [FxxkingPanda23: Changed the block at -801, 39, 833]
[18:40:32] [Server thread/INFO]: [FxxkingPanda23: Changed the block at -801, 40, 833]
[18:40:32] [Server thread/INFO]: [FxxkingPanda23: Changed the block at -801, 41, 833]
[18:40:32] [Server thread/INFO]: [FxxkingPanda23: Changed the block at -801, 42, 833]
[18:40:32] [Server thread/INFO]: [FxxkingPanda23: Changed the block at -801, 43, 833]
[18:40:32] [Server thread/INFO]: [FxxkingPanda23: Changed the block at -801, 44, 833]
[18:40:32] [Server thread/INFO]: [FxxkingPanda23: Changed the block at -801, 45, 833]
[18:40:32] [Server thread/INFO]: [FxxkingPanda23: Changed the block at -801, 46, 833]
[18:40:32] [Server thread/INFO]: [FxxkingPanda23: Changed the block at -801, 47, 833]
[18:40:32] [Server thread/INFO]: [FxxkingPanda23: Changed the block at -801, 48, 833]
[18:40:32] [Server thread/INFO]: [FxxkingPanda23: Changed the block at -801, 49, 833]
[18:40:32] [Server thread/INFO]: [FxxkingPanda23: Changed the block at -801, 50, 833]
[18:40:32] [Server thread/INFO]: [FxxkingPanda23: Changed the block at -801, 51, 833]
[18:40:32] [Server thread/INFO]: [FxxkingPanda23: Changed the block at -801, 52, 833]
[18:40:32] [Server thread/INFO]: [FxxkingPanda23: Changed the block at -801, 53, 833]
[18:40:32] [Server thread/INFO]: [FxxkingPanda23: Changed the block at -801, 54, 833]
[18:40:32] [Server thread/INFO]: [FxxkingPanda23: Changed the block at -801, 55, 833]
[18:40:32] [Server thread/INFO]: [FxxkingPanda23: Changed the block at -801, 56, 833]
[18:40:32] [Server thread/INFO]: [FxxkingPanda23: Changed the block at -801, 57, 833]
[18:40:32] [Server thread/INFO]: [FxxkingPanda23: Changed the block at -801, 58, 833]
[18:40:32] [Server thread/INFO]: [FxxkingPanda23: Changed the block at -801, 59, 833]
[18:40:32] [Server thread/INFO]: [FxxkingPanda23: Changed the block at -801, 60, 833]
[18:40:32] [Server thread/INFO]: [FxxkingPanda23: Changed the block at -801, 61, 833]
[18:40:32] [Server thread/INFO]: [FxxkingPanda23: Changed the block at -801, 62, 833]
[18:40:32] [Server thread/INFO]: [FxxkingPanda23: Successfully filled 3 block(s)]
[18:40:32] [Server thread/INFO]: [FxxkingPanda23: Changed the block at -801, 22, 834]
[18:40:32] [Server thread/INFO]: [FxxkingPanda23: Successfully filled 3 block(s)]
[18:40:32] [Server thread/INFO]: [FxxkingPanda23: Changed the block at -801, 29, 834]
[18:40:32] [Server thread/INFO]: [FxxkingPanda23: Changed the block at -801, 33, 834]
[18:40:32] [Server thread/INFO]: [FxxkingPanda23: Changed the block at -801, 37, 834]
[18:40:32] [Server thread/INFO]: [FxxkingPanda23: Changed the block at -801, 41, 834]
[18:40:32] [Server thread/INFO]: [FxxkingPanda23: Changed the block at -801, 45, 834]
[18:40:32] [Server thread/INFO]: [FxxkingPanda23: Changed the block at -801, 49, 834]
[18:40:32] [Server thread/INFO]: [FxxkingPanda23: Changed the block at -801, 53, 834]
[18:40:32] [Server thread/INFO]: [FxxkingPanda23: Changed the block at -801, 57, 834]
[18:40:32] [Server thread/INFO]: [FxxkingPanda23: Changed the block at -801, 61, 834]
[18:40:32] [Server thread/INFO]: [FxxkingPanda23: Changed the block at -801, 19, 835]
[18:40:32] [Server thread/INFO]: [FxxkingPanda23: Successfully filled 4 block(s)]
[18:40:32] [Server thread/INFO]: [FxxkingPanda23: Successfully filled 2 block(s)]
[18:40:32] [Server thread/INFO]: [FxxkingPanda23: Changed the block at -801, 19, 836]
[18:40:32] [Server thread/INFO]: [FxxkingPanda23: Changed the block at -801, 28, 836]
[18:40:32] [Server thread/INFO]: [FxxkingPanda23: Successfully filled 2 block(s)]
[18:40:32] [Server thread/INFO]: [FxxkingPanda23: Successfully filled 2 block(s)]
[18:40:32] [Server thread/INFO]: [FxxkingPanda23: Successfully filled 9 block(s)]
[18:40:32] [Server thread/INFO]: [FxxkingPanda23: Successfully filled 9 block(s)]
[18:40:32] [Server thread/INFO]: [FxxkingPanda23: Successfully filled 9 block(s)]
[18:40:32] [Server thread/INFO]: [FxxkingPanda23: Successfully filled 2 block(s)]
[18:40:32] [Server thread/INFO]: [FxxkingPanda23: Successfully filled 2 block(s)]
[18:40:32] [Server thread/INFO]: [FxxkingPanda23: Changed the block at -801, 22, 847]
[18:40:32] [Server thread/ERROR]: Block-attached entity at invalid position: null
[18:40:32] [Server thread/INFO]: [FxxkingPanda23: Summoned new Item Frame]
[18:40:32] [Server thread/ERROR]: Block-attached entity at invalid position: null
[18:40:32] [Server thread/INFO]: [FxxkingPanda23: Summoned new Item Frame]
[18:40:32] [Server thread/ERROR]: Block-attached entity at invalid position: null
[18:40:32] [Server thread/INFO]: [FxxkingPanda23: Summoned new Item Frame]
[18:40:32] [Server thread/ERROR]: Block-attached entity at invalid position: null
[18:40:32] [Server thread/INFO]: [FxxkingPanda23: Summoned new Item Frame]
[18:40:32] [Server thread/ERROR]: Block-attached entity at invalid position: null
[18:40:32] [Server thread/INFO]: [FxxkingPanda23: Summoned new Item Frame]
[18:40:32] [Server thread/ERROR]: Block-attached entity at invalid position: null
[18:40:32] [Server thread/INFO]: [FxxkingPanda23: Summoned new Item Frame]
[18:40:32] [Server thread/ERROR]: Block-attached entity at invalid position: null
[18:40:32] [Server thread/INFO]: [FxxkingPanda23: Summoned new Item Frame]
[18:40:32] [Server thread/ERROR]: Block-attached entity at invalid position: null
[18:40:32] [Server thread/INFO]: [FxxkingPanda23: Summoned new Item Frame]
[18:40:32] [Server thread/ERROR]: Block-attached entity at invalid position: null
[18:40:32] [Server thread/INFO]: [FxxkingPanda23: Summoned new Item Frame]
[18:40:32] [Server thread/ERROR]: Block-attached entity at invalid position: null
[18:40:32] [Server thread/INFO]: [FxxkingPanda23: Summoned new Item Frame]
[18:40:32] [Server thread/ERROR]: Block-attached entity at invalid position: null
[18:40:32] [Server thread/INFO]: [FxxkingPanda23: Summoned new Item Frame]
[18:40:32] [Server thread/ERROR]: Block-attached entity at invalid position: null
[18:40:32] [Server thread/INFO]: [FxxkingPanda23: Summoned new Item Frame]
[18:40:32] [Server thread/ERROR]: Block-attached entity at invalid position: null
[18:40:32] [Server thread/INFO]: [FxxkingPanda23: Summoned new Item Frame]
[18:40:32] [Server thread/ERROR]: Block-attached entity at invalid position: null
[18:40:32] [Server thread/INFO]: [FxxkingPanda23: Summoned new Item Frame]
[18:40:32] [Server thread/ERROR]: Block-attached entity at invalid position: null
[18:40:32] [Server thread/INFO]: [FxxkingPanda23: Summoned new Item Frame]
[18:40:32] [Server thread/ERROR]: Block-attached entity at invalid position: null
[18:40:32] [Server thread/INFO]: [FxxkingPanda23: Summoned new Item Frame]
[18:40:32] [Server thread/ERROR]: Block-attached entity at invalid position: null
[18:40:32] [Server thread/INFO]: [FxxkingPanda23: Summoned new Item Frame]
[18:40:32] [Server thread/ERROR]: Block-attached entity at invalid position: null
[18:40:32] [Server thread/INFO]: [FxxkingPanda23: Summoned new Item Frame]
[18:40:32] [Server thread/INFO]: [FxxkingPanda23: Successfully filled 13 block(s)]
[18:40:32] [Server thread/INFO]: [FxxkingPanda23: Successfully filled 12 block(s)]
[18:40:32] [Server thread/INFO]: [FxxkingPanda23: Successfully filled 13 block(s)]
[18:40:32] [Server thread/INFO]: [FxxkingPanda23: Successfully filled 13 block(s)]
[18:40:32] [Server thread/INFO]: [FxxkingPanda23: Successfully filled 39 block(s)]
[18:40:32] [Server thread/INFO]: [FxxkingPanda23: Successfully filled 24 block(s)]
[18:40:32] [Server thread/INFO]: [FxxkingPanda23: Successfully filled 104 block(s)]
[18:40:32] [Server thread/INFO]: [FxxkingPanda23: Successfully filled 13 block(s)]
[18:40:32] [Server thread/INFO]: [FxxkingPanda23: Successfully filled 13 block(s)]
[18:40:32] [Server thread/INFO]: [FxxkingPanda23: Successfully filled 13 block(s)]
[18:40:32] [Server thread/INFO]: [FxxkingPanda23: Successfully filled 13 block(s)]
[18:40:32] [Server thread/INFO]: [FxxkingPanda23: Successfully filled 13 block(s)]
[18:40:32] [Server thread/INFO]: [FxxkingPanda23: Successfully filled 15 block(s)]
[18:40:32] [Server thread/INFO]: [FxxkingPanda23: Successfully filled 13 block(s)]
[18:40:32] [Server thread/INFO]: [FxxkingPanda23: Successfully filled 13 block(s)]
[18:40:32] [Server thread/INFO]: [FxxkingPanda23: Successfully filled 13 block(s)]
[18:40:32] [Server thread/INFO]: [FxxkingPanda23: Successfully filled 13 block(s)]
[18:40:32] [Server thread/INFO]: [FxxkingPanda23: Successfully filled 13 block(s)]
[18:40:32] [Server thread/INFO]: [FxxkingPanda23: Successfully filled 13 block(s)]
[18:40:32] [Server thread/INFO]: [FxxkingPanda23: Successfully filled 13 block(s)]
[18:40:32] [Server thread/INFO]: [FxxkingPanda23: Changed the block at -784, 21, 823]
[18:40:32] [Server thread/INFO]: [FxxkingPanda23: Successfully filled 2 block(s)]
[18:40:32] [Server thread/INFO]: [FxxkingPanda23: Successfully filled 13 block(s)]
[18:40:32] [Server thread/INFO]: [FxxkingPanda23: Changed the block at -784, 23, 824]
[18:40:32] [Server thread/INFO]: [FxxkingPanda23: Changed the block at -784, 24, 824]
[18:40:32] [Server thread/INFO]: [FxxkingPanda23: Changed the block at -784, 24, 825]
[18:40:32] [Server thread/INFO]: [FxxkingPanda23: Successfully filled 13 block(s)]
[18:40:32] [Server thread/INFO]: [FxxkingPanda23: Successfully filled 12 block(s)]
[18:40:32] [Server thread/INFO]: [FxxkingPanda23: Changed the block at -784, 25, 826]
[18:40:32] [Server thread/INFO]: [FxxkingPanda23: Changed the block at -784, 26, 826]
[18:40:32] [Server thread/INFO]: [FxxkingPanda23: Successfully filled 11 block(s)]
[18:40:32] [Server thread/INFO]: [FxxkingPanda23: Changed the block at -784, 23, 827]
[18:40:32] [Server thread/INFO]: [FxxkingPanda23: Changed the block at -784, 24, 827]
[18:40:32] [Server thread/INFO]: [FxxkingPanda23: Changed the block at -784, 25, 827]
[18:40:32] [Server thread/INFO]: [FxxkingPanda23: Changed the block at -784, 26, 827]
[18:40:32] [Server thread/INFO]: [FxxkingPanda23: Successfully filled 12 block(s)]
[18:40:32] [Server thread/INFO]: [FxxkingPanda23: Changed the block at -784, 25, 828]
[18:40:32] [Server thread/INFO]: [FxxkingPanda23: Changed the block at -784, 26, 828]
[18:40:32] [Server thread/INFO]: [FxxkingPanda23: Successfully filled 39 block(s)]
[18:40:32] [Server thread/INFO]: [FxxkingPanda23: Changed the block at -784, 24, 829]
[18:40:32] [Server thread/INFO]: [FxxkingPanda23: Successfully filled 13 block(s)]
[18:40:32] [Server thread/INFO]: [FxxkingPanda23: Successfully filled 13 block(s)]
[18:40:32] [Server thread/INFO]: [FxxkingPanda23: Changed the block at -784, 23, 830]
[18:40:32] [Server thread/INFO]: [FxxkingPanda23: Changed the block at -784, 24, 830]
[18:40:32] [Server thread/INFO]: [FxxkingPanda23: Successfully filled 13 block(s)]
[18:40:32] [Server thread/INFO]: [FxxkingPanda23: Successfully filled 13 block(s)]
[18:40:32] [Server thread/INFO]: [FxxkingPanda23: Changed the block at -784, 21, 831]
[18:40:32] [Server thread/INFO]: [FxxkingPanda23: Successfully filled 2 block(s)]
[18:40:32] [Server thread/INFO]: [FxxkingPanda23: Successfully filled 2 block(s)]
[18:40:32] [Server thread/INFO]: [FxxkingPanda23: Successfully filled 2 block(s)]
[18:40:32] [Server thread/INFO]: [FxxkingPanda23: Changed the block at -783, 22, 823]
[18:40:32] [Server thread/INFO]: [FxxkingPanda23: Successfully filled 2 block(s)]
[18:40:32] [Server thread/INFO]: [FxxkingPanda23: Successfully filled 2 block(s)]
[18:40:32] [Server thread/INFO]: [FxxkingPanda23: Successfully filled 2 block(s)]
[18:40:32] [Server thread/INFO]: [FxxkingPanda23: Successfully filled 2 block(s)]
[18:40:32] [Server thread/INFO]: [FxxkingPanda23: Changed the block at -783, 26, 826]
[18:40:32] [Server thread/INFO]: [FxxkingPanda23: Changed the block at -783, 26, 827]
[18:40:32] [Server thread/INFO]: [FxxkingPanda23: Changed the block at -783, 26, 828]
[18:40:32] [Server thread/INFO]: [FxxkingPanda23: Successfully filled 2 block(s)]
[18:40:32] [Server thread/INFO]: [FxxkingPanda23: Successfully filled 2 block(s)]
[18:40:32] [Server thread/INFO]: [FxxkingPanda23: Successfully filled 2 block(s)]
[18:40:32] [Server thread/INFO]: [FxxkingPanda23: Successfully filled 2 block(s)]
[18:40:32] [Server thread/INFO]: [FxxkingPanda23: Changed the block at -783, 22, 831]
[18:40:32] [Server thread/INFO]: [FxxkingPanda23: Successfully filled 2 block(s)]
[18:40:32] [Server thread/INFO]: [FxxkingPanda23: Changed the block at -782, 22, 823]
[18:40:32] [Server thread/INFO]: [FxxkingPanda23: Changed the block at -782, 26, 826]
[18:40:32] [Server thread/INFO]: [FxxkingPanda23: Changed the block at -782, 26, 827]
[18:40:32] [Server thread/INFO]: [FxxkingPanda23: Changed the block at -782, 26, 828]
[18:40:32] [Server thread/INFO]: [FxxkingPanda23: Changed the block at -782, 22, 831]
[18:40:32] [Server thread/INFO]: [FxxkingPanda23: Changed the block at -781, 21, 823]
[18:40:32] [Server thread/INFO]: [FxxkingPanda23: Successfully filled 2 block(s)]
[18:40:32] [Server thread/INFO]: [FxxkingPanda23: Changed the block at -781, 23, 824]
[18:40:32] [Server thread/INFO]: [FxxkingPanda23: Changed the block at -781, 24, 824]
[18:40:32] [Server thread/INFO]: [FxxkingPanda23: Changed the block at -781, 24, 825]
[18:40:32] [Server thread/INFO]: [FxxkingPanda23: Changed the block at -781, 25, 826]
[18:40:32] [Server thread/INFO]: [FxxkingPanda23: Changed the block at -781, 26, 826]
[18:40:32] [Server thread/INFO]: [FxxkingPanda23: Changed the block at -781, 23, 827]
[18:40:32] [Server thread/INFO]: [FxxkingPanda23: Changed the block at -781, 24, 827]
[18:40:32] [Server thread/INFO]: [FxxkingPanda23: Changed the block at -781, 25, 827]
[18:40:32] [Server thread/INFO]: [FxxkingPanda23: Changed the block at -781, 26, 827]
[18:40:32] [Server thread/INFO]: [FxxkingPanda23: Changed the block at -781, 25, 828]
[18:40:32] [Server thread/INFO]: [FxxkingPanda23: Changed the block at -781, 26, 828]
[18:40:32] [Server thread/INFO]: [FxxkingPanda23: Changed the block at -781, 24, 829]
[18:40:32] [Server thread/INFO]: [FxxkingPanda23: Changed the block at -781, 23, 830]
[18:40:32] [Server thread/INFO]: [FxxkingPanda23: Changed the block at -781, 24, 830]
[18:40:32] [Server thread/INFO]: [FxxkingPanda23: Changed the block at -781, 21, 831]
[18:40:32] [Server thread/INFO]: [FxxkingPanda23: Successfully filled 2 block(s)]
[18:40:32] [Server thread/INFO]: [FxxkingPanda23: Successfully filled 2 block(s)]
[18:40:32] [Server thread/INFO]: [FxxkingPanda23: Successfully filled 2 block(s)]
[18:40:32] [Server thread/INFO]: [FxxkingPanda23: Changed the block at -780, 22, 823]
[18:40:32] [Server thread/INFO]: [FxxkingPanda23: Successfully filled 2 block(s)]
[18:40:32] [Server thread/INFO]: [FxxkingPanda23: Successfully filled 2 block(s)]
[18:40:32] [Server thread/INFO]: [FxxkingPanda23: Successfully filled 2 block(s)]
[18:40:32] [Server thread/INFO]: [FxxkingPanda23: Successfully filled 2 block(s)]
[18:40:32] [Server thread/INFO]: [FxxkingPanda23: Changed the block at -780, 26, 826]
[18:40:32] [Server thread/INFO]: [FxxkingPanda23: Changed the block at -780, 26, 827]
[18:40:32] [Server thread/INFO]: [FxxkingPanda23: Changed the block at -780, 26, 828]
[18:40:32] [Server thread/INFO]: [FxxkingPanda23: Successfully filled 2 block(s)]
[18:40:32] [Server thread/INFO]: [FxxkingPanda23: Successfully filled 2 block(s)]
[18:40:32] [Server thread/INFO]: [FxxkingPanda23: Successfully filled 2 block(s)]
[18:40:32] [Server thread/INFO]: [FxxkingPanda23: Successfully filled 2 block(s)]
[18:40:32] [Server thread/INFO]: [FxxkingPanda23: Changed the block at -780, 22, 831]
[18:40:32] [Server thread/INFO]: [FxxkingPanda23: Successfully filled 2 block(s)]
[18:40:32] [Server thread/INFO]: [FxxkingPanda23: Changed the block at -779, 22, 823]
[18:40:32] [Server thread/INFO]: [FxxkingPanda23: Changed the block at -779, 26, 826]
[18:40:32] [Server thread/INFO]: [FxxkingPanda23: Changed the block at -779, 26, 827]
[18:40:32] [Server thread/INFO]: [FxxkingPanda23: Changed the block at -779, 26, 828]
[18:40:32] [Server thread/INFO]: [FxxkingPanda23: Changed the block at -779, 22, 831]
[18:40:32] [Server thread/INFO]: [FxxkingPanda23: Changed the block at -778, 21, 823]
[18:40:32] [Server thread/INFO]: [FxxkingPanda23: Successfully filled 2 block(s)]
[18:40:32] [Server thread/INFO]: [FxxkingPanda23: Changed the block at -778, 23, 824]
[18:40:32] [Server thread/INFO]: [FxxkingPanda23: Changed the block at -778, 24, 824]
[18:40:32] [Server thread/INFO]: [FxxkingPanda23: Changed the block at -778, 24, 825]
[18:40:32] [Server thread/INFO]: [FxxkingPanda23: Changed the block at -778, 25, 826]
[18:40:32] [Server thread/INFO]: [FxxkingPanda23: Changed the block at -778, 26, 826]
[18:40:32] [Server thread/INFO]: [FxxkingPanda23: Changed the block at -778, 23, 827]
[18:40:32] [Server thread/INFO]: [FxxkingPanda23: Changed the block at -778, 24, 827]
[18:40:32] [Server thread/INFO]: [FxxkingPanda23: Changed the block at -778, 25, 827]
[18:40:32] [Server thread/INFO]: [FxxkingPanda23: Changed the block at -778, 26, 827]
[18:40:32] [Server thread/INFO]: [FxxkingPanda23: Changed the block at -778, 25, 828]
[18:40:32] [Server thread/INFO]: [FxxkingPanda23: Changed the block at -778, 26, 828]
[18:40:32] [Server thread/INFO]: [FxxkingPanda23: Changed the block at -778, 24, 829]
[18:40:32] [Server thread/INFO]: [FxxkingPanda23: Changed the block at -778, 23, 830]
[18:40:32] [Server thread/INFO]: [FxxkingPanda23: Changed the block at -778, 24, 830]
[18:40:32] [Server thread/INFO]: [FxxkingPanda23: Changed the block at -778, 21, 831]
[18:40:32] [Server thread/INFO]: [FxxkingPanda23: Successfully filled 2 block(s)]
[18:40:32] [Server thread/INFO]: [FxxkingPanda23: Successfully filled 2 block(s)]
[18:40:32] [Server thread/INFO]: [FxxkingPanda23: Successfully filled 2 block(s)]
[18:40:32] [Server thread/INFO]: [FxxkingPanda23: Changed the block at -777, 22, 823]
[18:40:32] [Server thread/INFO]: [FxxkingPanda23: Successfully filled 2 block(s)]
[18:40:32] [Server thread/INFO]: [FxxkingPanda23: Successfully filled 2 block(s)]
[18:40:32] [Server thread/INFO]: [FxxkingPanda23: Successfully filled 2 block(s)]
[18:40:32] [Server thread/INFO]: [FxxkingPanda23: Successfully filled 2 block(s)]
[18:40:32] [Server thread/INFO]: [FxxkingPanda23: Changed the block at -777, 26, 826]
[18:40:32] [Server thread/INFO]: [FxxkingPanda23: Changed the block at -777, 26, 827]
[18:40:32] [Server thread/INFO]: [FxxkingPanda23: Changed the block at -777, 26, 828]
[18:40:32] [Server thread/INFO]: [FxxkingPanda23: Successfully filled 2 block(s)]
[18:40:32] [Server thread/INFO]: [FxxkingPanda23: Successfully filled 2 block(s)]
[18:40:32] [Server thread/INFO]: [FxxkingPanda23: Successfully filled 2 block(s)]
[18:40:32] [Server thread/INFO]: [FxxkingPanda23: Successfully filled 2 block(s)]
[18:40:32] [Server thread/INFO]: [FxxkingPanda23: Changed the block at -777, 22, 831]
[18:40:32] [Server thread/INFO]: [FxxkingPanda23: Successfully filled 2 block(s)]
[18:40:32] [Server thread/INFO]: [FxxkingPanda23: Changed the block at -776, 22, 823]
[18:40:32] [Server thread/INFO]: [FxxkingPanda23: Changed the block at -776, 26, 826]
[18:40:32] [Server thread/INFO]: [FxxkingPanda23: Changed the block at -776, 26, 827]
[18:40:32] [Server thread/INFO]: [FxxkingPanda23: Changed the block at -776, 26, 828]
[18:40:32] [Server thread/INFO]: [FxxkingPanda23: Changed the block at -776, 22, 831]
[18:40:32] [Server thread/INFO]: [FxxkingPanda23: Changed the block at -775, 21, 823]
[18:40:32] [Server thread/INFO]: [FxxkingPanda23: Successfully filled 2 block(s)]
[18:40:32] [Server thread/INFO]: [FxxkingPanda23: Changed the block at -775, 23, 824]
[18:40:32] [Server thread/INFO]: [FxxkingPanda23: Changed the block at -775, 24, 824]
[18:40:32] [Server thread/INFO]: [FxxkingPanda23: Changed the block at -775, 24, 825]
[18:40:32] [Server thread/INFO]: [FxxkingPanda23: Changed the block at -775, 25, 826]
[18:40:32] [Server thread/INFO]: [FxxkingPanda23: Changed the block at -775, 26, 826]
[18:40:32] [Server thread/INFO]: [FxxkingPanda23: Changed the block at -775, 23, 827]
[18:40:32] [Server thread/INFO]: [FxxkingPanda23: Changed the block at -775, 24, 827]
[18:40:32] [Server thread/INFO]: [FxxkingPanda23: Changed the block at -775, 25, 827]
[18:40:32] [Server thread/INFO]: [FxxkingPanda23: Changed the block at -775, 26, 827]
[18:40:32] [Server thread/INFO]: [FxxkingPanda23: Changed the block at -775, 25, 828]
[18:40:32] [Server thread/INFO]: [FxxkingPanda23: Changed the block at -775, 26, 828]
[18:40:32] [Server thread/INFO]: [FxxkingPanda23: Changed the block at -775, 24, 829]
[18:40:32] [Server thread/INFO]: [FxxkingPanda23: Changed the block at -775, 23, 830]
[18:40:32] [Server thread/INFO]: [FxxkingPanda23: Changed the block at -775, 24, 830]
[18:40:32] [Server thread/INFO]: [FxxkingPanda23: Changed the block at -775, 21, 831]
[18:40:32] [Server thread/INFO]: [FxxkingPanda23: Successfully filled 2 block(s)]
[18:40:32] [Server thread/INFO]: [FxxkingPanda23: Successfully filled 2 block(s)]
[18:40:32] [Server thread/INFO]: [FxxkingPanda23: Successfully filled 2 block(s)]
[18:40:32] [Server thread/INFO]: [FxxkingPanda23: Changed the block at -774, 22, 823]
[18:40:32] [Server thread/INFO]: [FxxkingPanda23: Successfully filled 2 block(s)]
[18:40:32] [Server thread/INFO]: [FxxkingPanda23: Successfully filled 2 block(s)]
[18:40:32] [Server thread/INFO]: [FxxkingPanda23: Successfully filled 2 block(s)]
[18:40:32] [Server thread/INFO]: [FxxkingPanda23: Successfully filled 2 block(s)]
[18:40:32] [Server thread/INFO]: [FxxkingPanda23: Changed the block at -774, 26, 826]
[18:40:32] [Server thread/INFO]: [FxxkingPanda23: Changed the block at -774, 26, 827]
[18:40:32] [Server thread/INFO]: [FxxkingPanda23: Changed the block at -774, 26, 828]
[18:40:32] [Server thread/INFO]: [FxxkingPanda23: Successfully filled 2 block(s)]
[18:40:32] [Server thread/INFO]: [FxxkingPanda23: Successfully filled 2 block(s)]
[18:40:32] [Server thread/INFO]: [FxxkingPanda23: Successfully filled 2 block(s)]
[18:40:32] [Server thread/INFO]: [FxxkingPanda23: Successfully filled 2 block(s)]
[18:40:32] [Server thread/INFO]: [FxxkingPanda23: Changed the block at -774, 22, 831]
[18:40:32] [Server thread/INFO]: [FxxkingPanda23: Successfully filled 2 block(s)]
[18:40:32] [Server thread/INFO]: [FxxkingPanda23: Changed the block at -773, 22, 823]
[18:40:32] [Server thread/INFO]: [FxxkingPanda23: Successfully filled 3 block(s)]
[18:40:32] [Server thread/INFO]: [FxxkingPanda23: Changed the block at -773, 18, 827]
[18:40:32] [Server thread/INFO]: [FxxkingPanda23: Changed the block at -773, 22, 831]
[18:40:32] [Server thread/INFO]: [FxxkingPanda23: Changed the block at -772, 21, 816]
[18:40:32] [Server thread/INFO]: [FxxkingPanda23: Successfully filled 2 block(s)]
[18:40:32] [Server thread/INFO]: [FxxkingPanda23: Changed the block at -772, 21, 823]
[18:40:32] [Server thread/INFO]: [FxxkingPanda23: Successfully filled 2 block(s)]
[18:40:32] [Server thread/INFO]: [FxxkingPanda23: Changed the block at -772, 23, 824]
[18:40:32] [Server thread/INFO]: [FxxkingPanda23: Changed the block at -772, 24, 824]
[18:40:32] [Server thread/INFO]: [FxxkingPanda23: Changed the block at -772, 24, 825]
[18:40:32] [Server thread/INFO]: [FxxkingPanda23: Changed the block at -772, 18, 826]
[18:40:32] [Server thread/INFO]: [FxxkingPanda23: Changed the block at -772, 25, 826]
[18:40:32] [Server thread/INFO]: [FxxkingPanda23: Successfully filled 3 block(s)]
[18:40:32] [Server thread/INFO]: [FxxkingPanda23: Changed the block at -772, 18, 827]
[18:40:32] [Server thread/INFO]: [FxxkingPanda23: Changed the block at -772, 18, 828]
[18:40:32] [Server thread/INFO]: [FxxkingPanda23: Changed the block at -772, 25, 828]
[18:40:32] [Server thread/INFO]: [FxxkingPanda23: Changed the block at -772, 24, 829]
[18:40:32] [Server thread/INFO]: [FxxkingPanda23: Changed the block at -772, 23, 830]
[18:40:32] [Server thread/INFO]: [FxxkingPanda23: Changed the block at -772, 24, 830]
[18:40:32] [Server thread/INFO]: [FxxkingPanda23: Changed the block at -772, 21, 831]
[18:40:32] [Server thread/INFO]: [FxxkingPanda23: Successfully filled 2 block(s)]
[18:40:32] [Server thread/INFO]: [FxxkingPanda23: Successfully filled 4 block(s)]
[18:40:32] [Server thread/INFO]: [FxxkingPanda23: Successfully filled 3 block(s)]
[18:40:32] [Server thread/INFO]: [FxxkingPanda23: Successfully filled 3 block(s)]
[18:40:32] [Server thread/INFO]: [FxxkingPanda23: Successfully filled 2 block(s)]
[18:40:32] [Server thread/INFO]: [FxxkingPanda23: Successfully filled 2 block(s)]
[18:40:32] [Server thread/INFO]: [FxxkingPanda23: Changed the block at -771, 24, 825]
[18:40:32] [Server thread/INFO]: [FxxkingPanda23: Successfully filled 7 block(s)]
[18:40:32] [Server thread/INFO]: [FxxkingPanda23: Successfully filled 7 block(s)]
[18:40:32] [Server thread/INFO]: [FxxkingPanda23: Successfully filled 7 block(s)]
[18:40:32] [Server thread/INFO]: [FxxkingPanda23: Successfully filled 6 block(s)]
[18:40:32] [Server thread/INFO]: [FxxkingPanda23: Successfully filled 3 block(s)]
[18:40:32] [Server thread/INFO]: [FxxkingPanda23: Successfully filled 2 block(s)]
[18:40:32] [Server thread/INFO]: [FxxkingPanda23: Successfully filled 2 block(s)]
[18:40:32] [Server thread/INFO]: [FxxkingPanda23: Changed the block at -771, 24, 829]
[18:40:32] [Server thread/INFO]: [FxxkingPanda23: Successfully filled 11 block(s)]
[18:40:32] [Server thread/ERROR]: Block-attached entity at invalid position: null
[18:40:32] [Server thread/INFO]: [FxxkingPanda23: Summoned new Item Frame]
[18:40:32] [Server thread/ERROR]: Block-attached entity at invalid position: null
[18:40:32] [Server thread/INFO]: [FxxkingPanda23: Summoned new Item Frame]
[18:40:32] [Server thread/ERROR]: Block-attached entity at invalid position: null
[18:40:32] [Server thread/INFO]: [FxxkingPanda23: Summoned new Item Frame]
[18:40:32] [Server thread/ERROR]: Block-attached entity at invalid position: null
[18:40:32] [Server thread/INFO]: [FxxkingPanda23: Summoned new Item Frame]
[18:40:32] [Server thread/ERROR]: Block-attached entity at invalid position: null
[18:40:32] [Server thread/INFO]: [FxxkingPanda23: Summoned new Item Frame]
[18:40:32] [Server thread/ERROR]: Block-attached entity at invalid position: null
[18:40:32] [Server thread/INFO]: [FxxkingPanda23: Summoned new Item Frame]
[18:40:32] [Server thread/ERROR]: Block-attached entity at invalid position: null
[18:40:32] [Server thread/INFO]: [FxxkingPanda23: Summoned new Item Frame]
[18:40:32] [Server thread/ERROR]: Block-attached entity at invalid position: null
[18:40:32] [Server thread/INFO]: [FxxkingPanda23: Summoned new Item Frame]
[18:40:32] [Server thread/ERROR]: Block-attached entity at invalid position: null
[18:40:32] [Server thread/INFO]: [FxxkingPanda23: Summoned new Item Frame]
[18:40:32] [Server thread/ERROR]: Block-attached entity at invalid position: null
[18:40:32] [Server thread/INFO]: [FxxkingPanda23: Summoned new Item Frame]
[18:40:32] [Server thread/ERROR]: Block-attached entity at invalid position: null
[18:40:32] [Server thread/INFO]: [FxxkingPanda23: Summoned new Item Frame]
[18:40:32] [Server thread/ERROR]: Block-attached entity at invalid position: null
[18:40:32] [Server thread/INFO]: [FxxkingPanda23: Summoned new Item Frame]
[18:40:32] [Server thread/ERROR]: Block-attached entity at invalid position: null
[18:40:32] [Server thread/INFO]: [FxxkingPanda23: Summoned new Item Frame]
[18:40:32] [Server thread/ERROR]: Block-attached entity at invalid position: null
[18:40:32] [Server thread/INFO]: [FxxkingPanda23: Summoned new Item Frame]
[18:40:32] [Server thread/ERROR]: Block-attached entity at invalid position: null
[18:40:32] [Server thread/INFO]: [FxxkingPanda23: Summoned new Item Frame]
[18:40:32] [Server thread/ERROR]: Block-attached entity at invalid position: null
[18:40:32] [Server thread/INFO]: [FxxkingPanda23: Summoned new Item Frame]
[18:40:32] [Server thread/ERROR]: Block-attached entity at invalid position: null
[18:40:32] [Server thread/INFO]: [FxxkingPanda23: Summoned new Item Frame]
[18:40:32] [Server thread/ERROR]: Block-attached entity at invalid position: null
[18:40:32] [Server thread/INFO]: [FxxkingPanda23: Summoned new Item Frame]
[18:40:32] [Server thread/ERROR]: Block-attached entity at invalid position: null
[18:40:32] [Server thread/INFO]: [FxxkingPanda23: Summoned new Item Frame]
[18:40:32] [Server thread/ERROR]: Block-attached entity at invalid position: null
[18:40:32] [Server thread/INFO]: [FxxkingPanda23: Summoned new Item Frame]
[18:40:32] [Server thread/ERROR]: Block-attached entity at invalid position: null
[18:40:32] [Server thread/INFO]: [FxxkingPanda23: Summoned new Item Frame]
[18:40:32] [Server thread/ERROR]: Block-attached entity at invalid position: null
[18:40:32] [Server thread/INFO]: [FxxkingPanda23: Summoned new Item Frame]
[18:40:32] [Server thread/ERROR]: Block-attached entity at invalid position: null
[18:40:32] [Server thread/INFO]: [FxxkingPanda23: Summoned new Item Frame]
[18:40:32] [Server thread/ERROR]: Block-attached entity at invalid position: null
[18:40:32] [Server thread/INFO]: [FxxkingPanda23: Summoned new Item Frame]
[18:40:32] [Server thread/ERROR]: Block-attached entity at invalid position: null
[18:40:32] [Server thread/INFO]: [FxxkingPanda23: Summoned new Item Frame]
[18:40:32] [Server thread/ERROR]: Block-attached entity at invalid position: null
[18:40:32] [Server thread/INFO]: [FxxkingPanda23: Summoned new Item Frame]
[18:40:32] [Server thread/INFO]: [FxxkingPanda23: Successfully filled 126 block(s)]
[18:40:32] [Server thread/INFO]: [FxxkingPanda23: Successfully filled 14 block(s)]
[18:40:32] [Server thread/INFO]: [FxxkingPanda23: Successfully filled 14 block(s)]
[18:40:32] [Server thread/INFO]: [FxxkingPanda23: Successfully filled 42 block(s)]
[18:40:32] [Server thread/INFO]: [FxxkingPanda23: Successfully filled 26 block(s)]
[18:40:32] [Server thread/INFO]: [FxxkingPanda23: Successfully filled 2 block(s)]
[18:40:32] [Server thread/INFO]: [FxxkingPanda23: Successfully filled 14 block(s)]
[18:40:32] [Server thread/INFO]: [FxxkingPanda23: Successfully filled 14 block(s)]
[18:40:32] [Server thread/INFO]: [FxxkingPanda23: Successfully filled 14 block(s)]
[18:40:32] [Server thread/INFO]: [FxxkingPanda23: Successfully filled 14 block(s)]
[18:40:32] [Server thread/INFO]: [FxxkingPanda23: Successfully filled 14 block(s)]
[18:40:32] [Server thread/INFO]: [FxxkingPanda23: Successfully filled 15 block(s)]
[18:40:32] [Server thread/INFO]: [FxxkingPanda23: Successfully filled 13 block(s)]
[18:40:32] [Server thread/INFO]: [FxxkingPanda23: Successfully filled 14 block(s)]
[18:40:32] [Server thread/INFO]: [FxxkingPanda23: Successfully filled 14 block(s)]
[18:40:32] [Server thread/INFO]: [FxxkingPanda23: Successfully filled 14 block(s)]
[18:40:32] [Server thread/INFO]: [FxxkingPanda23: Successfully filled 14 block(s)]
[18:40:32] [Server thread/INFO]: [FxxkingPanda23: Successfully filled 14 block(s)]
[18:40:32] [Server thread/INFO]: [FxxkingPanda23: Changed the block at -811, 22, 848]
[18:40:32] [Server thread/INFO]: [FxxkingPanda23: Successfully filled 2 block(s)]
[18:40:32] [Server thread/INFO]: [FxxkingPanda23: Successfully filled 2 block(s)]
[18:40:32] [Server thread/INFO]: [FxxkingPanda23: Successfully filled 2 block(s)]
[18:40:32] [Server thread/INFO]: [FxxkingPanda23: Successfully filled 2 block(s)]
[18:40:32] [Server thread/INFO]: [FxxkingPanda23: Successfully filled 14 block(s)]
[18:40:32] [Server thread/INFO]: [FxxkingPanda23: Successfully filled 14 block(s)]
[18:40:32] [Server thread/INFO]: [FxxkingPanda23: Changed the block at -810, 21, 848]
[18:40:32] [Server thread/INFO]: [FxxkingPanda23: Changed the block at -810, 22, 848]
[18:40:32] [Server thread/INFO]: [FxxkingPanda23: Changed the block at -810, 23, 848]
[18:40:32] [Server thread/INFO]: [FxxkingPanda23: Changed the block at -810, 21, 849]
[18:40:32] [Server thread/INFO]: [FxxkingPanda23: Successfully filled 2 block(s)]
[18:40:32] [Server thread/INFO]: [FxxkingPanda23: Successfully filled 2 block(s)]
[18:40:32] [Server thread/INFO]: [FxxkingPanda23: Changed the block at -810, 22, 850]
[18:40:32] [Server thread/INFO]: [FxxkingPanda23: Successfully filled 2 block(s)]
[18:40:32] [Server thread/INFO]: [FxxkingPanda23: Changed the block at -810, 22, 851]
[18:40:32] [Server thread/INFO]: [FxxkingPanda23: Changed the block at -810, 21, 852]
[18:40:32] [Server thread/INFO]: [FxxkingPanda23: Successfully filled 2 block(s)]
[18:40:32] [Server thread/INFO]: [FxxkingPanda23: Successfully filled 2 block(s)]
[18:40:32] [Server thread/INFO]: [FxxkingPanda23: Changed the block at -810, 22, 853]
[18:40:32] [Server thread/INFO]: [FxxkingPanda23: Successfully filled 2 block(s)]
[18:40:32] [Server thread/INFO]: [FxxkingPanda23: Changed the block at -810, 22, 854]
[18:40:32] [Server thread/INFO]: [FxxkingPanda23: Changed the block at -810, 21, 855]
[18:40:32] [Server thread/INFO]: [FxxkingPanda23: Successfully filled 2 block(s)]
[18:40:32] [Server thread/INFO]: [FxxkingPanda23: Successfully filled 2 block(s)]
[18:40:32] [Server thread/INFO]: [FxxkingPanda23: Changed the block at -810, 22, 856]
[18:40:32] [Server thread/INFO]: [FxxkingPanda23: Successfully filled 2 block(s)]
[18:40:32] [Server thread/INFO]: [FxxkingPanda23: Changed the block at -810, 22, 857]
[18:40:32] [Server thread/INFO]: [FxxkingPanda23: Changed the block at -810, 21, 858]
[18:40:32] [Server thread/INFO]: [FxxkingPanda23: Successfully filled 2 block(s)]
[18:40:32] [Server thread/INFO]: [FxxkingPanda23: Successfully filled 2 block(s)]
[18:40:32] [Server thread/INFO]: [FxxkingPanda23: Changed the block at -810, 22, 859]
[18:40:32] [Server thread/INFO]: [FxxkingPanda23: Successfully filled 2 block(s)]
[18:40:32] [Server thread/INFO]: [FxxkingPanda23: Changed the block at -810, 22, 860]
[18:40:32] [Server thread/INFO]: [FxxkingPanda23: Changed the block at -810, 21, 861]
[18:40:32] [Server thread/INFO]: [FxxkingPanda23: Successfully filled 2 block(s)]
[18:40:32] [Server thread/INFO]: [FxxkingPanda23: Successfully filled 6 block(s)]
[18:40:32] [Server thread/INFO]: [FxxkingPanda23: Successfully filled 3 block(s)]
[18:40:32] [Server thread/INFO]: [FxxkingPanda23: Successfully filled 14 block(s)]
[18:40:32] [Server thread/INFO]: [FxxkingPanda23: Changed the block at -809, 23, 848]
[18:40:32] [Server thread/INFO]: [FxxkingPanda23: Changed the block at -809, 24, 848]
[18:40:32] [Server thread/INFO]: [FxxkingPanda23: Changed the block at -809, 23, 849]
[18:40:32] [Server thread/INFO]: [FxxkingPanda23: Changed the block at -809, 24, 849]
[18:40:32] [Server thread/INFO]: [FxxkingPanda23: Successfully filled 2 block(s)]
[18:40:32] [Server thread/INFO]: [FxxkingPanda23: Successfully filled 2 block(s)]
[18:40:32] [Server thread/INFO]: [FxxkingPanda23: Changed the block at -809, 23, 852]
[18:40:32] [Server thread/INFO]: [FxxkingPanda23: Changed the block at -809, 24, 852]
[18:40:32] [Server thread/INFO]: [FxxkingPanda23: Successfully filled 2 block(s)]
[18:40:32] [Server thread/INFO]: [FxxkingPanda23: Successfully filled 2 block(s)]
[18:40:32] [Server thread/INFO]: [FxxkingPanda23: Changed the block at -809, 23, 855]
[18:40:32] [Server thread/INFO]: [FxxkingPanda23: Changed the block at -809, 24, 855]
[18:40:32] [Server thread/INFO]: [FxxkingPanda23: Successfully filled 2 block(s)]
[18:40:32] [Server thread/INFO]: [FxxkingPanda23: Successfully filled 2 block(s)]
[18:40:32] [Server thread/INFO]: [FxxkingPanda23: Changed the block at -809, 23, 858]
[18:40:32] [Server thread/INFO]: [FxxkingPanda23: Changed the block at -809, 24, 858]
[18:40:32] [Server thread/INFO]: [FxxkingPanda23: Successfully filled 2 block(s)]
[18:40:32] [Server thread/INFO]: [FxxkingPanda23: Successfully filled 2 block(s)]
[18:40:32] [Server thread/INFO]: [FxxkingPanda23: Changed the block at -809, 23, 861]
[18:40:32] [Server thread/INFO]: [FxxkingPanda23: Changed the block at -809, 24, 861]
[18:40:32] [Server thread/INFO]: [FxxkingPanda23: Successfully filled 2 block(s)]
[18:40:32] [Server thread/INFO]: [FxxkingPanda23: Successfully filled 2 block(s)]
[18:40:32] [Server thread/INFO]: [FxxkingPanda23: Changed the block at -808, 24, 848]
[18:40:32] [Server thread/INFO]: [FxxkingPanda23: Successfully filled 14 block(s)]
[18:40:32] [Server thread/INFO]: [FxxkingPanda23: Changed the block at -808, 24, 849]
[18:40:32] [Server thread/INFO]: [FxxkingPanda23: Successfully filled 2 block(s)]
[18:40:32] [Server thread/INFO]: [FxxkingPanda23: Changed the block at -808, 24, 852]
[18:40:32] [Server thread/INFO]: [FxxkingPanda23: Successfully filled 2 block(s)]
[18:40:32] [Server thread/INFO]: [FxxkingPanda23: Changed the block at -808, 24, 855]
[18:40:32] [Server thread/INFO]: [FxxkingPanda23: Successfully filled 2 block(s)]
[18:40:32] [Server thread/INFO]: [FxxkingPanda23: Changed the block at -808, 24, 858]
[18:40:32] [Server thread/INFO]: [FxxkingPanda23: Successfully filled 2 block(s)]
[18:40:32] [Server thread/INFO]: [FxxkingPanda23: Changed the block at -808, 24, 861]
[18:40:32] [Server thread/INFO]: [FxxkingPanda23: Changed the block at -808, 24, 862]
[18:40:32] [Server thread/INFO]: [FxxkingPanda23: Successfully filled 13 block(s)]
[18:40:32] [Server thread/INFO]: [FxxkingPanda23: Changed the block at -807, 26, 848]
[18:40:32] [Server thread/INFO]: [FxxkingPanda23: Changed the block at -807, 25, 849]
[18:40:32] [Server thread/INFO]: [FxxkingPanda23: Changed the block at -807, 26, 849]
[18:40:32] [Server thread/INFO]: [FxxkingPanda23: Changed the block at -807, 26, 850]
[18:40:32] [Server thread/INFO]: [FxxkingPanda23: Changed the block at -807, 26, 851]
[18:40:32] [Server thread/INFO]: [FxxkingPanda23: Changed the block at -807, 25, 852]
[18:40:32] [Server thread/INFO]: [FxxkingPanda23: Changed the block at -807, 26, 852]
[18:40:32] [Server thread/INFO]: [FxxkingPanda23: Changed the block at -807, 26, 853]
[18:40:32] [Server thread/INFO]: [FxxkingPanda23: Changed the block at -807, 26, 854]
[18:40:32] [Server thread/INFO]: [FxxkingPanda23: Changed the block at -807, 25, 855]
[18:40:32] [Server thread/INFO]: [FxxkingPanda23: Changed the block at -807, 26, 855]
[18:40:32] [Server thread/INFO]: [FxxkingPanda23: Changed the block at -807, 26, 856]
[18:40:32] [Server thread/INFO]: [FxxkingPanda23: Changed the block at -807, 26, 857]
[18:40:32] [Server thread/INFO]: [FxxkingPanda23: Changed the block at -807, 25, 858]
[18:40:32] [Server thread/INFO]: [FxxkingPanda23: Changed the block at -807, 26, 858]
[18:40:32] [Server thread/INFO]: [FxxkingPanda23: Changed the block at -807, 26, 859]
[18:40:32] [Server thread/INFO]: [FxxkingPanda23: Successfully filled 3 block(s)]
[18:40:32] [Server thread/INFO]: [FxxkingPanda23: Changed the block at -807, 18, 861]
[18:40:32] [Server thread/INFO]: [FxxkingPanda23: Changed the block at -807, 25, 861]
[18:40:32] [Server thread/INFO]: [FxxkingPanda23: Successfully filled 3 block(s)]
[18:40:32] [Server thread/INFO]: [FxxkingPanda23: Successfully filled 7 block(s)]
[18:40:32] [Server thread/INFO]: [FxxkingPanda23: Successfully filled 12 block(s)]
[18:40:32] [Server thread/INFO]: [FxxkingPanda23: Changed the block at -806, 26, 848]
[18:40:32] [Server thread/INFO]: [FxxkingPanda23: Changed the block at -806, 23, 849]
[18:40:32] [Server thread/INFO]: [FxxkingPanda23: Changed the block at -806, 24, 849]
[18:40:32] [Server thread/INFO]: [FxxkingPanda23: Changed the block at -806, 25, 849]
[18:40:32] [Server thread/INFO]: [FxxkingPanda23: Changed the block at -806, 26, 849]
[18:40:32] [Server thread/INFO]: [FxxkingPanda23: Changed the block at -806, 26, 850]
[18:40:32] [Server thread/INFO]: [FxxkingPanda23: Changed the block at -806, 26, 851]
[18:40:32] [Server thread/INFO]: [FxxkingPanda23: Changed the block at -806, 23, 852]
[18:40:32] [Server thread/INFO]: [FxxkingPanda23: Changed the block at -806, 24, 852]
[18:40:32] [Server thread/INFO]: [FxxkingPanda23: Changed the block at -806, 25, 852]
[18:40:32] [Server thread/INFO]: [FxxkingPanda23: Changed the block at -806, 26, 852]
[18:40:32] [Server thread/INFO]: [FxxkingPanda23: Changed the block at -806, 26, 853]
[18:40:32] [Server thread/INFO]: [FxxkingPanda23: Changed the block at -806, 26, 854]
[18:40:32] [Server thread/INFO]: [FxxkingPanda23: Changed the block at -806, 23, 855]
[18:40:32] [Server thread/INFO]: [FxxkingPanda23: Changed the block at -806, 24, 855]
[18:40:32] [Server thread/INFO]: [FxxkingPanda23: Changed the block at -806, 25, 855]
[18:40:32] [Server thread/INFO]: [FxxkingPanda23: Changed the block at -806, 26, 855]
[18:40:32] [Server thread/INFO]: [FxxkingPanda23: Changed the block at -806, 26, 856]
[18:40:32] [Server thread/INFO]: [FxxkingPanda23: Changed the block at -806, 26, 857]
[18:40:32] [Server thread/INFO]: [FxxkingPanda23: Changed the block at -806, 23, 858]
[18:40:32] [Server thread/INFO]: [FxxkingPanda23: Changed the block at -806, 24, 858]
[18:40:32] [Server thread/INFO]: [FxxkingPanda23: Changed the block at -806, 25, 858]
[18:40:32] [Server thread/INFO]: [FxxkingPanda23: Changed the block at -806, 26, 858]
[18:40:32] [Server thread/INFO]: [FxxkingPanda23: Changed the block at -806, 26, 859]
[18:40:32] [Server thread/INFO]: [FxxkingPanda23: Changed the block at -806, 18, 860]
[18:40:32] [Server thread/INFO]: [FxxkingPanda23: Changed the block at -806, 18, 861]
[18:40:32] [Server thread/INFO]: [FxxkingPanda23: Successfully filled 7 block(s)]
[18:40:32] [Server thread/INFO]: [FxxkingPanda23: Successfully filled 13 block(s)]
[18:40:32] [Server thread/INFO]: [FxxkingPanda23: Changed the block at -805, 26, 848]
[18:40:32] [Server thread/INFO]: [FxxkingPanda23: Changed the block at -805, 25, 849]
[18:40:32] [Server thread/INFO]: [FxxkingPanda23: Changed the block at -805, 26, 849]
[18:40:32] [Server thread/INFO]: [FxxkingPanda23: Changed the block at -805, 26, 850]
[18:40:32] [Server thread/INFO]: [FxxkingPanda23: Changed the block at -805, 26, 851]
[18:40:32] [Server thread/INFO]: [FxxkingPanda23: Changed the block at -805, 25, 852]
[18:40:32] [Server thread/INFO]: [FxxkingPanda23: Changed the block at -805, 26, 852]
[18:40:32] [Server thread/INFO]: [FxxkingPanda23: Changed the block at -805, 26, 853]
[18:40:32] [Server thread/INFO]: [FxxkingPanda23: Changed the block at -805, 26, 854]
[18:40:32] [Server thread/INFO]: [FxxkingPanda23: Changed the block at -805, 25, 855]
[18:40:32] [Server thread/INFO]: [FxxkingPanda23: Changed the block at -805, 26, 855]
[18:40:32] [Server thread/INFO]: [FxxkingPanda23: Changed the block at -805, 26, 856]
[18:40:32] [Server thread/INFO]: [FxxkingPanda23: Changed the block at -805, 26, 857]
[18:40:32] [Server thread/INFO]: [FxxkingPanda23: Changed the block at -805, 25, 858]
[18:40:32] [Server thread/INFO]: [FxxkingPanda23: Changed the block at -805, 26, 858]
[18:40:32] [Server thread/INFO]: [FxxkingPanda23: Changed the block at -805, 26, 859]
[18:40:32] [Server thread/INFO]: [FxxkingPanda23: Changed the block at -805, 18, 861]
[18:40:32] [Server thread/INFO]: [FxxkingPanda23: Changed the block at -805, 25, 861]
[18:40:32] [Server thread/INFO]: [FxxkingPanda23: Successfully filled 7 block(s)]
[18:40:32] [Server thread/INFO]: [FxxkingPanda23: Successfully filled 56 block(s)]
[18:40:32] [Server thread/INFO]: [FxxkingPanda23: Changed the block at -804, 24, 848]
[18:40:32] [Server thread/INFO]: [FxxkingPanda23: Successfully filled 14 block(s)]
[18:40:32] [Server thread/INFO]: [FxxkingPanda23: Changed the block at -804, 24, 849]
[18:40:32] [Server thread/INFO]: [FxxkingPanda23: Successfully filled 2 block(s)]
[18:40:32] [Server thread/INFO]: [FxxkingPanda23: Changed the block at -804, 24, 852]
[18:40:32] [Server thread/INFO]: [FxxkingPanda23: Successfully filled 2 block(s)]
[18:40:32] [Server thread/INFO]: [FxxkingPanda23: Changed the block at -804, 24, 855]
[18:40:32] [Server thread/INFO]: [FxxkingPanda23: Successfully filled 2 block(s)]
[18:40:32] [Server thread/INFO]: [FxxkingPanda23: Changed the block at -804, 24, 858]
[18:40:32] [Server thread/INFO]: [FxxkingPanda23: Successfully filled 2 block(s)]
[18:40:32] [Server thread/INFO]: [FxxkingPanda23: Changed the block at -804, 24, 861]
[18:40:32] [Server thread/INFO]: [FxxkingPanda23: Successfully filled 3 block(s)]
[18:40:32] [Server thread/INFO]: [FxxkingPanda23: Successfully filled 4 block(s)]
[18:40:32] [Server thread/INFO]: [FxxkingPanda23: Successfully filled 3 block(s)]
[18:40:32] [Server thread/INFO]: [FxxkingPanda23: Successfully filled 2 block(s)]
[18:40:32] [Server thread/INFO]: [FxxkingPanda23: Successfully filled 2 block(s)]
[18:40:32] [Server thread/INFO]: [FxxkingPanda23: Changed the block at -804, 24, 862]
[18:40:32] [Server thread/INFO]: [FxxkingPanda23: Successfully filled 14 block(s)]
[18:40:32] [Server thread/INFO]: [FxxkingPanda23: Changed the block at -803, 23, 848]
[18:40:32] [Server thread/INFO]: [FxxkingPanda23: Changed the block at -803, 24, 848]
[18:40:32] [Server thread/INFO]: [FxxkingPanda23: Changed the block at -803, 23, 849]
[18:40:32] [Server thread/INFO]: [FxxkingPanda23: Changed the block at -803, 24, 849]
[18:40:32] [Server thread/INFO]: [FxxkingPanda23: Successfully filled 2 block(s)]
[18:40:32] [Server thread/INFO]: [FxxkingPanda23: Successfully filled 2 block(s)]
[18:40:32] [Server thread/INFO]: [FxxkingPanda23: Changed the block at -803, 23, 852]
[18:40:32] [Server thread/INFO]: [FxxkingPanda23: Changed the block at -803, 24, 852]
[18:40:32] [Server thread/INFO]: [FxxkingPanda23: Successfully filled 2 block(s)]
[18:40:32] [Server thread/INFO]: [FxxkingPanda23: Successfully filled 2 block(s)]
[18:40:32] [Server thread/INFO]: [FxxkingPanda23: Changed the block at -803, 23, 855]
[18:40:32] [Server thread/INFO]: [FxxkingPanda23: Changed the block at -803, 24, 855]
[18:40:32] [Server thread/INFO]: [FxxkingPanda23: Successfully filled 2 block(s)]
[18:40:32] [Server thread/INFO]: [FxxkingPanda23: Successfully filled 2 block(s)]
[18:40:32] [Server thread/INFO]: [FxxkingPanda23: Changed the block at -803, 23, 858]
[18:40:32] [Server thread/INFO]: [FxxkingPanda23: Changed the block at -803, 24, 858]
[18:40:32] [Server thread/INFO]: [FxxkingPanda23: Successfully filled 2 block(s)]
[18:40:32] [Server thread/INFO]: [FxxkingPanda23: Successfully filled 2 block(s)]
[18:40:32] [Server thread/INFO]: [FxxkingPanda23: Changed the block at -803, 23, 861]
[18:40:32] [Server thread/INFO]: [FxxkingPanda23: Changed the block at -803, 24, 861]
[18:40:32] [Server thread/INFO]: [FxxkingPanda23: Successfully filled 14 block(s)]
[18:40:32] [Server thread/INFO]: [FxxkingPanda23: Successfully filled 14 block(s)]
[18:40:32] [Server thread/INFO]: [FxxkingPanda23: Changed the block at -802, 21, 848]
[18:40:32] [Server thread/INFO]: [FxxkingPanda23: Changed the block at -802, 22, 848]
[18:40:32] [Server thread/INFO]: [FxxkingPanda23: Changed the block at -802, 23, 848]
[18:40:32] [Server thread/INFO]: [FxxkingPanda23: Changed the block at -802, 21, 849]
[18:40:32] [Server thread/INFO]: [FxxkingPanda23: Successfully filled 2 block(s)]
[18:40:32] [Server thread/INFO]: [FxxkingPanda23: Successfully filled 2 block(s)]
[18:40:32] [Server thread/INFO]: [FxxkingPanda23: Changed the block at -802, 22, 850]
[18:40:32] [Server thread/INFO]: [FxxkingPanda23: Successfully filled 2 block(s)]
[18:40:32] [Server thread/INFO]: [FxxkingPanda23: Changed the block at -802, 22, 851]
[18:40:32] [Server thread/INFO]: [FxxkingPanda23: Changed the block at -802, 21, 852]
[18:40:32] [Server thread/INFO]: [FxxkingPanda23: Successfully filled 2 block(s)]
[18:40:32] [Server thread/INFO]: [FxxkingPanda23: Successfully filled 2 block(s)]
[18:40:32] [Server thread/INFO]: [FxxkingPanda23: Changed the block at -802, 22, 853]
[18:40:32] [Server thread/INFO]: [FxxkingPanda23: Successfully filled 2 block(s)]
[18:40:32] [Server thread/INFO]: [FxxkingPanda23: Changed the block at -802, 22, 854]
[18:40:32] [Server thread/INFO]: [FxxkingPanda23: Changed the block at -802, 21, 855]
[18:40:32] [Server thread/INFO]: [FxxkingPanda23: Successfully filled 2 block(s)]
[18:40:32] [Server thread/INFO]: [FxxkingPanda23: Successfully filled 2 block(s)]
[18:40:32] [Server thread/INFO]: [FxxkingPanda23: Changed the block at -802, 22, 856]
[18:40:32] [Server thread/INFO]: [FxxkingPanda23: Successfully filled 2 block(s)]
[18:40:32] [Server thread/INFO]: [FxxkingPanda23: Changed the block at -802, 22, 857]
[18:40:32] [Server thread/INFO]: [FxxkingPanda23: Changed the block at -802, 21, 858]
[18:40:32] [Server thread/INFO]: [FxxkingPanda23: Successfully filled 2 block(s)]
[18:40:32] [Server thread/INFO]: [FxxkingPanda23: Successfully filled 2 block(s)]
[18:40:32] [Server thread/INFO]: [FxxkingPanda23: Changed the block at -802, 22, 859]
[18:40:32] [Server thread/INFO]: [FxxkingPanda23: Successfully filled 2 block(s)]
[18:40:32] [Server thread/INFO]: [FxxkingPanda23: Changed the block at -802, 22, 860]
[18:40:32] [Server thread/INFO]: [FxxkingPanda23: Changed the block at -802, 21, 861]
[18:40:32] [Server thread/INFO]: [FxxkingPanda23: Successfully filled 2 block(s)]
[18:40:32] [Server thread/INFO]: [FxxkingPanda23: Successfully filled 14 block(s)]
[18:40:32] [Server thread/INFO]: [FxxkingPanda23: Successfully filled 14 block(s)]
[18:40:32] [Server thread/INFO]: [FxxkingPanda23: Successfully filled 14 block(s)]
[18:40:32] [Server thread/INFO]: [FxxkingPanda23: Changed the block at -801, 22, 848]
[18:40:32] [Server thread/INFO]: [FxxkingPanda23: Successfully filled 2 block(s)]
[18:40:32] [Server thread/INFO]: [FxxkingPanda23: Successfully filled 2 block(s)]
[18:40:32] [Server thread/INFO]: [FxxkingPanda23: Successfully filled 2 block(s)]
[18:40:32] [Server thread/INFO]: [FxxkingPanda23: Successfully filled 2 block(s)]
[18:40:32] [Server thread/ERROR]: Block-attached entity at invalid position: null
[18:40:32] [Server thread/INFO]: [FxxkingPanda23: Summoned new Item Frame]
[18:40:32] [Server thread/ERROR]: Block-attached entity at invalid position: null
[18:40:32] [Server thread/INFO]: [FxxkingPanda23: Summoned new Item Frame]
[18:40:32] [Server thread/ERROR]: Block-attached entity at invalid position: null
[18:40:32] [Server thread/INFO]: [FxxkingPanda23: Summoned new Item Frame]
[18:40:32] [Server thread/ERROR]: Block-attached entity at invalid position: null
[18:40:32] [Server thread/INFO]: [FxxkingPanda23: Summoned new Item Frame]
[18:40:32] [Server thread/ERROR]: Block-attached entity at invalid position: null
[18:40:32] [Server thread/INFO]: [FxxkingPanda23: Summoned new Item Frame]
[18:40:32] [Server thread/ERROR]: Block-attached entity at invalid position: null
[18:40:32] [Server thread/INFO]: [FxxkingPanda23: Summoned new Item Frame]
[18:40:32] [Server thread/ERROR]: Block-attached entity at invalid position: null
[18:40:32] [Server thread/INFO]: [FxxkingPanda23: Summoned new Item Frame]
[18:40:32] [Server thread/ERROR]: Block-attached entity at invalid position: null
[18:40:32] [Server thread/INFO]: [FxxkingPanda23: Summoned new Item Frame]
[18:40:32] [Server thread/ERROR]: Block-attached entity at invalid position: null
[18:40:32] [Server thread/INFO]: [FxxkingPanda23: Summoned new Item Frame]
[18:40:32] [Server thread/ERROR]: Block-attached entity at invalid position: null
[18:40:32] [Server thread/INFO]: [FxxkingPanda23: Summoned new Item Frame]
[18:40:32] [Server thread/ERROR]: Block-attached entity at invalid position: null
[18:40:32] [Server thread/INFO]: [FxxkingPanda23: Summoned new Item Frame]
[18:40:32] [Server thread/ERROR]: Block-attached entity at invalid position: null
[18:40:32] [Server thread/INFO]: [FxxkingPanda23: Summoned new Item Frame]
[18:40:32] [Server thread/ERROR]: Block-attached entity at invalid position: null
[18:40:32] [Server thread/INFO]: [FxxkingPanda23: Summoned new Item Frame]
[18:40:32] [Server thread/ERROR]: Block-attached entity at invalid position: null
[18:40:32] [Server thread/INFO]: [FxxkingPanda23: Summoned new Item Frame]
[18:40:32] [Server thread/ERROR]: Block-attached entity at invalid position: null
[18:40:32] [Server thread/INFO]: [FxxkingPanda23: Summoned new Item Frame]
[18:40:32] [Server thread/ERROR]: Block-attached entity at invalid position: null
[18:40:32] [Server thread/INFO]: [FxxkingPanda23: Summoned new Item Frame]
[18:40:32] [Server thread/ERROR]: Block-attached entity at invalid position: null
[18:40:32] [Server thread/INFO]: [FxxkingPanda23: Summoned new Item Frame]
[18:40:32] [Server thread/ERROR]: Block-attached entity at invalid position: null
[18:40:32] [Server thread/INFO]: [FxxkingPanda23: Summoned new Item Frame]
[18:40:32] [Server thread/ERROR]: Block-attached entity at invalid position: null
[18:40:32] [Server thread/INFO]: [FxxkingPanda23: Summoned new Item Frame]
[18:40:32] [Server thread/ERROR]: Block-attached entity at invalid position: null
[18:40:32] [Server thread/INFO]: [FxxkingPanda23: Summoned new Item Frame]
[18:40:32] [Server thread/ERROR]: Block-attached entity at invalid position: null
[18:40:32] [Server thread/INFO]: [FxxkingPanda23: Summoned new Item Frame]
[18:40:32] [Server thread/ERROR]: Block-attached entity at invalid position: null
[18:40:32] [Server thread/INFO]: [FxxkingPanda23: Summoned new Item Frame]
[18:40:32] [Server thread/ERROR]: Block-attached entity at invalid position: null
[18:40:32] [Server thread/INFO]: [FxxkingPanda23: Summoned new Item Frame]
[18:40:32] [Server thread/ERROR]: Block-attached entity at invalid position: null
[18:40:32] [Server thread/INFO]: [FxxkingPanda23: Summoned new Item Frame]
[18:40:32] [Server thread/ERROR]: Block-attached entity at invalid position: null
[18:40:32] [Server thread/INFO]: [FxxkingPanda23: Summoned new Item Frame]
[18:40:32] [Server thread/ERROR]: Block-attached entity at invalid position: null
[18:40:32] [Server thread/INFO]: [FxxkingPanda23: Summoned new Item Frame]
[18:40:32] [Server thread/ERROR]: Block-attached entity at invalid position: null
[18:40:32] [Server thread/INFO]: [FxxkingPanda23: Summoned new Item Frame]
[18:40:32] [Server thread/ERROR]: Block-attached entity at invalid position: null
[18:40:32] [Server thread/INFO]: [FxxkingPanda23: Summoned new Item Frame]
[18:40:32] [Server thread/INFO]: [FxxkingPanda23: Successfully filled 9 block(s)]
[18:40:32] [Server thread/INFO]: [FxxkingPanda23: Successfully filled 21 block(s)]
[18:40:32] [Server thread/INFO]: [FxxkingPanda23: Changed the block at -816, 23, 818]
[18:40:32] [Server thread/INFO]: [FxxkingPanda23: Changed the block at -816, 23, 819]
[18:40:32] [Server thread/INFO]: [FxxkingPanda23: Successfully filled 9 block(s)]
[18:40:32] [Server thread/INFO]: [FxxkingPanda23: Successfully filled 4 block(s)]
[18:40:32] [Server thread/INFO]: [FxxkingPanda23: Successfully filled 5 block(s)]
[18:40:32] [Server thread/INFO]: [FxxkingPanda23: Successfully filled 2 block(s)]
[18:40:32] [Server thread/INFO]: [FxxkingPanda23: Successfully filled 3 block(s)]
[18:40:32] [Server thread/INFO]: [FxxkingPanda23: Successfully filled 6 block(s)]
[18:40:32] [Server thread/INFO]: [FxxkingPanda23: Changed the block at -816, 21, 823]
[18:40:32] [Server thread/INFO]: [FxxkingPanda23: Successfully filled 2 block(s)]
[18:40:32] [Server thread/INFO]: [FxxkingPanda23: Successfully filled 3 block(s)]
[18:40:32] [Server thread/INFO]: [FxxkingPanda23: Changed the block at -816, 23, 824]
[18:40:32] [Server thread/INFO]: [FxxkingPanda23: Changed the block at -816, 24, 824]
[18:40:32] [Server thread/INFO]: [FxxkingPanda23: Successfully filled 7 block(s)]
[18:40:32] [Server thread/INFO]: [FxxkingPanda23: Changed the block at -816, 24, 825]
[18:40:32] [Server thread/INFO]: [FxxkingPanda23: Successfully filled 4 block(s)]
[18:40:32] [Server thread/INFO]: [FxxkingPanda23: Successfully filled 5 block(s)]
[18:40:32] [Server thread/INFO]: [FxxkingPanda23: Changed the block at -816, 25, 826]
[18:40:32] [Server thread/INFO]: [FxxkingPanda23: Changed the block at -816, 26, 826]
[18:40:32] [Server thread/INFO]: [FxxkingPanda23: Successfully filled 4 block(s)]
[18:40:32] [Server thread/INFO]: [FxxkingPanda23: Changed the block at -816, 23, 827]
[18:40:32] [Server thread/INFO]: [FxxkingPanda23: Changed the block at -816, 24, 827]
[18:40:32] [Server thread/INFO]: [FxxkingPanda23: Changed the block at -816, 25, 827]
[18:40:32] [Server thread/INFO]: [FxxkingPanda23: Changed the block at -816, 26, 827]
[18:40:32] [Server thread/INFO]: [FxxkingPanda23: Successfully filled 5 block(s)]
[18:40:32] [Server thread/INFO]: [FxxkingPanda23: Changed the block at -816, 25, 828]
[18:40:32] [Server thread/INFO]: [FxxkingPanda23: Changed the block at -816, 26, 828]
[18:40:32] [Server thread/INFO]: [FxxkingPanda23: Successfully filled 7 block(s)]
[18:40:32] [Server thread/INFO]: [FxxkingPanda23: Changed the block at -816, 24, 829]
[18:40:32] [Server thread/INFO]: [FxxkingPanda23: Successfully filled 4 block(s)]
[18:40:32] [Server thread/INFO]: [FxxkingPanda23: Successfully filled 3 block(s)]
[18:40:32] [Server thread/INFO]: [FxxkingPanda23: Changed the block at -816, 23, 830]
[18:40:32] [Server thread/INFO]: [FxxkingPanda23: Changed the block at -816, 24, 830]
[18:40:32] [Server thread/INFO]: [FxxkingPanda23: Successfully filled 6 block(s)]
[18:40:32] [Server thread/INFO]: [FxxkingPanda23: Changed the block at -816, 21, 831]
[18:40:32] [Server thread/INFO]: [FxxkingPanda23: Successfully filled 2 block(s)]
[18:40:32] [Server thread/INFO]: [FxxkingPanda23: Changed the block at -815, 23, 817]
[18:40:32] [Server thread/INFO]: [FxxkingPanda23: Successfully filled 240 block(s)]
[18:40:32] [Server thread/INFO]: [FxxkingPanda23: Successfully filled 315 block(s)]
[18:40:32] [Server thread/INFO]: [FxxkingPanda23: Changed the block at -815, 23, 818]
[18:40:32] [Server thread/INFO]: [FxxkingPanda23: Successfully filled 21 block(s)]
[18:40:32] [Server thread/INFO]: [FxxkingPanda23: Successfully filled 10 block(s)]
[18:40:32] [Server thread/INFO]: [FxxkingPanda23: Successfully filled 10 block(s)]
[18:40:32] [Server thread/INFO]: [FxxkingPanda23: Successfully filled 99 block(s)]
[18:40:32] [Server thread/INFO]: [FxxkingPanda23: Successfully filled 4 block(s)]
[18:40:32] [Server thread/INFO]: [FxxkingPanda23: Successfully filled 6 block(s)]
[18:40:32] [Server thread/INFO]: [FxxkingPanda23: Successfully filled 5 block(s)]
[18:40:32] [Server thread/INFO]: [FxxkingPanda23: Successfully filled 6 block(s)]
[18:40:32] [Server thread/INFO]: [FxxkingPanda23: Successfully filled 4 block(s)]
[18:40:32] [Server thread/INFO]: [FxxkingPanda23: Successfully filled 6 block(s)]
[18:40:32] [Server thread/INFO]: [FxxkingPanda23: Successfully filled 5 block(s)]
[18:40:32] [Server thread/INFO]: [FxxkingPanda23: Successfully filled 6 block(s)]
[18:40:32] [Server thread/INFO]: [FxxkingPanda23: Successfully filled 4 block(s)]
[18:40:32] [Server thread/INFO]: [FxxkingPanda23: Successfully filled 6 block(s)]
[18:40:32] [Server thread/INFO]: [FxxkingPanda23: Successfully filled 5 block(s)]
[18:40:32] [Server thread/INFO]: [FxxkingPanda23: Successfully filled 6 block(s)]
[18:40:32] [Server thread/INFO]: [FxxkingPanda23: Successfully filled 4 block(s)]
[18:40:32] [Server thread/INFO]: [FxxkingPanda23: Successfully filled 6 block(s)]
[18:40:32] [Server thread/INFO]: [FxxkingPanda23: Successfully filled 5 block(s)]
[18:40:32] [Server thread/INFO]: [FxxkingPanda23: Successfully filled 6 block(s)]
[18:40:32] [Server thread/INFO]: [FxxkingPanda23: Successfully filled 4 block(s)]
[18:40:32] [Server thread/INFO]: [FxxkingPanda23: Successfully filled 6 block(s)]
[18:40:32] [Server thread/INFO]: [FxxkingPanda23: Successfully filled 5 block(s)]
[18:40:32] [Server thread/INFO]: [FxxkingPanda23: Successfully filled 6 block(s)]
[18:40:32] [Server thread/INFO]: [FxxkingPanda23: Successfully filled 4 block(s)]
[18:40:32] [Server thread/INFO]: [FxxkingPanda23: Successfully filled 6 block(s)]
[18:40:32] [Server thread/INFO]: [FxxkingPanda23: Successfully filled 5 block(s)]
[18:40:32] [Server thread/INFO]: [FxxkingPanda23: Successfully filled 6 block(s)]
[18:40:32] [Server thread/INFO]: [FxxkingPanda23: Successfully filled 4 block(s)]
[18:40:32] [Server thread/INFO]: [FxxkingPanda23: Successfully filled 6 block(s)]
[18:40:32] [Server thread/INFO]: [FxxkingPanda23: Successfully filled 5 block(s)]
[18:40:32] [Server thread/INFO]: [FxxkingPanda23: Successfully filled 6 block(s)]
[18:40:32] [Server thread/INFO]: [FxxkingPanda23: Successfully filled 4 block(s)]
[18:40:32] [Server thread/INFO]: [FxxkingPanda23: Successfully filled 6 block(s)]
[18:40:32] [Server thread/INFO]: [FxxkingPanda23: Successfully filled 5 block(s)]
[18:40:32] [Server thread/INFO]: [FxxkingPanda23: Successfully filled 6 block(s)]
[18:40:32] [Server thread/INFO]: [FxxkingPanda23: Successfully filled 3 block(s)]
[18:40:32] [Server thread/INFO]: [FxxkingPanda23: Successfully filled 15 block(s)]
[18:40:32] [Server thread/INFO]: [FxxkingPanda23: Successfully filled 3 block(s)]
[18:40:32] [Server thread/INFO]: [FxxkingPanda23: Successfully filled 15 block(s)]
[18:40:32] [Server thread/INFO]: [FxxkingPanda23: Successfully filled 3 block(s)]
[18:40:32] [Server thread/INFO]: [FxxkingPanda23: Successfully filled 15 block(s)]
[18:40:32] [Server thread/INFO]: [FxxkingPanda23: Successfully filled 3 block(s)]
[18:40:32] [Server thread/INFO]: [FxxkingPanda23: Successfully filled 15 block(s)]
[18:40:32] [Server thread/INFO]: [FxxkingPanda23: Successfully filled 3 block(s)]
[18:40:32] [Server thread/INFO]: [FxxkingPanda23: Successfully filled 15 block(s)]
[18:40:32] [Server thread/INFO]: [FxxkingPanda23: Successfully filled 3 block(s)]
[18:40:32] [Server thread/INFO]: [FxxkingPanda23: Successfully filled 15 block(s)]
[18:40:32] [Server thread/INFO]: [FxxkingPanda23: Successfully filled 3 block(s)]
[18:40:32] [Server thread/INFO]: [FxxkingPanda23: Successfully filled 15 block(s)]
[18:40:32] [Server thread/INFO]: [FxxkingPanda23: Successfully filled 3 block(s)]
[18:40:32] [Server thread/INFO]: [FxxkingPanda23: Successfully filled 15 block(s)]
[18:40:32] [Server thread/INFO]: [FxxkingPanda23: Successfully filled 24 block(s)]
[18:40:32] [Server thread/INFO]: [FxxkingPanda23: Successfully filled 9 block(s)]
[18:40:32] [Server thread/INFO]: [FxxkingPanda23: Successfully filled 4 block(s)]
[18:40:32] [Server thread/INFO]: [FxxkingPanda23: Successfully filled 3 block(s)]
[18:40:32] [Server thread/INFO]: [FxxkingPanda23: Successfully filled 3 block(s)]
[18:40:32] [Server thread/INFO]: [FxxkingPanda23: Successfully filled 4 block(s)]
[18:40:32] [Server thread/INFO]: [FxxkingPanda23: Successfully filled 3 block(s)]
[18:40:32] [Server thread/INFO]: [FxxkingPanda23: Successfully filled 4 block(s)]
[18:40:32] [Server thread/INFO]: [FxxkingPanda23: Successfully filled 3 block(s)]
[18:40:32] [Server thread/INFO]: [FxxkingPanda23: Successfully filled 4 block(s)]
[18:40:32] [Server thread/INFO]: [FxxkingPanda23: Successfully filled 3 block(s)]
[18:40:32] [Server thread/INFO]: [FxxkingPanda23: Successfully filled 4 block(s)]
[18:40:32] [Server thread/INFO]: [FxxkingPanda23: Successfully filled 3 block(s)]
[18:40:32] [Server thread/INFO]: [FxxkingPanda23: Successfully filled 4 block(s)]
[18:40:32] [Server thread/INFO]: [FxxkingPanda23: Successfully filled 3 block(s)]
[18:40:32] [Server thread/INFO]: [FxxkingPanda23: Successfully filled 4 block(s)]
[18:40:32] [Server thread/INFO]: [FxxkingPanda23: Successfully filled 3 block(s)]
[18:40:32] [Server thread/INFO]: [FxxkingPanda23: Successfully filled 4 block(s)]
[18:40:32] [Server thread/INFO]: [FxxkingPanda23: Successfully filled 3 block(s)]
[18:40:32] [Server thread/INFO]: [FxxkingPanda23: Successfully filled 4 block(s)]
[18:40:32] [Server thread/INFO]: [FxxkingPanda23: Successfully filled 3 block(s)]
[18:40:32] [Server thread/INFO]: [FxxkingPanda23: Successfully filled 4 block(s)]
[18:40:32] [Server thread/INFO]: [FxxkingPanda23: Successfully filled 3 block(s)]
[18:40:32] [Server thread/INFO]: [FxxkingPanda23: Successfully filled 4 block(s)]
[18:40:32] [Server thread/INFO]: [FxxkingPanda23: Successfully filled 3 block(s)]
[18:40:32] [Server thread/INFO]: [FxxkingPanda23: Successfully filled 4 block(s)]
[18:40:32] [Server thread/INFO]: [FxxkingPanda23: Successfully filled 3 block(s)]
[18:40:32] [Server thread/INFO]: [FxxkingPanda23: Successfully filled 4 block(s)]
[18:40:32] [Server thread/INFO]: [FxxkingPanda23: Successfully filled 3 block(s)]
[18:40:32] [Server thread/INFO]: [FxxkingPanda23: Successfully filled 4 block(s)]
[18:40:32] [Server thread/INFO]: [FxxkingPanda23: Successfully filled 3 block(s)]
[18:40:32] [Server thread/INFO]: [FxxkingPanda23: Successfully filled 4 block(s)]
[18:40:32] [Server thread/INFO]: [FxxkingPanda23: Successfully filled 3 block(s)]
[18:40:32] [Server thread/INFO]: [FxxkingPanda23: Successfully filled 4 block(s)]
[18:40:32] [Server thread/INFO]: [FxxkingPanda23: Successfully filled 3 block(s)]
[18:40:32] [Server thread/INFO]: [FxxkingPanda23: Successfully filled 4 block(s)]
[18:40:32] [Server thread/INFO]: [FxxkingPanda23: Successfully filled 8 block(s)]
[18:40:32] [Server thread/INFO]: [FxxkingPanda23: Successfully filled 60 block(s)]
[18:40:32] [Server thread/INFO]: [FxxkingPanda23: Successfully filled 10 block(s)]
[18:40:32] [Server thread/INFO]: [FxxkingPanda23: Successfully filled 2 block(s)]
[18:40:32] [Server thread/INFO]: [FxxkingPanda23: Successfully filled 3 block(s)]
[18:40:32] [Server thread/INFO]: [FxxkingPanda23: Successfully filled 12 block(s)]
[18:40:32] [Server thread/INFO]: [FxxkingPanda23: Successfully filled 3 block(s)]
[18:40:32] [Server thread/INFO]: [FxxkingPanda23: Successfully filled 2 block(s)]
[18:40:32] [Server thread/INFO]: [FxxkingPanda23: Successfully filled 3 block(s)]
[18:40:32] [Server thread/INFO]: [FxxkingPanda23: Successfully filled 8 block(s)]
[18:40:32] [Server thread/INFO]: [FxxkingPanda23: Successfully filled 3 block(s)]
[18:40:32] [Server thread/INFO]: [FxxkingPanda23: Successfully filled 2 block(s)]
[18:40:32] [Server thread/INFO]: [FxxkingPanda23: Successfully filled 3 block(s)]
[18:40:32] [Server thread/INFO]: [FxxkingPanda23: Successfully filled 8 block(s)]
[18:40:32] [Server thread/INFO]: [FxxkingPanda23: Successfully filled 3 block(s)]
[18:40:32] [Server thread/INFO]: [FxxkingPanda23: Successfully filled 2 block(s)]
[18:40:32] [Server thread/INFO]: [FxxkingPanda23: Successfully filled 3 block(s)]
[18:40:32] [Server thread/INFO]: [FxxkingPanda23: Successfully filled 8 block(s)]
[18:40:32] [Server thread/INFO]: [FxxkingPanda23: Successfully filled 3 block(s)]
[18:40:32] [Server thread/INFO]: [FxxkingPanda23: Successfully filled 2 block(s)]
[18:40:32] [Server thread/INFO]: [FxxkingPanda23: Successfully filled 3 block(s)]
[18:40:32] [Server thread/INFO]: [FxxkingPanda23: Successfully filled 8 block(s)]
[18:40:32] [Server thread/INFO]: [FxxkingPanda23: Successfully filled 3 block(s)]
[18:40:32] [Server thread/INFO]: [FxxkingPanda23: Successfully filled 2 block(s)]
[18:40:32] [Server thread/INFO]: [FxxkingPanda23: Successfully filled 3 block(s)]
[18:40:32] [Server thread/INFO]: [FxxkingPanda23: Successfully filled 8 block(s)]
[18:40:32] [Server thread/INFO]: [FxxkingPanda23: Successfully filled 3 block(s)]
[18:40:32] [Server thread/INFO]: [FxxkingPanda23: Successfully filled 2 block(s)]
[18:40:32] [Server thread/INFO]: [FxxkingPanda23: Successfully filled 3 block(s)]
[18:40:32] [Server thread/INFO]: [FxxkingPanda23: Successfully filled 8 block(s)]
[18:40:32] [Server thread/INFO]: [FxxkingPanda23: Successfully filled 3 block(s)]
[18:40:32] [Server thread/INFO]: [FxxkingPanda23: Successfully filled 2 block(s)]
[18:40:32] [Server thread/INFO]: [FxxkingPanda23: Successfully filled 3 block(s)]
[18:40:32] [Server thread/INFO]: [FxxkingPanda23: Successfully filled 8 block(s)]
[18:40:32] [Server thread/INFO]: [FxxkingPanda23: Successfully filled 3 block(s)]
[18:40:32] [Server thread/INFO]: [FxxkingPanda23: Successfully filled 2 block(s)]
[18:40:32] [Server thread/INFO]: [FxxkingPanda23: Successfully filled 3 block(s)]
[18:40:32] [Server thread/INFO]: [FxxkingPanda23: Successfully filled 8 block(s)]
[18:40:32] [Server thread/INFO]: [FxxkingPanda23: Successfully filled 3 block(s)]
[18:40:32] [Server thread/INFO]: [FxxkingPanda23: Successfully filled 16 block(s)]
[18:40:32] [Server thread/INFO]: [FxxkingPanda23: Successfully filled 15 block(s)]
[18:40:32] [Server thread/INFO]: [FxxkingPanda23: Successfully filled 2 block(s)]
[18:40:32] [Server thread/INFO]: [FxxkingPanda23: Changed the block at -815, 22, 823]
[18:40:32] [Server thread/INFO]: [FxxkingPanda23: Successfully filled 2 block(s)]
[18:40:32] [Server thread/INFO]: [FxxkingPanda23: Successfully filled 3 block(s)]
[18:40:32] [Server thread/INFO]: [FxxkingPanda23: Successfully filled 12 block(s)]
[18:40:32] [Server thread/INFO]: [FxxkingPanda23: Successfully filled 6 block(s)]
[18:40:32] [Server thread/INFO]: [FxxkingPanda23: Successfully filled 4 block(s)]
[18:40:32] [Server thread/INFO]: [FxxkingPanda23: Successfully filled 6 block(s)]
[18:40:32] [Server thread/INFO]: [FxxkingPanda23: Successfully filled 6 block(s)]
[18:40:32] [Server thread/INFO]: [FxxkingPanda23: Successfully filled 4 block(s)]
[18:40:32] [Server thread/INFO]: [FxxkingPanda23: Successfully filled 6 block(s)]
[18:40:32] [Server thread/INFO]: [FxxkingPanda23: Successfully filled 6 block(s)]
[18:40:32] [Server thread/INFO]: [FxxkingPanda23: Successfully filled 4 block(s)]
[18:40:32] [Server thread/INFO]: [FxxkingPanda23: Successfully filled 6 block(s)]
[18:40:32] [Server thread/INFO]: [FxxkingPanda23: Successfully filled 6 block(s)]
[18:40:32] [Server thread/INFO]: [FxxkingPanda23: Successfully filled 4 block(s)]
[18:40:32] [Server thread/INFO]: [FxxkingPanda23: Successfully filled 6 block(s)]
[18:40:32] [Server thread/INFO]: [FxxkingPanda23: Successfully filled 6 block(s)]
[18:40:32] [Server thread/INFO]: [FxxkingPanda23: Successfully filled 4 block(s)]
[18:40:32] [Server thread/INFO]: [FxxkingPanda23: Successfully filled 6 block(s)]
[18:40:32] [Server thread/INFO]: [FxxkingPanda23: Successfully filled 6 block(s)]
[18:40:32] [Server thread/INFO]: [FxxkingPanda23: Successfully filled 4 block(s)]
[18:40:32] [Server thread/INFO]: [FxxkingPanda23: Successfully filled 6 block(s)]
[18:40:32] [Server thread/INFO]: [FxxkingPanda23: Successfully filled 6 block(s)]
[18:40:32] [Server thread/INFO]: [FxxkingPanda23: Successfully filled 4 block(s)]
[18:40:32] [Server thread/INFO]: [FxxkingPanda23: Successfully filled 6 block(s)]
[18:40:32] [Server thread/INFO]: [FxxkingPanda23: Successfully filled 6 block(s)]
[18:40:32] [Server thread/INFO]: [FxxkingPanda23: Successfully filled 4 block(s)]
[18:40:32] [Server thread/INFO]: [FxxkingPanda23: Successfully filled 6 block(s)]
[18:40:32] [Server thread/INFO]: [FxxkingPanda23: Successfully filled 6 block(s)]
[18:40:32] [Server thread/INFO]: [FxxkingPanda23: Successfully filled 4 block(s)]
[18:40:32] [Server thread/INFO]: [FxxkingPanda23: Successfully filled 2 block(s)]
[18:40:32] [Server thread/INFO]: [FxxkingPanda23: Successfully filled 15 block(s)]
[18:40:32] [Server thread/INFO]: [FxxkingPanda23: Successfully filled 20 block(s)]
[18:40:32] [Server thread/INFO]: [FxxkingPanda23: Successfully filled 8 block(s)]
[18:40:32] [Server thread/INFO]: [FxxkingPanda23: Successfully filled 2 block(s)]
[18:40:32] [Server thread/INFO]: [FxxkingPanda23: Successfully filled 2 block(s)]
[18:40:32] [Server thread/INFO]: [FxxkingPanda23: Successfully filled 3 block(s)]
[18:40:32] [Server thread/INFO]: [FxxkingPanda23: Successfully filled 14 block(s)]
[18:40:32] [Server thread/INFO]: [FxxkingPanda23: Successfully filled 54 block(s)]
[18:40:32] [Server thread/INFO]: [FxxkingPanda23: Successfully filled 30 block(s)]
[18:40:32] [Server thread/INFO]: [FxxkingPanda23: Successfully filled 7 block(s)]
[18:40:32] [Server thread/INFO]: [FxxkingPanda23: Successfully filled 2 block(s)]
[18:40:32] [Server thread/INFO]: [FxxkingPanda23: Changed the block at -815, 26, 825]
[18:40:32] [Server thread/INFO]: [FxxkingPanda23: Successfully filled 8 block(s)]
[18:40:32] [Server thread/INFO]: [FxxkingPanda23: Successfully filled 5 block(s)]
[18:40:32] [Server thread/INFO]: [FxxkingPanda23: Successfully filled 4 block(s)]
[18:40:32] [Server thread/INFO]: [FxxkingPanda23: Successfully filled 2 block(s)]
[18:40:32] [Server thread/INFO]: [FxxkingPanda23: Successfully filled 4 block(s)]
[18:40:32] [Server thread/INFO]: [FxxkingPanda23: Successfully filled 5 block(s)]
[18:40:32] [Server thread/INFO]: [FxxkingPanda23: Successfully filled 4 block(s)]
[18:40:32] [Server thread/INFO]: [FxxkingPanda23: Successfully filled 2 block(s)]
[18:40:32] [Server thread/INFO]: [FxxkingPanda23: Successfully filled 4 block(s)]
[18:40:32] [Server thread/INFO]: [FxxkingPanda23: Successfully filled 5 block(s)]
[18:40:32] [Server thread/INFO]: [FxxkingPanda23: Successfully filled 4 block(s)]
[18:40:32] [Server thread/INFO]: [FxxkingPanda23: Successfully filled 2 block(s)]
[18:40:32] [Server thread/INFO]: [FxxkingPanda23: Successfully filled 4 block(s)]
[18:40:32] [Server thread/INFO]: [FxxkingPanda23: Successfully filled 5 block(s)]
[18:40:32] [Server thread/INFO]: [FxxkingPanda23: Successfully filled 4 block(s)]
[18:40:32] [Server thread/INFO]: [FxxkingPanda23: Successfully filled 2 block(s)]
[18:40:32] [Server thread/INFO]: [FxxkingPanda23: Successfully filled 4 block(s)]
[18:40:32] [Server thread/INFO]: [FxxkingPanda23: Successfully filled 5 block(s)]
[18:40:32] [Server thread/INFO]: [FxxkingPanda23: Successfully filled 4 block(s)]
[18:40:32] [Server thread/INFO]: [FxxkingPanda23: Successfully filled 2 block(s)]
[18:40:32] [Server thread/INFO]: [FxxkingPanda23: Successfully filled 4 block(s)]
[18:40:32] [Server thread/INFO]: [FxxkingPanda23: Successfully filled 5 block(s)]
[18:40:32] [Server thread/INFO]: [FxxkingPanda23: Successfully filled 4 block(s)]
[18:40:32] [Server thread/INFO]: [FxxkingPanda23: Successfully filled 2 block(s)]
[18:40:32] [Server thread/INFO]: [FxxkingPanda23: Successfully filled 4 block(s)]
[18:40:32] [Server thread/INFO]: [FxxkingPanda23: Successfully filled 5 block(s)]
[18:40:32] [Server thread/INFO]: [FxxkingPanda23: Successfully filled 4 block(s)]
[18:40:32] [Server thread/INFO]: [FxxkingPanda23: Successfully filled 2 block(s)]
[18:40:32] [Server thread/INFO]: [FxxkingPanda23: Successfully filled 4 block(s)]
[18:40:32] [Server thread/INFO]: [FxxkingPanda23: Successfully filled 5 block(s)]
[18:40:32] [Server thread/INFO]: [FxxkingPanda23: Successfully filled 4 block(s)]
[18:40:32] [Server thread/INFO]: [FxxkingPanda23: Successfully filled 2 block(s)]
[18:40:32] [Server thread/INFO]: [FxxkingPanda23: Successfully filled 4 block(s)]
[18:40:33] [Server thread/INFO]: [FxxkingPanda23: Successfully filled 5 block(s)]
[18:40:33] [Server thread/INFO]: [FxxkingPanda23: Successfully filled 48 block(s)]
[18:40:33] [Server thread/INFO]: [FxxkingPanda23: Successfully filled 24 block(s)]
[18:40:33] [Server thread/INFO]: [FxxkingPanda23: Successfully filled 18 block(s)]
[18:40:33] [Server thread/INFO]: [FxxkingPanda23: Changed the block at -815, 26, 826]
[18:40:33] [Server thread/INFO]: [FxxkingPanda23: Successfully filled 3 block(s)]
[18:40:33] [Server thread/INFO]: [FxxkingPanda23: Successfully filled 3 block(s)]
[18:40:33] [Server thread/INFO]: [FxxkingPanda23: Successfully filled 3 block(s)]
[18:40:33] [Server thread/INFO]: [FxxkingPanda23: Successfully filled 3 block(s)]
[18:40:33] [Server thread/INFO]: [FxxkingPanda23: Successfully filled 3 block(s)]
[18:40:33] [Server thread/INFO]: [FxxkingPanda23: Successfully filled 3 block(s)]
[18:40:33] [Server thread/INFO]: [FxxkingPanda23: Successfully filled 3 block(s)]
[18:40:33] [Server thread/INFO]: [FxxkingPanda23: Successfully filled 3 block(s)]
[18:40:33] [Server thread/INFO]: [FxxkingPanda23: Successfully filled 15 block(s)]
[18:40:33] [Server thread/INFO]: [FxxkingPanda23: Changed the block at -815, 26, 827]
[18:40:33] [Server thread/INFO]: [FxxkingPanda23: Successfully filled 2 block(s)]
[18:40:33] [Server thread/INFO]: [FxxkingPanda23: Changed the block at -815, 30, 827]
[18:40:33] [Server thread/INFO]: [FxxkingPanda23: Changed the block at -815, 32, 827]
[18:40:33] [Server thread/INFO]: [FxxkingPanda23: Changed the block at -815, 34, 827]
[18:40:33] [Server thread/INFO]: [FxxkingPanda23: Changed the block at -815, 36, 827]
[18:40:33] [Server thread/INFO]: [FxxkingPanda23: Changed the block at -815, 38, 827]
[18:40:33] [Server thread/INFO]: [FxxkingPanda23: Changed the block at -815, 40, 827]
[18:40:33] [Server thread/INFO]: [FxxkingPanda23: Changed the block at -815, 42, 827]
[18:40:33] [Server thread/INFO]: [FxxkingPanda23: Changed the block at -815, 44, 827]
[18:40:33] [Server thread/INFO]: [FxxkingPanda23: Changed the block at -815, 46, 827]
[18:40:33] [Server thread/INFO]: [FxxkingPanda23: Changed the block at -815, 48, 827]
[18:40:33] [Server thread/INFO]: [FxxkingPanda23: Changed the block at -815, 50, 827]
[18:40:33] [Server thread/INFO]: [FxxkingPanda23: Changed the block at -815, 52, 827]
[18:40:33] [Server thread/INFO]: [FxxkingPanda23: Changed the block at -815, 54, 827]
[18:40:33] [Server thread/INFO]: [FxxkingPanda23: Changed the block at -815, 56, 827]
[18:40:33] [Server thread/INFO]: [FxxkingPanda23: Changed the block at -815, 58, 827]
[18:40:33] [Server thread/INFO]: [FxxkingPanda23: Changed the block at -815, 60, 827]
[18:40:33] [Server thread/INFO]: [FxxkingPanda23: Changed the block at -815, 62, 827]
[18:40:33] [Server thread/INFO]: [FxxkingPanda23: Successfully filled 28 block(s)]
[18:40:33] [Server thread/INFO]: [FxxkingPanda23: Successfully filled 18 block(s)]
[18:40:33] [Server thread/INFO]: [FxxkingPanda23: Successfully filled 8 block(s)]
[18:40:33] [Server thread/INFO]: [FxxkingPanda23: Changed the block at -815, 26, 828]
[18:40:33] [Server thread/INFO]: [FxxkingPanda23: Successfully filled 8 block(s)]
[18:40:33] [Server thread/INFO]: [FxxkingPanda23: Successfully filled 4 block(s)]
[18:40:33] [Server thread/INFO]: [FxxkingPanda23: Successfully filled 4 block(s)]
[18:40:33] [Server thread/INFO]: [FxxkingPanda23: Successfully filled 4 block(s)]
[18:40:33] [Server thread/INFO]: [FxxkingPanda23: Successfully filled 4 block(s)]
[18:40:33] [Server thread/INFO]: [FxxkingPanda23: Successfully filled 4 block(s)]
[18:40:33] [Server thread/INFO]: [FxxkingPanda23: Successfully filled 4 block(s)]
[18:40:33] [Server thread/INFO]: [FxxkingPanda23: Successfully filled 4 block(s)]
[18:40:33] [Server thread/INFO]: [FxxkingPanda23: Successfully filled 4 block(s)]
[18:40:33] [Server thread/INFO]: [FxxkingPanda23: Successfully filled 4 block(s)]
[18:40:33] [Server thread/INFO]: [FxxkingPanda23: Successfully filled 4 block(s)]
[18:40:33] [Server thread/INFO]: [FxxkingPanda23: Successfully filled 4 block(s)]
[18:40:33] [Server thread/INFO]: [FxxkingPanda23: Successfully filled 4 block(s)]
[18:40:33] [Server thread/INFO]: [FxxkingPanda23: Successfully filled 4 block(s)]
[18:40:33] [Server thread/INFO]: [FxxkingPanda23: Successfully filled 4 block(s)]
[18:40:33] [Server thread/INFO]: [FxxkingPanda23: Successfully filled 4 block(s)]
[18:40:33] [Server thread/INFO]: [FxxkingPanda23: Successfully filled 4 block(s)]
[18:40:33] [Server thread/INFO]: [FxxkingPanda23: Successfully filled 2 block(s)]
[18:40:33] [Server thread/INFO]: [FxxkingPanda23: Successfully filled 90 block(s)]
[18:40:33] [Server thread/INFO]: [FxxkingPanda23: Successfully filled 12 block(s)]
[18:40:33] [Server thread/INFO]: [FxxkingPanda23: Successfully filled 45 block(s)]
[18:40:33] [Server thread/INFO]: [FxxkingPanda23: Successfully filled 7 block(s)]
[18:40:33] [Server thread/INFO]: [FxxkingPanda23: Successfully filled 2 block(s)]
[18:40:33] [Server thread/INFO]: [FxxkingPanda23: Changed the block at -815, 26, 829]
[18:40:33] [Server thread/INFO]: [FxxkingPanda23: Successfully filled 2 block(s)]
[18:40:33] [Server thread/INFO]: [FxxkingPanda23: Successfully filled 2 block(s)]
[18:40:33] [Server thread/INFO]: [FxxkingPanda23: Successfully filled 2 block(s)]
[18:40:33] [Server thread/INFO]: [FxxkingPanda23: Successfully filled 2 block(s)]
[18:40:33] [Server thread/INFO]: [FxxkingPanda23: Successfully filled 2 block(s)]
[18:40:33] [Server thread/INFO]: [FxxkingPanda23: Successfully filled 2 block(s)]
[18:40:33] [Server thread/INFO]: [FxxkingPanda23: Successfully filled 2 block(s)]
[18:40:33] [Server thread/INFO]: [FxxkingPanda23: Successfully filled 2 block(s)]
[18:40:33] [Server thread/INFO]: [FxxkingPanda23: Successfully filled 15 block(s)]
[18:40:33] [Server thread/INFO]: [FxxkingPanda23: Successfully filled 20 block(s)]
[18:40:33] [Server thread/INFO]: [FxxkingPanda23: Successfully filled 8 block(s)]
[18:40:33] [Server thread/INFO]: [FxxkingPanda23: Successfully filled 2 block(s)]
[18:40:33] [Server thread/INFO]: [FxxkingPanda23: Successfully filled 2 block(s)]
[18:40:33] [Server thread/INFO]: [FxxkingPanda23: Successfully filled 24 block(s)]
[18:40:33] [Server thread/INFO]: [FxxkingPanda23: Successfully filled 4 block(s)]
[18:40:33] [Server thread/INFO]: [FxxkingPanda23: Successfully filled 16 block(s)]
[18:40:33] [Server thread/INFO]: [FxxkingPanda23: Successfully filled 3 block(s)]
[18:40:33] [Server thread/INFO]: [FxxkingPanda23: Successfully filled 15 block(s)]
[18:40:33] [Server thread/INFO]: [FxxkingPanda23: Successfully filled 3 block(s)]
[18:40:33] [Server thread/INFO]: [FxxkingPanda23: Successfully filled 15 block(s)]
[18:40:33] [Server thread/INFO]: [FxxkingPanda23: Successfully filled 3 block(s)]
[18:40:33] [Server thread/INFO]: [FxxkingPanda23: Successfully filled 15 block(s)]
[18:40:33] [Server thread/INFO]: [FxxkingPanda23: Successfully filled 3 block(s)]
[18:40:33] [Server thread/INFO]: [FxxkingPanda23: Successfully filled 15 block(s)]
[18:40:33] [Server thread/INFO]: [FxxkingPanda23: Successfully filled 3 block(s)]
[18:40:33] [Server thread/INFO]: [FxxkingPanda23: Successfully filled 15 block(s)]
[18:40:33] [Server thread/INFO]: [FxxkingPanda23: Successfully filled 3 block(s)]
[18:40:33] [Server thread/INFO]: [FxxkingPanda23: Successfully filled 15 block(s)]
[18:40:33] [Server thread/INFO]: [FxxkingPanda23: Successfully filled 3 block(s)]
[18:40:33] [Server thread/INFO]: [FxxkingPanda23: Successfully filled 15 block(s)]
[18:40:33] [Server thread/INFO]: [FxxkingPanda23: Successfully filled 2 block(s)]
[18:40:33] [Server thread/INFO]: [FxxkingPanda23: Successfully filled 2 block(s)]
[18:40:33] [Server thread/INFO]: [FxxkingPanda23: Successfully filled 20 block(s)]
[18:40:33] [Server thread/INFO]: [FxxkingPanda23: Successfully filled 15 block(s)]
[18:40:33] [Server thread/INFO]: [FxxkingPanda23: Successfully filled 2 block(s)]
[18:40:33] [Server thread/INFO]: [FxxkingPanda23: Changed the block at -815, 22, 831]
[18:40:33] [Server thread/INFO]: [FxxkingPanda23: Successfully filled 2 block(s)]
[18:40:33] [Server thread/INFO]: [FxxkingPanda23: Successfully filled 3 block(s)]
[18:40:33] [Server thread/INFO]: [FxxkingPanda23: Changed the block at -814, 23, 816]
[18:40:33] [Server thread/INFO]: [FxxkingPanda23: Changed the block at -814, 23, 817]
[18:40:33] [Server thread/INFO]: [FxxkingPanda23: Successfully filled 3 block(s)]
[18:40:33] [Server thread/INFO]: [FxxkingPanda23: Successfully filled 2 block(s)]
[18:40:33] [Server thread/INFO]: [FxxkingPanda23: Successfully filled 2 block(s)]
[18:40:33] [Server thread/INFO]: [FxxkingPanda23: Changed the block at -814, 62, 822]
[18:40:33] [Server thread/INFO]: [FxxkingPanda23: Changed the block at -814, 22, 823]
[18:40:33] [Server thread/INFO]: [FxxkingPanda23: Successfully filled 2 block(s)]
[18:40:33] [Server thread/INFO]: [FxxkingPanda23: Successfully filled 5 block(s)]
[18:40:33] [Server thread/INFO]: [FxxkingPanda23: Successfully filled 2 block(s)]
[18:40:33] [Server thread/INFO]: [FxxkingPanda23: Successfully filled 2 block(s)]
[18:40:33] [Server thread/INFO]: [FxxkingPanda23: Successfully filled 2 block(s)]
[18:40:33] [Server thread/INFO]: [FxxkingPanda23: Successfully filled 2 block(s)]
[18:40:33] [Server thread/INFO]: [FxxkingPanda23: Successfully filled 2 block(s)]
[18:40:33] [Server thread/INFO]: [FxxkingPanda23: Successfully filled 2 block(s)]
[18:40:33] [Server thread/INFO]: [FxxkingPanda23: Successfully filled 2 block(s)]
[18:40:33] [Server thread/INFO]: [FxxkingPanda23: Successfully filled 2 block(s)]
[18:40:33] [Server thread/INFO]: [FxxkingPanda23: Successfully filled 2 block(s)]
[18:40:33] [Server thread/INFO]: [FxxkingPanda23: Successfully filled 2 block(s)]
[18:40:33] [Server thread/INFO]: [FxxkingPanda23: Changed the block at -814, 31, 826]
[18:40:33] [Server thread/INFO]: [FxxkingPanda23: Changed the block at -814, 35, 826]
[18:40:33] [Server thread/INFO]: [FxxkingPanda23: Changed the block at -814, 39, 826]
[18:40:33] [Server thread/INFO]: [FxxkingPanda23: Changed the block at -814, 43, 826]
[18:40:33] [Server thread/INFO]: [FxxkingPanda23: Changed the block at -814, 47, 826]
[18:40:33] [Server thread/INFO]: [FxxkingPanda23: Changed the block at -814, 51, 826]
[18:40:33] [Server thread/INFO]: [FxxkingPanda23: Changed the block at -814, 55, 826]
[18:40:33] [Server thread/INFO]: [FxxkingPanda23: Changed the block at -814, 59, 826]
[18:40:33] [Server thread/INFO]: [FxxkingPanda23: Successfully filled 35 block(s)]
[18:40:33] [Server thread/INFO]: [FxxkingPanda23: Changed the block at -814, 62, 827]
[18:40:33] [Server thread/INFO]: [FxxkingPanda23: Successfully filled 2 block(s)]
[18:40:33] [Server thread/INFO]: [FxxkingPanda23: Changed the block at -814, 31, 828]
[18:40:33] [Server thread/INFO]: [FxxkingPanda23: Successfully filled 2 block(s)]
[18:40:33] [Server thread/INFO]: [FxxkingPanda23: Changed the block at -814, 35, 828]
[18:40:33] [Server thread/INFO]: [FxxkingPanda23: Successfully filled 2 block(s)]
[18:40:33] [Server thread/INFO]: [FxxkingPanda23: Changed the block at -814, 39, 828]
[18:40:33] [Server thread/INFO]: [FxxkingPanda23: Successfully filled 2 block(s)]
[18:40:33] [Server thread/INFO]: [FxxkingPanda23: Changed the block at -814, 43, 828]
[18:40:33] [Server thread/INFO]: [FxxkingPanda23: Successfully filled 2 block(s)]
[18:40:33] [Server thread/INFO]: [FxxkingPanda23: Changed the block at -814, 47, 828]
[18:40:33] [Server thread/INFO]: [FxxkingPanda23: Successfully filled 2 block(s)]
[18:40:33] [Server thread/INFO]: [FxxkingPanda23: Changed the block at -814, 51, 828]
[18:40:33] [Server thread/INFO]: [FxxkingPanda23: Successfully filled 2 block(s)]
[18:40:33] [Server thread/INFO]: [FxxkingPanda23: Changed the block at -814, 55, 828]
[18:40:33] [Server thread/INFO]: [FxxkingPanda23: Successfully filled 2 block(s)]
[18:40:33] [Server thread/INFO]: [FxxkingPanda23: Changed the block at -814, 59, 828]
[18:40:33] [Server thread/INFO]: [FxxkingPanda23: Successfully filled 2 block(s)]
[18:40:33] [Server thread/INFO]: [FxxkingPanda23: Successfully filled 2 block(s)]
[18:40:33] [Server thread/INFO]: [FxxkingPanda23: Changed the block at -814, 22, 831]
[18:40:33] [Server thread/INFO]: [FxxkingPanda23: Changed the block at -814, 61, 831]
[18:40:33] [Server thread/INFO]: [FxxkingPanda23: Changed the block at -814, 62, 831]
[18:40:33] [Server thread/INFO]: [FxxkingPanda23: Changed the block at -813, 23, 816]
[18:40:33] [Server thread/INFO]: [FxxkingPanda23: Successfully filled 15 block(s)]
[18:40:33] [Server thread/INFO]: [FxxkingPanda23: Successfully filled 5 block(s)]
[18:40:33] [Server thread/INFO]: [FxxkingPanda23: Successfully filled 10 block(s)]
[18:40:33] [Server thread/INFO]: [FxxkingPanda23: Successfully filled 3 block(s)]
[18:40:33] [Server thread/INFO]: [FxxkingPanda23: Successfully filled 2 block(s)]
[18:40:33] [Server thread/INFO]: [FxxkingPanda23: Successfully filled 3 block(s)]
[18:40:33] [Server thread/INFO]: [FxxkingPanda23: Successfully filled 2 block(s)]
[18:40:33] [Server thread/INFO]: [FxxkingPanda23: Successfully filled 3 block(s)]
[18:40:33] [Server thread/INFO]: [FxxkingPanda23: Successfully filled 3 block(s)]
[18:40:33] [Server thread/INFO]: [FxxkingPanda23: Successfully filled 2 block(s)]
[18:40:33] [Server thread/INFO]: [FxxkingPanda23: Changed the block at -813, 21, 823]
[18:40:33] [Server thread/INFO]: [FxxkingPanda23: Successfully filled 2 block(s)]
[18:40:33] [Server thread/INFO]: [FxxkingPanda23: Successfully filled 2 block(s)]
[18:40:33] [Server thread/INFO]: [FxxkingPanda23: Successfully filled 2 block(s)]
[18:40:33] [Server thread/INFO]: [FxxkingPanda23: Successfully filled 2 block(s)]
[18:40:33] [Server thread/INFO]: [FxxkingPanda23: Successfully filled 2 block(s)]
[18:40:33] [Server thread/INFO]: [FxxkingPanda23: Successfully filled 2 block(s)]
[18:40:33] [Server thread/INFO]: [FxxkingPanda23: Successfully filled 2 block(s)]
[18:40:33] [Server thread/INFO]: [FxxkingPanda23: Successfully filled 2 block(s)]
[18:40:33] [Server thread/WARN]: Can't keep up! Is the server overloaded? Running 47342ms or 946 ticks behind
[18:40:33] [Server thread/INFO]: FxxkingPanda23 lost connection: Disconnected
[18:40:33] [Server thread/INFO]: FxxkingPanda23 left the game
[18:40:33] [Server thread/INFO]: [FxxkingPanda23: Successfully filled 2 block(s)]
[18:40:33] [Server thread/INFO]: [FxxkingPanda23: Successfully filled 2 block(s)]
[18:40:33] [Server thread/INFO]: [FxxkingPanda23: Changed the block at -813, 62, 823]
[18:40:33] [Server thread/INFO]: [FxxkingPanda23: Changed the block at -813, 18, 824]
[18:40:33] [Server thread/INFO]: [FxxkingPanda23: Changed the block at -813, 23, 824]
[18:40:33] [Server thread/INFO]: [FxxkingPanda23: Changed the block at -813, 24, 824]
[18:40:33] [Server thread/INFO]: [FxxkingPanda23: Changed the block at -813, 24, 825]
[18:40:33] [Server thread/INFO]: [FxxkingPanda23: Changed the block at -813, 25, 826]
[18:40:33] [Server thread/INFO]: [FxxkingPanda23: Changed the block at -813, 25, 828]
[18:40:33] [Server thread/INFO]: [FxxkingPanda23: Changed the block at -813, 24, 829]
[18:40:33] [Server thread/INFO]: [FxxkingPanda23: Changed the block at -813, 18, 830]
[18:40:33] [Server thread/INFO]: [FxxkingPanda23: Changed the block at -813, 23, 830]
[18:40:33] [Server thread/INFO]: [FxxkingPanda23: Changed the block at -813, 24, 830]
[18:40:33] [Server thread/INFO]: [FxxkingPanda23: Successfully filled 2 block(s)]
[18:40:33] [Server thread/INFO]: [FxxkingPanda23: Successfully filled 2 block(s)]
[18:40:33] [Server thread/INFO]: [FxxkingPanda23: Successfully filled 2 block(s)]
[18:40:33] [Server thread/INFO]: [FxxkingPanda23: Successfully filled 2 block(s)]
[18:40:33] [Server thread/INFO]: [FxxkingPanda23: Successfully filled 2 block(s)]
[18:40:33] [Server thread/INFO]: [FxxkingPanda23: Successfully filled 2 block(s)]
[18:40:33] [Server thread/INFO]: [FxxkingPanda23: Successfully filled 2 block(s)]
[18:40:33] [Server thread/INFO]: [FxxkingPanda23: Successfully filled 2 block(s)]
[18:40:33] [Server thread/INFO]: [FxxkingPanda23: Successfully filled 2 block(s)]
[18:40:33] [Server thread/INFO]: [FxxkingPanda23: Successfully filled 2 block(s)]
[18:40:33] [Server thread/INFO]: [FxxkingPanda23: Changed the block at -813, 21, 831]
[18:40:33] [Server thread/INFO]: [FxxkingPanda23: Successfully filled 2 block(s)]
[18:40:33] [Server thread/INFO]: [FxxkingPanda23: Successfully filled 2 block(s)]
[18:40:33] [Server thread/INFO]: [FxxkingPanda23: Successfully filled 8 block(s)]
[18:40:33] [Server thread/INFO]: [FxxkingPanda23: Successfully filled 4 block(s)]
[18:40:33] [Server thread/INFO]: [FxxkingPanda23: Successfully filled 10 block(s)]
[18:40:33] [Server thread/INFO]: [FxxkingPanda23: Successfully filled 2 block(s)]
[18:40:33] [Server thread/INFO]: [FxxkingPanda23: Changed the block at -812, 28, 819]
[18:40:33] [Server thread/INFO]: [FxxkingPanda23: Successfully filled 4 block(s)]
[18:40:33] [Server thread/INFO]: [FxxkingPanda23: Successfully filled 3 block(s)]
[18:40:33] [Server thread/INFO]: [FxxkingPanda23: Successfully filled 3 block(s)]
[18:40:33] [Server thread/INFO]: [FxxkingPanda23: Successfully filled 4 block(s)]
[18:40:33] [Server thread/INFO]: [FxxkingPanda23: Successfully filled 3 block(s)]
[18:40:33] [Server thread/INFO]: [FxxkingPanda23: Changed the block at -812, 28, 820]
[18:40:33] [Server thread/INFO]: [FxxkingPanda23: Changed the block at -812, 11, 821]
[18:40:33] [Server thread/INFO]: [FxxkingPanda23: Successfully filled 17 block(s)]
[18:40:33] [Server thread/INFO]: [FxxkingPanda23: Successfully filled 2 block(s)]
[18:40:33] [Server thread/INFO]: [FxxkingPanda23: Successfully filled 3 block(s)]
[18:40:33] [Server thread/INFO]: [FxxkingPanda23: Successfully filled 3 block(s)]
[18:40:33] [Server thread/INFO]: [FxxkingPanda23: Successfully filled 5 block(s)]
[18:40:33] [Server thread/INFO]: [FxxkingPanda23: Changed the block at -812, 27, 822]
[18:40:33] [Server thread/INFO]: [FxxkingPanda23: Changed the block at -812, 29, 822]
[18:40:33] [Server thread/INFO]: [FxxkingPanda23: Changed the block at -812, 31, 822]
[18:40:33] [Server thread/INFO]: [FxxkingPanda23: Changed the block at -812, 33, 822]
[18:40:33] [Server thread/INFO]: [FxxkingPanda23: Changed the block at -812, 35, 822]
[18:40:33] [Server thread/INFO]: [FxxkingPanda23: Changed the block at -812, 37, 822]
[18:40:33] [Server thread/INFO]: [FxxkingPanda23: Changed the block at -812, 39, 822]
[18:40:33] [Server thread/INFO]: [FxxkingPanda23: Changed the block at -812, 41, 822]
[18:40:33] [Server thread/INFO]: [FxxkingPanda23: Changed the block at -812, 43, 822]
[18:40:33] [Server thread/INFO]: [FxxkingPanda23: Changed the block at -812, 45, 822]
[18:40:33] [Server thread/INFO]: [FxxkingPanda23: Changed the block at -812, 47, 822]
[18:40:33] [Server thread/INFO]: [FxxkingPanda23: Changed the block at -812, 49, 822]
[18:40:33] [Server thread/INFO]: [FxxkingPanda23: Changed the block at -812, 51, 822]
[18:40:33] [Server thread/INFO]: [FxxkingPanda23: Changed the block at -812, 53, 822]
[18:40:33] [Server thread/INFO]: [FxxkingPanda23: Changed the block at -812, 55, 822]
[18:40:33] [Server thread/INFO]: [FxxkingPanda23: Changed the block at -812, 57, 822]
[18:40:33] [Server thread/INFO]: [FxxkingPanda23: Changed the block at -812, 59, 822]
[18:40:33] [Server thread/INFO]: [FxxkingPanda23: Changed the block at -812, 61, 822]
[18:40:33] [Server thread/INFO]: [FxxkingPanda23: Successfully filled 2 block(s)]
[18:40:33] [Server thread/INFO]: [FxxkingPanda23: Changed the block at -812, 18, 827]
[18:40:33] [Server thread/INFO]: [FxxkingPanda23: Successfully filled 2 block(s)]
[18:40:33] [Server thread/INFO]: [FxxkingPanda23: Successfully filled 4 block(s)]
[18:40:33] [Server thread/INFO]: [FxxkingPanda23: Changed the block at -811, 22, 816]
[18:40:33] [Server thread/INFO]: [FxxkingPanda23: Successfully filled 2 block(s)]
[18:40:33] [Server thread/INFO]: [FxxkingPanda23: Successfully filled 2 block(s)]
[18:40:33] [Server thread/INFO]: [FxxkingPanda23: Successfully filled 2 block(s)]
[18:40:33] [Server thread/INFO]: [FxxkingPanda23: Successfully filled 4 block(s)]
[18:40:33] [Server thread/INFO]: [FxxkingPanda23: Successfully filled 10 block(s)]
[18:40:33] [Server thread/INFO]: [FxxkingPanda23: Successfully filled 3 block(s)]
[18:40:33] [Server thread/INFO]: [FxxkingPanda23: Successfully filled 6 block(s)]
[18:40:33] [Server thread/INFO]: [FxxkingPanda23: Successfully filled 3 block(s)]
[18:40:33] [Server thread/INFO]: [FxxkingPanda23: Changed the block at -811, 11, 821]
[18:40:33] [Server thread/INFO]: [FxxkingPanda23: Successfully filled 3 block(s)]
[18:40:33] [Server thread/INFO]: [FxxkingPanda23: Successfully filled 33 block(s)]
[18:40:33] [Server thread/INFO]: [FxxkingPanda23: Successfully filled 2 block(s)]
[18:40:33] [Server thread/INFO]: [FxxkingPanda23: Successfully filled 5 block(s)]
[18:40:33] [Server thread/INFO]: [FxxkingPanda23: Successfully filled 3 block(s)]
[18:40:33] [Server thread/INFO]: [FxxkingPanda23: Changed the block at -811, 27, 821]
[18:40:33] [Server thread/INFO]: [FxxkingPanda23: Changed the block at -811, 28, 821]
[18:40:33] [Server thread/INFO]: [FxxkingPanda23: Changed the block at -811, 29, 821]
[18:40:33] [Server thread/INFO]: [FxxkingPanda23: Changed the block at -811, 31, 821]
[18:40:33] [Server thread/INFO]: [FxxkingPanda23: Changed the block at -811, 33, 821]
[18:40:33] [Server thread/INFO]: [FxxkingPanda23: Changed the block at -811, 35, 821]
[18:40:33] [Server thread/INFO]: [FxxkingPanda23: Changed the block at -811, 37, 821]
[18:40:33] [Server thread/INFO]: [FxxkingPanda23: Changed the block at -811, 39, 821]
[18:40:33] [Server thread/INFO]: [FxxkingPanda23: Changed the block at -811, 41, 821]
[18:40:33] [Server thread/INFO]: [FxxkingPanda23: Changed the block at -811, 43, 821]
[18:40:33] [Server thread/INFO]: [FxxkingPanda23: Changed the block at -811, 45, 821]
[18:40:33] [Server thread/INFO]: [FxxkingPanda23: Changed the block at -811, 47, 821]
[18:40:33] [Server thread/INFO]: [FxxkingPanda23: Changed the block at -811, 49, 821]
[18:40:33] [Server thread/INFO]: [FxxkingPanda23: Changed the block at -811, 51, 821]
[18:40:33] [Server thread/INFO]: [FxxkingPanda23: Changed the block at -811, 53, 821]
[18:40:33] [Server thread/INFO]: [FxxkingPanda23: Changed the block at -811, 55, 821]
[18:40:33] [Server thread/INFO]: [FxxkingPanda23: Changed the block at -811, 57, 821]
[18:40:33] [Server thread/INFO]: [FxxkingPanda23: Changed the block at -811, 59, 821]
[18:40:33] [Server thread/INFO]: [FxxkingPanda23: Changed the block at -811, 61, 821]
[18:40:33] [Server thread/INFO]: [FxxkingPanda23: Changed the block at -811, 12, 822]
[18:40:33] [Server thread/INFO]: [FxxkingPanda23: Changed the block at -811, 18, 822]
[18:40:33] [Server thread/INFO]: [FxxkingPanda23: Changed the block at -811, 11, 823]
[18:40:33] [Server thread/INFO]: [FxxkingPanda23: Changed the block at -811, 12, 823]
[18:40:33] [Server thread/INFO]: [FxxkingPanda23: Changed the block at -811, 13, 823]
[18:40:33] [Server thread/INFO]: [FxxkingPanda23: Changed the block at -811, 18, 826]
[18:40:33] [Server thread/INFO]: [FxxkingPanda23: Changed the block at -811, 18, 827]
[18:40:33] [Server thread/INFO]: [FxxkingPanda23: Changed the block at -811, 18, 828]
[18:40:33] [Server thread/INFO]: [FxxkingPanda23: Changed the block at -811, 11, 831]
[18:40:33] [Server thread/INFO]: [FxxkingPanda23: Changed the block at -811, 12, 831]
[18:40:33] [Server thread/INFO]: [FxxkingPanda23: Changed the block at -811, 13, 831]
[18:40:33] [Server thread/INFO]: [FxxkingPanda23: Changed the block at -810, 21, 816]
[18:40:33] [Server thread/INFO]: [FxxkingPanda23: Changed the block at -810, 22, 816]
[18:40:33] [Server thread/INFO]: [FxxkingPanda23: Changed the block at -810, 23, 816]
[18:40:33] [Server thread/INFO]: [FxxkingPanda23: Changed the block at -810, 21, 817]
[18:40:33] [Server thread/INFO]: [FxxkingPanda23: Successfully filled 2 block(s)]
[18:40:33] [Server thread/INFO]: [FxxkingPanda23: Successfully filled 2 block(s)]
[18:40:33] [Server thread/INFO]: [FxxkingPanda23: Changed the block at -810, 22, 818]
[18:40:33] [Server thread/INFO]: [FxxkingPanda23: Successfully filled 2 block(s)]
[18:40:33] [Server thread/INFO]: [FxxkingPanda23: Changed the block at -810, 28, 818]
[18:40:33] [Server thread/INFO]: [FxxkingPanda23: Successfully filled 9 block(s)]
[18:40:33] [Server thread/INFO]: [FxxkingPanda23: Successfully filled 4 block(s)]
[18:40:33] [Server thread/INFO]: [FxxkingPanda23: Changed the block at -810, 22, 819]
[18:40:33] [Server thread/INFO]: [FxxkingPanda23: Changed the block at -810, 21, 820]
[18:40:33] [Server thread/INFO]: [FxxkingPanda23: Successfully filled 2 block(s)]
[18:40:33] [Server thread/INFO]: [FxxkingPanda23: Successfully filled 2 block(s)]
[18:40:33] [Server thread/INFO]: [FxxkingPanda23: Successfully filled 2 block(s)]
[18:40:33] [Server thread/INFO]: [FxxkingPanda23: Successfully filled 2 block(s)]
[18:40:33] [Server thread/INFO]: [FxxkingPanda23: Successfully filled 2 block(s)]
[18:40:33] [Server thread/INFO]: [FxxkingPanda23: Successfully filled 2 block(s)]
[18:40:33] [Server thread/INFO]: [FxxkingPanda23: Successfully filled 2 block(s)]
[18:40:33] [Server thread/INFO]: [FxxkingPanda23: Successfully filled 2 block(s)]
[18:40:33] [Server thread/INFO]: [FxxkingPanda23: Successfully filled 2 block(s)]
[18:40:33] [Server thread/INFO]: [FxxkingPanda23: Successfully filled 2 block(s)]
[18:40:33] [Server thread/INFO]: [FxxkingPanda23: Successfully filled 36 block(s)]
[18:40:33] [Server thread/INFO]: [FxxkingPanda23: Changed the block at -810, 12, 822]
[18:40:33] [Server thread/INFO]: [FxxkingPanda23: Changed the block at -810, 13, 822]
[18:40:33] [Server thread/INFO]: [FxxkingPanda23: Changed the block at -810, 18, 822]
[18:40:33] [Server thread/INFO]: [FxxkingPanda23: Successfully filled 9 block(s)]
[18:40:33] [Server thread/INFO]: [FxxkingPanda23: Successfully filled 4 block(s)]
[18:40:33] [Server thread/INFO]: [FxxkingPanda23: Changed the block at -810, 13, 823]
[18:40:33] [Server thread/INFO]: [FxxkingPanda23: Changed the block at -810, 18, 823]
[18:40:33] [Server thread/INFO]: [FxxkingPanda23: Changed the block at -810, 13, 824]
[18:40:33] [Server thread/INFO]: [FxxkingPanda23: Changed the block at -810, 18, 824]
[18:40:33] [Server thread/INFO]: [FxxkingPanda23: Successfully filled 3 block(s)]
[18:40:33] [Server thread/INFO]: [FxxkingPanda23: Successfully filled 5 block(s)]
[18:40:33] [Server thread/INFO]: [FxxkingPanda23: Changed the block at -810, 13, 830]
[18:40:33] [Server thread/INFO]: [FxxkingPanda23: Changed the block at -810, 18, 830]
[18:40:33] [Server thread/INFO]: [FxxkingPanda23: Successfully filled 9 block(s)]
[18:40:33] [Server thread/INFO]: [FxxkingPanda23: Successfully filled 2 block(s)]
[18:40:33] [Server thread/INFO]: [FxxkingPanda23: Changed the block at -810, 13, 831]
[18:40:33] [Server thread/INFO]: [FxxkingPanda23: Changed the block at -810, 18, 831]
[18:40:33] [Server thread/INFO]: [FxxkingPanda23: Changed the block at -809, 23, 816]
[18:40:33] [Server thread/INFO]: [FxxkingPanda23: Changed the block at -809, 24, 816]
[18:40:33] [Server thread/INFO]: [FxxkingPanda23: Successfully filled 3 block(s)]
[18:40:33] [Server thread/INFO]: [FxxkingPanda23: Changed the block at -809, 23, 817]
[18:40:33] [Server thread/INFO]: [FxxkingPanda23: Changed the block at -809, 24, 817]
[18:40:33] [Server thread/INFO]: [FxxkingPanda23: Successfully filled 2 block(s)]
[18:40:33] [Server thread/INFO]: [FxxkingPanda23: Successfully filled 2 block(s)]
[18:40:33] [Server thread/INFO]: [FxxkingPanda23: Changed the block at -809, 28, 818]
[18:40:33] [Server thread/INFO]: [FxxkingPanda23: Successfully filled 7 block(s)]
[18:40:33] [Server thread/INFO]: [FxxkingPanda23: Changed the block at -809, 23, 820]
[18:40:33] [Server thread/INFO]: [FxxkingPanda23: Changed the block at -809, 24, 820]
[18:40:33] [Server thread/INFO]: [FxxkingPanda23: Successfully filled 2 block(s)]
[18:40:33] [Server thread/INFO]: [FxxkingPanda23: Successfully filled 35 block(s)]
[18:40:33] [Server thread/INFO]: [FxxkingPanda23: Changed the block at -809, 13, 823]
[18:40:33] [Server thread/INFO]: [FxxkingPanda23: Successfully filled 2 block(s)]
[18:40:33] [Server thread/INFO]: [FxxkingPanda23: Changed the block at -809, 13, 824]
[18:40:33] [Server thread/INFO]: [FxxkingPanda23: Changed the block at -809, 18, 824]
[18:40:33] [Server thread/INFO]: [FxxkingPanda23: Changed the block at -809, 19, 824]
[18:40:33] [Server thread/INFO]: [FxxkingPanda23: Successfully filled 3 block(s)]
[18:40:33] [Server thread/INFO]: [FxxkingPanda23: Changed the block at -809, 13, 825]
[18:40:33] [Server thread/INFO]: [FxxkingPanda23: Changed the block at -809, 18, 825]
[18:40:33] [Server thread/INFO]: [FxxkingPanda23: Changed the block at -809, 22, 825]
[18:40:33] [Server thread/INFO]: [FxxkingPanda23: Changed the block at -809, 13, 826]
[18:40:33] [Server thread/INFO]: [FxxkingPanda23: Changed the block at -809, 17, 826]
[18:40:33] [Server thread/INFO]: [FxxkingPanda23: Successfully filled 6 block(s)]
[18:40:33] [Server thread/INFO]: [FxxkingPanda23: Changed the block at -809, 22, 826]
[18:40:33] [Server thread/INFO]: [FxxkingPanda23: Changed the block at -809, 13, 827]
[18:40:33] [Server thread/INFO]: [FxxkingPanda23: Changed the block at -809, 17, 827]
[18:40:33] [Server thread/INFO]: [FxxkingPanda23: Changed the block at -809, 22, 827]
[18:40:33] [Server thread/INFO]: [FxxkingPanda23: Changed the block at -809, 17, 828]
[18:40:33] [Server thread/INFO]: [FxxkingPanda23: Changed the block at -809, 22, 828]
[18:40:33] [Server thread/INFO]: [FxxkingPanda23: Changed the block at -809, 18, 829]
[18:40:33] [Server thread/INFO]: [FxxkingPanda23: Changed the block at -809, 22, 829]
[18:40:33] [Server thread/INFO]: [FxxkingPanda23: Changed the block at -809, 13, 830]
[18:40:33] [Server thread/INFO]: [FxxkingPanda23: Changed the block at -809, 18, 830]
[18:40:33] [Server thread/INFO]: [FxxkingPanda23: Changed the block at -809, 19, 830]
[18:40:33] [Server thread/INFO]: [FxxkingPanda23: Changed the block at -809, 13, 831]
[18:40:33] [Server thread/INFO]: [FxxkingPanda23: Successfully filled 2 block(s)]
[18:40:33] [Server thread/INFO]: [FxxkingPanda23: Changed the block at -808, 24, 816]
[18:40:33] [Server thread/INFO]: [FxxkingPanda23: Successfully filled 5 block(s)]
[18:40:33] [Server thread/INFO]: [FxxkingPanda23: Successfully filled 3 block(s)]
[18:40:33] [Server thread/INFO]: [FxxkingPanda23: Changed the block at -808, 24, 817]
[18:40:33] [Server thread/INFO]: [FxxkingPanda23: Successfully filled 2 block(s)]
[18:40:33] [Server thread/INFO]: [FxxkingPanda23: Changed the block at -808, 28, 818]
[18:40:33] [Server thread/INFO]: [FxxkingPanda23: Successfully filled 5 block(s)]
[18:40:33] [Server thread/INFO]: [FxxkingPanda23: Successfully filled 2 block(s)]
[18:40:33] [Server thread/INFO]: [FxxkingPanda23: Successfully filled 2 block(s)]
[18:40:33] [Server thread/INFO]: [FxxkingPanda23: Successfully filled 2 block(s)]
[18:40:33] [Server thread/INFO]: [FxxkingPanda23: Successfully filled 2 block(s)]
[18:40:33] [Server thread/INFO]: [FxxkingPanda23: Successfully filled 2 block(s)]
[18:40:33] [Server thread/INFO]: [FxxkingPanda23: Successfully filled 2 block(s)]
[18:40:33] [Server thread/INFO]: [FxxkingPanda23: Successfully filled 2 block(s)]
[18:40:33] [Server thread/INFO]: [FxxkingPanda23: Successfully filled 2 block(s)]
[18:40:33] [Server thread/INFO]: [FxxkingPanda23: Successfully filled 2 block(s)]
[18:40:33] [Server thread/INFO]: [FxxkingPanda23: Changed the block at -808, 24, 820]
[18:40:33] [Server thread/INFO]: [FxxkingPanda23: Successfully filled 2 block(s)]
[18:40:33] [Server thread/INFO]: [FxxkingPanda23: Successfully filled 20 block(s)]
[18:40:33] [Server thread/INFO]: [FxxkingPanda23: Successfully filled 2 block(s)]
[18:40:33] [Server thread/INFO]: [FxxkingPanda23: Successfully filled 6 block(s)]
[18:40:33] [Server thread/INFO]: [FxxkingPanda23: Successfully filled 2 block(s)]
[18:40:33] [Server thread/INFO]: [FxxkingPanda23: Changed the block at -808, 18, 824]
[18:40:33] [Server thread/INFO]: [FxxkingPanda23: Changed the block at -808, 22, 824]
[18:40:33] [Server thread/INFO]: [FxxkingPanda23: Successfully filled 8 block(s)]
[18:40:33] [Server thread/INFO]: [FxxkingPanda23: Changed the block at -808, 17, 825]
[18:40:33] [Server thread/INFO]: [FxxkingPanda23: Successfully filled 5 block(s)]
[18:40:33] [Server thread/INFO]: [FxxkingPanda23: Changed the block at -808, 22, 825]
[18:40:33] [Server thread/INFO]: [FxxkingPanda23: Successfully filled 2 block(s)]
[18:40:33] [Server thread/INFO]: [FxxkingPanda23: Changed the block at -808, 17, 826]
[18:40:33] [Server thread/INFO]: [FxxkingPanda23: Successfully filled 2 block(s)]
[18:40:33] [Server thread/INFO]: [FxxkingPanda23: Changed the block at -808, 25, 826]
[18:40:33] [Server thread/INFO]: [FxxkingPanda23: Changed the block at -808, 12, 827]
[18:40:33] [Server thread/INFO]: [FxxkingPanda23: Changed the block at -808, 13, 827]
[18:40:33] [Server thread/INFO]: [FxxkingPanda23: Changed the block at -808, 17, 827]
[18:40:33] [Server thread/INFO]: [FxxkingPanda23: Successfully filled 2 block(s)]
[18:40:33] [Server thread/INFO]: [FxxkingPanda23: Changed the block at -808, 25, 827]
[18:40:33] [Server thread/INFO]: [FxxkingPanda23: Changed the block at -808, 12, 828]
[18:40:33] [Server thread/INFO]: [FxxkingPanda23: Changed the block at -808, 17, 828]
[18:40:33] [Server thread/INFO]: [FxxkingPanda23: Successfully filled 2 block(s)]
[18:40:33] [Server thread/INFO]: [FxxkingPanda23: Changed the block at -808, 25, 828]
[18:40:33] [Server thread/INFO]: [FxxkingPanda23: Changed the block at -808, 17, 829]
[18:40:33] [Server thread/INFO]: [FxxkingPanda23: Successfully filled 5 block(s)]
[18:40:33] [Server thread/INFO]: [FxxkingPanda23: Changed the block at -808, 22, 829]
[18:40:33] [Server thread/INFO]: [FxxkingPanda23: Changed the block at -808, 13, 830]
[18:40:33] [Server thread/INFO]: [FxxkingPanda23: Changed the block at -808, 18, 830]
[18:40:33] [Server thread/INFO]: [FxxkingPanda23: Changed the block at -808, 22, 830]
[18:40:33] [Server thread/INFO]: [FxxkingPanda23: Successfully filled 20 block(s)]
[18:40:33] [Server thread/INFO]: [FxxkingPanda23: Successfully filled 6 block(s)]
[18:40:33] [Server thread/INFO]: [FxxkingPanda23: Changed the block at -807, 26, 816]
[18:40:33] [Server thread/INFO]: [FxxkingPanda23: Changed the block at -807, 25, 817]
[18:40:33] [Server thread/INFO]: [FxxkingPanda23: Changed the block at -807, 26, 817]
[18:40:33] [Server thread/INFO]: [FxxkingPanda23: Changed the block at -807, 26, 818]
[18:40:33] [Server thread/INFO]: [FxxkingPanda23: Changed the block at -807, 28, 818]
[18:40:33] [Server thread/INFO]: [FxxkingPanda23: Changed the block at -807, 31, 819]
[18:40:33] [Server thread/INFO]: [FxxkingPanda23: Changed the block at -807, 35, 819]
[18:40:33] [Server thread/INFO]: [FxxkingPanda23: Changed the block at -807, 39, 819]
[18:40:33] [Server thread/INFO]: [FxxkingPanda23: Changed the block at -807, 43, 819]
[18:40:33] [Server thread/INFO]: [FxxkingPanda23: Changed the block at -807, 47, 819]
[18:40:33] [Server thread/INFO]: [FxxkingPanda23: Changed the block at -807, 51, 819]
[18:40:33] [Server thread/INFO]: [FxxkingPanda23: Changed the block at -807, 55, 819]
[18:40:33] [Server thread/INFO]: [FxxkingPanda23: Changed the block at -807, 59, 819]
[18:40:33] [Server thread/INFO]: [FxxkingPanda23: Changed the block at -807, 25, 820]
[18:40:33] [Server thread/INFO]: [FxxkingPanda23: Changed the block at -807, 18, 822]
[18:40:33] [Server thread/INFO]: [FxxkingPanda23: Successfully filled 3 block(s)]
[18:40:33] [Server thread/INFO]: [FxxkingPanda23: Changed the block at -807, 17, 824]
[18:40:33] [Server thread/INFO]: [FxxkingPanda23: Successfully filled 3 block(s)]
[18:40:33] [Server thread/INFO]: [FxxkingPanda23: Changed the block at -807, 22, 824]
[18:40:33] [Server thread/INFO]: [FxxkingPanda23: Changed the block at -807, 12, 825]
[18:40:33] [Server thread/INFO]: [FxxkingPanda23: Changed the block at -807, 17, 825]
[18:40:33] [Server thread/INFO]: [FxxkingPanda23: Successfully filled 2 block(s)]
[18:40:33] [Server thread/INFO]: [FxxkingPanda23: Changed the block at -807, 25, 825]
[18:40:33] [Server thread/INFO]: [FxxkingPanda23: Changed the block at -807, 16, 826]
[18:40:33] [Server thread/INFO]: [FxxkingPanda23: Successfully filled 3 block(s)]
[18:40:33] [Server thread/INFO]: [FxxkingPanda23: Successfully filled 3 block(s)]
[18:40:33] [Server thread/INFO]: [FxxkingPanda23: Successfully filled 2 block(s)]
[18:40:33] [Server thread/INFO]: [FxxkingPanda23: Changed the block at -807, 25, 826]
[18:40:33] [Server thread/INFO]: [FxxkingPanda23: Changed the block at -807, 12, 827]
[18:40:33] [Server thread/INFO]: [FxxkingPanda23: Changed the block at -807, 13, 827]
[18:40:33] [Server thread/INFO]: [FxxkingPanda23: Changed the block at -807, 16, 827]
[18:40:33] [Server thread/INFO]: [FxxkingPanda23: Changed the block at -807, 17, 827]
[18:40:33] [Server thread/INFO]: [FxxkingPanda23: Changed the block at -807, 18, 827]
[18:40:33] [Server thread/INFO]: [FxxkingPanda23: Successfully filled 6 block(s)]
[18:40:33] [Server thread/INFO]: [FxxkingPanda23: Changed the block at -807, 28, 827]
[18:40:33] [Server thread/INFO]: [FxxkingPanda23: Changed the block at -807, 16, 828]
[18:40:33] [Server thread/INFO]: [FxxkingPanda23: Successfully filled 3 block(s)]
[18:40:33] [Server thread/INFO]: [FxxkingPanda23: Successfully filled 3 block(s)]
[18:40:33] [Server thread/INFO]: [FxxkingPanda23: Successfully filled 2 block(s)]
[18:40:33] [Server thread/INFO]: [FxxkingPanda23: Changed the block at -807, 25, 828]
[18:40:33] [Server thread/INFO]: [FxxkingPanda23: Changed the block at -807, 17, 829]
[18:40:33] [Server thread/INFO]: [FxxkingPanda23: Successfully filled 2 block(s)]
[18:40:33] [Server thread/INFO]: [FxxkingPanda23: Changed the block at -807, 25, 829]
[18:40:33] [Server thread/INFO]: [FxxkingPanda23: Changed the block at -807, 13, 830]
[18:40:33] [Server thread/INFO]: [FxxkingPanda23: Changed the block at -807, 17, 830]
[18:40:33] [Server thread/INFO]: [FxxkingPanda23: Successfully filled 3 block(s)]
[18:40:33] [Server thread/INFO]: [FxxkingPanda23: Changed the block at -807, 22, 830]
[18:40:33] [Server thread/INFO]: [FxxkingPanda23: Successfully filled 3 block(s)]
[18:40:33] [Server thread/INFO]: [FxxkingPanda23: Successfully filled 5 block(s)]
[18:40:33] [Server thread/INFO]: [FxxkingPanda23: Changed the block at -806, 26, 816]
[18:40:33] [Server thread/INFO]: [FxxkingPanda23: Changed the block at -806, 23, 817]
[18:40:33] [Server thread/INFO]: [FxxkingPanda23: Changed the block at -806, 24, 817]
[18:40:33] [Server thread/INFO]: [FxxkingPanda23: Changed the block at -806, 25, 817]
[18:40:33] [Server thread/INFO]: [FxxkingPanda23: Changed the block at -806, 26, 817]
[18:40:33] [Server thread/INFO]: [FxxkingPanda23: Changed the block at -806, 26, 818]
[18:40:33] [Server thread/INFO]: [FxxkingPanda23: Changed the block at -806, 28, 818]
[18:40:33] [Server thread/INFO]: [FxxkingPanda23: Changed the block at -806, 62, 818]
[18:40:33] [Server thread/INFO]: [FxxkingPanda23: Successfully filled 35 block(s)]
[18:40:33] [Server thread/INFO]: [FxxkingPanda23: Changed the block at -806, 18, 821]
[18:40:33] [Server thread/INFO]: [FxxkingPanda23: Changed the block at -806, 18, 822]
[18:40:33] [Server thread/INFO]: [FxxkingPanda23: Successfully filled 5 block(s)]
[18:40:33] [Server thread/INFO]: [FxxkingPanda23: Changed the block at -806, 13, 824]
[18:40:33] [Server thread/INFO]: [FxxkingPanda23: Changed the block at -806, 17, 824]
[18:40:33] [Server thread/INFO]: [FxxkingPanda23: Changed the block at -806, 22, 824]
[18:40:33] [Server thread/INFO]: [FxxkingPanda23: Successfully filled 2 block(s)]
[18:40:33] [Server thread/INFO]: [FxxkingPanda23: Changed the block at -806, 12, 825]
[18:40:33] [Server thread/INFO]: [FxxkingPanda23: Changed the block at -806, 13, 825]
[18:40:33] [Server thread/INFO]: [FxxkingPanda23: Changed the block at -806, 17, 825]
[18:40:33] [Server thread/INFO]: [FxxkingPanda23: Successfully filled 2 block(s)]
[18:40:33] [Server thread/INFO]: [FxxkingPanda23: Changed the block at -806, 25, 825]
[18:40:33] [Server thread/INFO]: [FxxkingPanda23: Changed the block at -806, 12, 826]
[18:40:33] [Server thread/INFO]: [FxxkingPanda23: Changed the block at -806, 13, 826]
[18:40:33] [Server thread/INFO]: [FxxkingPanda23: Changed the block at -806, 16, 826]
[18:40:33] [Server thread/INFO]: [FxxkingPanda23: Successfully filled 6 block(s)]
[18:40:33] [Server thread/INFO]: [FxxkingPanda23: Changed the block at -806, 28, 826]
[18:40:33] [Server thread/INFO]: [FxxkingPanda23: Changed the block at -806, 9, 827]
[18:40:33] [Server thread/INFO]: [FxxkingPanda23: Changed the block at -806, 10, 827]
[18:40:33] [Server thread/INFO]: [FxxkingPanda23: Changed the block at -806, 12, 827]
[18:40:33] [Server thread/INFO]: [FxxkingPanda23: Changed the block at -806, 13, 827]
[18:40:33] [Server thread/INFO]: [FxxkingPanda23: Successfully filled 2 block(s)]
[18:40:33] [Server thread/INFO]: [FxxkingPanda23: Changed the block at -806, 19, 827]
[18:40:33] [Server thread/INFO]: [FxxkingPanda23: Successfully filled 9 block(s)]
[18:40:33] [Server thread/INFO]: [FxxkingPanda23: Changed the block at -806, 29, 827]
[18:40:33] [Server thread/INFO]: [FxxkingPanda23: Successfully filled 2 block(s)]
[18:40:33] [Server thread/INFO]: [FxxkingPanda23: Changed the block at -806, 12, 828]
[18:40:33] [Server thread/INFO]: [FxxkingPanda23: Changed the block at -806, 13, 828]
[18:40:33] [Server thread/INFO]: [FxxkingPanda23: Changed the block at -806, 16, 828]
[18:40:33] [Server thread/INFO]: [FxxkingPanda23: Successfully filled 6 block(s)]
[18:40:33] [Server thread/INFO]: [FxxkingPanda23: Changed the block at -806, 28, 828]
[18:40:33] [Server thread/INFO]: [FxxkingPanda23: Changed the block at -806, 12, 829]
[18:40:33] [Server thread/INFO]: [FxxkingPanda23: Changed the block at -806, 13, 829]
[18:40:33] [Server thread/INFO]: [FxxkingPanda23: Changed the block at -806, 17, 829]
[18:40:33] [Server thread/INFO]: [FxxkingPanda23: Successfully filled 2 block(s)]
[18:40:33] [Server thread/INFO]: [FxxkingPanda23: Changed the block at -806, 25, 829]
[18:40:33] [Server thread/INFO]: [FxxkingPanda23: Changed the block at -806, 13, 830]
[18:40:33] [Server thread/INFO]: [FxxkingPanda23: Changed the block at -806, 17, 830]
[18:40:33] [Server thread/INFO]: [FxxkingPanda23: Changed the block at -806, 22, 830]
[18:40:33] [Server thread/INFO]: [FxxkingPanda23: Successfully filled 6 block(s)]
[18:40:33] [Server thread/INFO]: [FxxkingPanda23: Changed the block at -805, 26, 816]
[18:40:33] [Server thread/INFO]: [FxxkingPanda23: Changed the block at -805, 25, 817]
[18:40:33] [Server thread/INFO]: [FxxkingPanda23: Changed the block at -805, 26, 817]
[18:40:33] [Server thread/INFO]: [FxxkingPanda23: Changed the block at -805, 26, 818]
[18:40:33] [Server thread/INFO]: [FxxkingPanda23: Changed the block at -805, 28, 818]
[18:40:33] [Server thread/INFO]: [FxxkingPanda23: Successfully filled 4 block(s)]
[18:40:33] [Server thread/INFO]: [FxxkingPanda23: Successfully filled 10 block(s)]
[18:40:33] [Server thread/INFO]: [FxxkingPanda23: Successfully filled 2 block(s)]
[18:40:33] [Server thread/INFO]: [FxxkingPanda23: Successfully filled 5 block(s)]
[18:40:33] [Server thread/INFO]: [FxxkingPanda23: Changed the block at -805, 31, 819]
[18:40:33] [Server thread/INFO]: [FxxkingPanda23: Successfully filled 5 block(s)]
[18:40:33] [Server thread/INFO]: [FxxkingPanda23: Successfully filled 2 block(s)]
[18:40:33] [Server thread/INFO]: [FxxkingPanda23: Successfully filled 5 block(s)]
[18:40:33] [Server thread/INFO]: [FxxkingPanda23: Changed the block at -805, 35, 819]
[18:40:33] [Server thread/INFO]: [FxxkingPanda23: Successfully filled 5 block(s)]
[18:40:33] [Server thread/INFO]: [FxxkingPanda23: Successfully filled 2 block(s)]
[18:40:33] [Server thread/INFO]: [FxxkingPanda23: Successfully filled 5 block(s)]
[18:40:33] [Server thread/INFO]: [FxxkingPanda23: Changed the block at -805, 39, 819]
[18:40:33] [Server thread/INFO]: [FxxkingPanda23: Successfully filled 5 block(s)]
[18:40:33] [Server thread/INFO]: [FxxkingPanda23: Successfully filled 2 block(s)]
[18:40:33] [Server thread/INFO]: [FxxkingPanda23: Successfully filled 5 block(s)]
[18:40:33] [Server thread/INFO]: [FxxkingPanda23: Changed the block at -805, 43, 819]
[18:40:33] [Server thread/INFO]: [FxxkingPanda23: Successfully filled 5 block(s)]
[18:40:33] [Server thread/INFO]: [FxxkingPanda23: Successfully filled 2 block(s)]
[18:40:33] [Server thread/INFO]: [FxxkingPanda23: Successfully filled 5 block(s)]
[18:40:33] [Server thread/INFO]: [FxxkingPanda23: Changed the block at -805, 47, 819]
[18:40:33] [Server thread/INFO]: [FxxkingPanda23: Successfully filled 5 block(s)]
[18:40:33] [Server thread/INFO]: [FxxkingPanda23: Successfully filled 2 block(s)]
[18:40:33] [Server thread/INFO]: [FxxkingPanda23: Successfully filled 5 block(s)]
[18:40:33] [Server thread/INFO]: [FxxkingPanda23: Changed the block at -805, 51, 819]
[18:40:33] [Server thread/INFO]: [FxxkingPanda23: Successfully filled 5 block(s)]
[18:40:33] [Server thread/INFO]: [FxxkingPanda23: Successfully filled 2 block(s)]
[18:40:33] [Server thread/INFO]: [FxxkingPanda23: Successfully filled 5 block(s)]
[18:40:33] [Server thread/INFO]: [FxxkingPanda23: Changed the block at -805, 55, 819]
[18:40:33] [Server thread/INFO]: [FxxkingPanda23: Successfully filled 5 block(s)]
[18:40:33] [Server thread/INFO]: [FxxkingPanda23: Successfully filled 2 block(s)]
[18:40:33] [Server thread/INFO]: [FxxkingPanda23: Successfully filled 5 block(s)]
[18:40:33] [Server thread/INFO]: [FxxkingPanda23: Changed the block at -805, 59, 819]
[18:40:33] [Server thread/INFO]: [FxxkingPanda23: Successfully filled 5 block(s)]
[18:40:33] [Server thread/INFO]: [FxxkingPanda23: Successfully filled 2 block(s)]
[18:40:33] [Server thread/INFO]: [FxxkingPanda23: Changed the block at -805, 25, 820]
[18:40:33] [Server thread/INFO]: [FxxkingPanda23: Changed the block at -805, 18, 822]
[18:40:33] [Server thread/INFO]: [FxxkingPanda23: Changed the block at -805, 13, 824]
[18:40:33] [Server thread/INFO]: [FxxkingPanda23: Changed the block at -805, 17, 824]
[18:40:33] [Server thread/INFO]: [FxxkingPanda23: Changed the block at -805, 22, 824]
[18:40:33] [Server thread/INFO]: [FxxkingPanda23: Successfully filled 5 block(s)]
[18:40:33] [Server thread/INFO]: [FxxkingPanda23: Changed the block at -805, 17, 825]
[18:40:33] [Server thread/INFO]: [FxxkingPanda23: Successfully filled 2 block(s)]
[18:40:33] [Server thread/INFO]: [FxxkingPanda23: Changed the block at -805, 25, 825]
[18:40:33] [Server thread/INFO]: [FxxkingPanda23: Successfully filled 2 block(s)]
[18:40:33] [Server thread/INFO]: [FxxkingPanda23: Changed the block at -805, 16, 826]
[18:40:33] [Server thread/INFO]: [FxxkingPanda23: Successfully filled 2 block(s)]
[18:40:33] [Server thread/INFO]: [FxxkingPanda23: Changed the block at -805, 25, 826]
[18:40:33] [Server thread/INFO]: [FxxkingPanda23: Changed the block at -805, 12, 827]
[18:40:33] [Server thread/INFO]: [FxxkingPanda23: Changed the block at -805, 13, 827]
[18:40:33] [Server thread/INFO]: [FxxkingPanda23: Changed the block at -805, 16, 827]
[18:40:33] [Server thread/INFO]: [FxxkingPanda23: Changed the block at -805, 17, 827]
[18:40:33] [Server thread/INFO]: [FxxkingPanda23: Changed the block at -805, 18, 827]
[18:40:33] [Server thread/INFO]: [FxxkingPanda23: Successfully filled 6 block(s)]
[18:40:33] [Server thread/INFO]: [FxxkingPanda23: Changed the block at -805, 28, 827]
[18:40:33] [Server thread/INFO]: [FxxkingPanda23: Successfully filled 6 block(s)]
[18:40:33] [Server thread/INFO]: [FxxkingPanda23: Changed the block at -805, 16, 828]
[18:40:33] [Server thread/INFO]: [FxxkingPanda23: Successfully filled 2 block(s)]
[18:40:33] [Server thread/INFO]: [FxxkingPanda23: Changed the block at -805, 25, 828]
[18:40:33] [Server thread/INFO]: [FxxkingPanda23: Changed the block at -805, 12, 829]
[18:40:33] [Server thread/INFO]: [FxxkingPanda23: Changed the block at -805, 17, 829]
[18:40:33] [Server thread/INFO]: [FxxkingPanda23: Successfully filled 2 block(s)]
[18:40:33] [Server thread/INFO]: [FxxkingPanda23: Changed the block at -805, 25, 829]
[18:40:33] [Server thread/INFO]: [FxxkingPanda23: Successfully filled 2 block(s)]
[18:40:33] [Server thread/INFO]: [FxxkingPanda23: Successfully filled 2 block(s)]
[18:40:33] [Server thread/INFO]: [FxxkingPanda23: Changed the block at -805, 17, 830]
[18:40:33] [Server thread/INFO]: [FxxkingPanda23: Changed the block at -805, 22, 830]
[18:40:33] [Server thread/INFO]: [FxxkingPanda23: Successfully filled 4 block(s)]
[18:40:33] [Server thread/INFO]: [FxxkingPanda23: Changed the block at -804, 24, 816]
[18:40:33] [Server thread/INFO]: [FxxkingPanda23: Successfully filled 5 block(s)]
[18:40:33] [Server thread/INFO]: [FxxkingPanda23: Successfully filled 3 block(s)]
[18:40:33] [Server thread/INFO]: [FxxkingPanda23: Changed the block at -804, 24, 817]
[18:40:33] [Server thread/INFO]: [FxxkingPanda23: Successfully filled 2 block(s)]
[18:40:33] [Server thread/INFO]: [FxxkingPanda23: Successfully filled 4 block(s)]
[18:40:33] [Server thread/INFO]: [FxxkingPanda23: Changed the block at -804, 28, 818]
[18:40:33] [Server thread/INFO]: [FxxkingPanda23: Successfully filled 4 block(s)]
[18:40:33] [Server thread/INFO]: [FxxkingPanda23: Successfully filled 4 block(s)]
[18:40:33] [Server thread/INFO]: [FxxkingPanda23: Successfully filled 4 block(s)]
[18:40:33] [Server thread/INFO]: [FxxkingPanda23: Successfully filled 4 block(s)]
[18:40:33] [Server thread/INFO]: [FxxkingPanda23: Successfully filled 4 block(s)]
[18:40:33] [Server thread/INFO]: [FxxkingPanda23: Successfully filled 4 block(s)]
[18:40:33] [Server thread/INFO]: [FxxkingPanda23: Successfully filled 4 block(s)]
[18:40:33] [Server thread/INFO]: [FxxkingPanda23: Successfully filled 4 block(s)]
[18:40:33] [Server thread/INFO]: [FxxkingPanda23: Successfully filled 4 block(s)]
[18:40:33] [Server thread/INFO]: [FxxkingPanda23: Changed the block at -804, 24, 820]
[18:40:33] [Server thread/INFO]: [FxxkingPanda23: Successfully filled 2 block(s)]
[18:40:33] [Server thread/INFO]: [FxxkingPanda23: Successfully filled 4 block(s)]
[18:40:33] [Server thread/INFO]: [FxxkingPanda23: Successfully filled 2 block(s)]
[18:40:33] [Server thread/INFO]: [FxxkingPanda23: Changed the block at -804, 13, 824]
[18:40:33] [Server thread/INFO]: [FxxkingPanda23: Successfully filled 4 block(s)]
[18:40:33] [Server thread/INFO]: [FxxkingPanda23: Changed the block at -804, 18, 824]
[18:40:33] [Server thread/INFO]: [FxxkingPanda23: Changed the block at -804, 22, 824]
[18:40:33] [Server thread/INFO]: [FxxkingPanda23: Changed the block at -804, 17, 825]
[18:40:33] [Server thread/INFO]: [FxxkingPanda23: Changed the block at -804, 22, 825]
[18:40:33] [Server thread/INFO]: [FxxkingPanda23: Successfully filled 24 block(s)]
[18:40:33] [Server thread/INFO]: [FxxkingPanda23: Changed the block at -804, 12, 826]
[18:40:33] [Server thread/INFO]: [FxxkingPanda23: Successfully filled 4 block(s)]
[18:40:33] [Server thread/INFO]: [FxxkingPanda23: Successfully filled 12 block(s)]
[18:40:33] [Server thread/INFO]: [FxxkingPanda23: Changed the block at -804, 17, 826]
[18:40:33] [Server thread/INFO]: [FxxkingPanda23: Successfully filled 6 block(s)]
[18:40:33] [Server thread/INFO]: [FxxkingPanda23: Successfully filled 2 block(s)]
[18:40:33] [Server thread/INFO]: [FxxkingPanda23: Changed the block at -804, 25, 826]
[18:40:33] [Server thread/INFO]: [FxxkingPanda23: Changed the block at -804, 12, 827]
[18:40:33] [Server thread/INFO]: [FxxkingPanda23: Changed the block at -804, 13, 827]
[18:40:33] [Server thread/INFO]: [FxxkingPanda23: Successfully filled 2 block(s)]
[18:40:33] [Server thread/INFO]: [FxxkingPanda23: Changed the block at -804, 17, 827]
[18:40:33] [Server thread/INFO]: [FxxkingPanda23: Successfully filled 2 block(s)]
[18:40:33] [Server thread/INFO]: [FxxkingPanda23: Changed the block at -804, 25, 827]
[18:40:33] [Server thread/INFO]: [FxxkingPanda23: Changed the block at -804, 17, 828]
[18:40:33] [Server thread/INFO]: [FxxkingPanda23: Successfully filled 2 block(s)]
[18:40:33] [Server thread/INFO]: [FxxkingPanda23: Changed the block at -804, 25, 828]
[18:40:33] [Server thread/INFO]: [FxxkingPanda23: Changed the block at -804, 17, 829]
[18:40:33] [Server thread/INFO]: [FxxkingPanda23: Changed the block at -804, 22, 829]
[18:40:33] [Server thread/INFO]: [FxxkingPanda23: Successfully filled 4 block(s)]
[18:40:33] [Server thread/INFO]: [FxxkingPanda23: Changed the block at -804, 18, 830]
[18:40:33] [Server thread/INFO]: [FxxkingPanda23: Changed the block at -804, 22, 830]
[18:40:33] [Server thread/INFO]: [FxxkingPanda23: Successfully filled 2 block(s)]
[18:40:33] [Server thread/INFO]: [FxxkingPanda23: Changed the block at -803, 23, 816]
[18:40:33] [Server thread/INFO]: [FxxkingPanda23: Changed the block at -803, 24, 816]
[18:40:33] [Server thread/INFO]: [FxxkingPanda23: Successfully filled 3 block(s)]
[18:40:33] [Server thread/INFO]: [FxxkingPanda23: Changed the block at -803, 23, 817]
[18:40:33] [Server thread/INFO]: [FxxkingPanda23: Changed the block at -803, 24, 817]
[18:40:33] [Server thread/INFO]: [FxxkingPanda23: Successfully filled 2 block(s)]
[18:40:33] [Server thread/INFO]: [FxxkingPanda23: Successfully filled 2 block(s)]
[18:40:33] [Server thread/INFO]: [FxxkingPanda23: Successfully filled 9 block(s)]
[18:40:33] [Server thread/INFO]: [FxxkingPanda23: Changed the block at -803, 28, 818]
[18:40:33] [Server thread/INFO]: [FxxkingPanda23: Successfully filled 6 block(s)]
[18:40:33] [Server thread/INFO]: [FxxkingPanda23: Successfully filled 3 block(s)]
[18:40:33] [Server thread/INFO]: [FxxkingPanda23: Successfully filled 3 block(s)]
[18:40:33] [Server thread/INFO]: [FxxkingPanda23: Successfully filled 3 block(s)]
[18:40:33] [Server thread/INFO]: [FxxkingPanda23: Successfully filled 3 block(s)]
[18:40:33] [Server thread/INFO]: [FxxkingPanda23: Successfully filled 3 block(s)]
[18:40:33] [Server thread/INFO]: [FxxkingPanda23: Successfully filled 3 block(s)]
[18:40:33] [Server thread/INFO]: [FxxkingPanda23: Successfully filled 3 block(s)]
[18:40:33] [Server thread/INFO]: [FxxkingPanda23: Successfully filled 3 block(s)]
[18:40:33] [Server thread/INFO]: [FxxkingPanda23: Successfully filled 3 block(s)]
[18:40:33] [Server thread/INFO]: [FxxkingPanda23: Changed the block at -803, 23, 820]
[18:40:33] [Server thread/INFO]: [FxxkingPanda23: Changed the block at -803, 24, 820]
[18:40:33] [Server thread/INFO]: [FxxkingPanda23: Successfully filled 6 block(s)]
[18:40:33] [Server thread/INFO]: [FxxkingPanda23: Successfully filled 2 block(s)]
[18:40:33] [Server thread/INFO]: [FxxkingPanda23: Successfully filled 9 block(s)]
[18:40:33] [Server thread/INFO]: [FxxkingPanda23: Successfully filled 2 block(s)]
[18:40:33] [Server thread/INFO]: [FxxkingPanda23: Successfully filled 9 block(s)]
[18:40:33] [Server thread/INFO]: [FxxkingPanda23: Successfully filled 2 block(s)]
[18:40:33] [Server thread/INFO]: [FxxkingPanda23: Successfully filled 9 block(s)]
[18:40:33] [Server thread/INFO]: [FxxkingPanda23: Successfully filled 2 block(s)]
[18:40:33] [Server thread/INFO]: [FxxkingPanda23: Successfully filled 9 block(s)]
[18:40:33] [Server thread/INFO]: [FxxkingPanda23: Successfully filled 2 block(s)]
[18:40:33] [Server thread/INFO]: [FxxkingPanda23: Successfully filled 9 block(s)]
[18:40:33] [Server thread/INFO]: [FxxkingPanda23: Successfully filled 2 block(s)]
[18:40:33] [Server thread/INFO]: [FxxkingPanda23: Successfully filled 9 block(s)]
[18:40:33] [Server thread/INFO]: [FxxkingPanda23: Successfully filled 2 block(s)]
[18:40:33] [Server thread/INFO]: [FxxkingPanda23: Successfully filled 9 block(s)]
[18:40:33] [Server thread/INFO]: [FxxkingPanda23: Successfully filled 2 block(s)]
[18:40:33] [Server thread/INFO]: [FxxkingPanda23: Successfully filled 9 block(s)]
[18:40:33] [Server thread/INFO]: [FxxkingPanda23: Successfully filled 2 block(s)]
[18:40:33] [Server thread/INFO]: [FxxkingPanda23: Successfully filled 3 block(s)]
[18:40:33] [Server thread/INFO]: [FxxkingPanda23: Successfully filled 2 block(s)]
[18:40:33] [Server thread/INFO]: [FxxkingPanda23: Successfully filled 2 block(s)]
[18:40:33] [Server thread/INFO]: [FxxkingPanda23: Changed the block at -803, 13, 823]
[18:40:33] [Server thread/INFO]: [FxxkingPanda23: Changed the block at -803, 13, 824]
[18:40:33] [Server thread/INFO]: [FxxkingPanda23: Changed the block at -803, 18, 824]
[18:40:33] [Server thread/INFO]: [FxxkingPanda23: Changed the block at -803, 19, 824]
[18:40:33] [Server thread/INFO]: [FxxkingPanda23: Successfully filled 12 block(s)]
[18:40:33] [Server thread/INFO]: [FxxkingPanda23: Successfully filled 3 block(s)]
[18:40:33] [Server thread/INFO]: [FxxkingPanda23: Changed the block at -803, 18, 825]
[18:40:33] [Server thread/INFO]: [FxxkingPanda23: Changed the block at -803, 22, 825]
[18:40:33] [Server thread/INFO]: [FxxkingPanda23: Changed the block at -803, 13, 826]
[18:40:33] [Server thread/INFO]: [FxxkingPanda23: Changed the block at -803, 17, 826]
[18:40:33] [Server thread/INFO]: [FxxkingPanda23: Changed the block at -803, 22, 826]
[18:40:33] [Server thread/INFO]: [FxxkingPanda23: Successfully filled 3 block(s)]
[18:40:33] [Server thread/INFO]: [FxxkingPanda23: Changed the block at -803, 13, 827]
[18:40:33] [Server thread/INFO]: [FxxkingPanda23: Changed the block at -803, 17, 827]
[18:40:33] [Server thread/INFO]: [FxxkingPanda23: Changed the block at -803, 22, 827]
[18:40:33] [Server thread/INFO]: [FxxkingPanda23: Successfully filled 6 block(s)]
[18:40:33] [Server thread/INFO]: [FxxkingPanda23: Changed the block at -803, 13, 828]
[18:40:33] [Server thread/INFO]: [FxxkingPanda23: Changed the block at -803, 17, 828]
[18:40:33] [Server thread/INFO]: [FxxkingPanda23: Changed the block at -803, 22, 828]
[18:40:33] [Server thread/INFO]: [FxxkingPanda23: Changed the block at -803, 13, 829]
[18:40:33] [Server thread/INFO]: [FxxkingPanda23: Successfully filled 3 block(s)]
[18:40:33] [Server thread/INFO]: [FxxkingPanda23: Changed the block at -803, 18, 829]
[18:40:33] [Server thread/INFO]: [FxxkingPanda23: Changed the block at -803, 22, 829]
[18:40:33] [Server thread/INFO]: [FxxkingPanda23: Successfully filled 4 block(s)]
[18:40:33] [Server thread/INFO]: [FxxkingPanda23: Changed the block at -803, 13, 830]
[18:40:33] [Server thread/INFO]: [FxxkingPanda23: Changed the block at -803, 18, 830]
[18:40:33] [Server thread/INFO]: [FxxkingPanda23: Changed the block at -803, 19, 830]
[18:40:33] [Server thread/INFO]: [FxxkingPanda23: Changed the block at -803, 13, 831]
[18:40:33] [Server thread/INFO]: [FxxkingPanda23: Changed the block at -802, 21, 816]
[18:40:33] [Server thread/INFO]: [FxxkingPanda23: Changed the block at -802, 22, 816]
[18:40:33] [Server thread/INFO]: [FxxkingPanda23: Changed the block at -802, 23, 816]
[18:40:33] [Server thread/INFO]: [FxxkingPanda23: Successfully filled 6 block(s)]
[18:40:33] [Server thread/INFO]: [FxxkingPanda23: Changed the block at -802, 21, 817]
[18:40:33] [Server thread/INFO]: [FxxkingPanda23: Successfully filled 2 block(s)]
[18:40:33] [Server thread/INFO]: [FxxkingPanda23: Successfully filled 2 block(s)]
[18:40:33] [Server thread/INFO]: [FxxkingPanda23: Changed the block at -802, 22, 818]
[18:40:33] [Server thread/INFO]: [FxxkingPanda23: Successfully filled 2 block(s)]
[18:40:33] [Server thread/INFO]: [FxxkingPanda23: Successfully filled 6 block(s)]
[18:40:33] [Server thread/INFO]: [FxxkingPanda23: Changed the block at -802, 28, 818]
[18:40:33] [Server thread/INFO]: [FxxkingPanda23: Changed the block at -802, 22, 819]
[18:40:33] [Server thread/INFO]: [FxxkingPanda23: Successfully filled 2 block(s)]
[18:40:33] [Server thread/INFO]: [FxxkingPanda23: Changed the block at -802, 21, 820]
[18:40:33] [Server thread/INFO]: [FxxkingPanda23: Successfully filled 2 block(s)]
[18:40:33] [Server thread/INFO]: [FxxkingPanda23: Successfully filled 2 block(s)]
[18:40:33] [Server thread/INFO]: [FxxkingPanda23: Successfully filled 2 block(s)]
[18:40:33] [Server thread/INFO]: [FxxkingPanda23: Changed the block at -802, 12, 822]
[18:40:33] [Server thread/INFO]: [FxxkingPanda23: Changed the block at -802, 13, 822]
[18:40:33] [Server thread/INFO]: [FxxkingPanda23: Changed the block at -802, 18, 822]
[18:40:33] [Server thread/INFO]: [FxxkingPanda23: Changed the block at -802, 13, 823]
[18:40:33] [Server thread/INFO]: [FxxkingPanda23: Changed the block at -802, 18, 823]
[18:40:33] [Server thread/INFO]: [FxxkingPanda23: Changed the block at -802, 13, 824]
[18:40:33] [Server thread/INFO]: [FxxkingPanda23: Changed the block at -802, 18, 824]
[18:40:33] [Server thread/INFO]: [FxxkingPanda23: Successfully filled 10 block(s)]
[18:40:33] [Server thread/INFO]: [FxxkingPanda23: Successfully filled 2 block(s)]
[18:40:33] [Server thread/INFO]: [FxxkingPanda23: Successfully filled 8 block(s)]
[18:40:33] [Server thread/INFO]: [FxxkingPanda23: Successfully filled 6 block(s)]
[18:40:33] [Server thread/INFO]: [FxxkingPanda23: Successfully filled 3 block(s)]
[18:40:33] [Server thread/INFO]: [FxxkingPanda23: Successfully filled 6 block(s)]
[18:40:33] [Server thread/INFO]: [FxxkingPanda23: Successfully filled 6 block(s)]
[18:40:33] [Server thread/INFO]: [FxxkingPanda23: Successfully filled 2 block(s)]
[18:40:33] [Server thread/INFO]: [FxxkingPanda23: Changed the block at -802, 13, 830]
[18:40:33] [Server thread/INFO]: [FxxkingPanda23: Changed the block at -802, 18, 830]
[18:40:33] [Server thread/INFO]: [FxxkingPanda23: Changed the block at -802, 13, 831]
[18:40:33] [Server thread/INFO]: [FxxkingPanda23: Changed the block at -802, 18, 831]
[18:40:33] [Server thread/INFO]: [FxxkingPanda23: Successfully filled 4 block(s)]
[18:40:33] [Server thread/INFO]: [FxxkingPanda23: Changed the block at -801, 22, 816]
[18:40:33] [Server thread/INFO]: [FxxkingPanda23: Successfully filled 2 block(s)]
[18:40:33] [Server thread/INFO]: [FxxkingPanda23: Successfully filled 2 block(s)]
[18:40:33] [Server thread/INFO]: [FxxkingPanda23: Successfully filled 3 block(s)]
[18:40:33] [Server thread/INFO]: [FxxkingPanda23: Changed the block at -801, 28, 818]
[18:40:33] [Server thread/INFO]: [FxxkingPanda23: Successfully filled 3 block(s)]
[18:40:33] [Server thread/INFO]: [FxxkingPanda23: Changed the block at -801, 22, 820]
[18:40:33] [Server thread/INFO]: [FxxkingPanda23: Changed the block at -801, 29, 820]
[18:40:33] [Server thread/INFO]: [FxxkingPanda23: Changed the block at -801, 33, 820]
[18:40:33] [Server thread/INFO]: [FxxkingPanda23: Changed the block at -801, 37, 820]
[18:40:33] [Server thread/INFO]: [FxxkingPanda23: Changed the block at -801, 41, 820]
[18:40:33] [Server thread/INFO]: [FxxkingPanda23: Changed the block at -801, 45, 820]
[18:40:33] [Server thread/INFO]: [FxxkingPanda23: Changed the block at -801, 49, 820]
[18:40:33] [Server thread/INFO]: [FxxkingPanda23: Changed the block at -801, 53, 820]
[18:40:33] [Server thread/INFO]: [FxxkingPanda23: Changed the block at -801, 57, 820]
[18:40:33] [Server thread/INFO]: [FxxkingPanda23: Changed the block at -801, 61, 820]
[18:40:33] [Server thread/INFO]: [FxxkingPanda23: Changed the block at -801, 11, 821]
[18:40:33] [Server thread/INFO]: [FxxkingPanda23: Successfully filled 3 block(s)]
[18:40:33] [Server thread/INFO]: [FxxkingPanda23: Successfully filled 5 block(s)]
[18:40:33] [Server thread/INFO]: [FxxkingPanda23: Successfully filled 3 block(s)]
[18:40:33] [Server thread/INFO]: [FxxkingPanda23: Changed the block at -801, 27, 821]
[18:40:33] [Server thread/INFO]: [FxxkingPanda23: Changed the block at -801, 28, 821]
[18:40:33] [Server thread/INFO]: [FxxkingPanda23: Changed the block at -801, 29, 821]
[18:40:33] [Server thread/INFO]: [FxxkingPanda23: Changed the block at -801, 30, 821]
[18:40:33] [Server thread/INFO]: [FxxkingPanda23: Changed the block at -801, 31, 821]
[18:40:33] [Server thread/INFO]: [FxxkingPanda23: Changed the block at -801, 32, 821]
[18:40:33] [Server thread/INFO]: [FxxkingPanda23: Changed the block at -801, 33, 821]
[18:40:33] [Server thread/INFO]: [FxxkingPanda23: Changed the block at -801, 34, 821]
[18:40:33] [Server thread/INFO]: [FxxkingPanda23: Changed the block at -801, 35, 821]
[18:40:33] [Server thread/INFO]: [FxxkingPanda23: Changed the block at -801, 36, 821]
[18:40:33] [Server thread/INFO]: [FxxkingPanda23: Changed the block at -801, 37, 821]
[18:40:33] [Server thread/INFO]: [FxxkingPanda23: Changed the block at -801, 38, 821]
[18:40:33] [Server thread/INFO]: [FxxkingPanda23: Changed the block at -801, 39, 821]
[18:40:33] [Server thread/INFO]: [FxxkingPanda23: Changed the block at -801, 40, 821]
[18:40:33] [Server thread/INFO]: [FxxkingPanda23: Changed the block at -801, 41, 821]
[18:40:33] [Server thread/INFO]: [FxxkingPanda23: Changed the block at -801, 42, 821]
[18:40:33] [Server thread/INFO]: [FxxkingPanda23: Changed the block at -801, 43, 821]
[18:40:33] [Server thread/INFO]: [FxxkingPanda23: Changed the block at -801, 44, 821]
[18:40:33] [Server thread/INFO]: [FxxkingPanda23: Changed the block at -801, 45, 821]
[18:40:33] [Server thread/INFO]: [FxxkingPanda23: Changed the block at -801, 46, 821]
[18:40:33] [Server thread/INFO]: [FxxkingPanda23: Changed the block at -801, 47, 821]
[18:40:33] [Server thread/INFO]: [FxxkingPanda23: Changed the block at -801, 48, 821]
[18:40:33] [Server thread/INFO]: [FxxkingPanda23: Changed the block at -801, 49, 821]
[18:40:33] [Server thread/INFO]: [FxxkingPanda23: Changed the block at -801, 50, 821]
[18:40:33] [Server thread/INFO]: [FxxkingPanda23: Changed the block at -801, 51, 821]
[18:40:33] [Server thread/INFO]: [FxxkingPanda23: Changed the block at -801, 52, 821]
[18:40:33] [Server thread/INFO]: [FxxkingPanda23: Changed the block at -801, 53, 821]
[18:40:33] [Server thread/INFO]: [FxxkingPanda23: Changed the block at -801, 54, 821]
[18:40:33] [Server thread/INFO]: [FxxkingPanda23: Changed the block at -801, 55, 821]
[18:40:33] [Server thread/INFO]: [FxxkingPanda23: Changed the block at -801, 56, 821]
[18:40:33] [Server thread/INFO]: [FxxkingPanda23: Changed the block at -801, 57, 821]
[18:40:33] [Server thread/INFO]: [FxxkingPanda23: Changed the block at -801, 58, 821]
[18:40:33] [Server thread/INFO]: [FxxkingPanda23: Changed the block at -801, 59, 821]
[18:40:33] [Server thread/INFO]: [FxxkingPanda23: Changed the block at -801, 60, 821]
[18:40:33] [Server thread/INFO]: [FxxkingPanda23: Changed the block at -801, 61, 821]
[18:40:33] [Server thread/INFO]: [FxxkingPanda23: Changed the block at -801, 62, 821]
[18:40:33] [Server thread/INFO]: [FxxkingPanda23: Changed the block at -801, 12, 822]
[18:40:33] [Server thread/INFO]: [FxxkingPanda23: Changed the block at -801, 18, 822]
[18:40:33] [Server thread/INFO]: [FxxkingPanda23: Changed the block at -801, 11, 823]
[18:40:33] [Server thread/INFO]: [FxxkingPanda23: Changed the block at -801, 12, 823]
[18:40:33] [Server thread/INFO]: [FxxkingPanda23: Changed the block at -801, 13, 823]
[18:40:33] [Server thread/INFO]: [FxxkingPanda23: Changed the block at -801, 18, 823]
[18:40:33] [Server thread/INFO]: [FxxkingPanda23: Successfully filled 4 block(s)]
[18:40:33] [Server thread/INFO]: [FxxkingPanda23: Changed the block at -801, 18, 824]
[18:40:33] [Server thread/INFO]: [FxxkingPanda23: Changed the block at -801, 18, 826]
[18:40:33] [Server thread/INFO]: [FxxkingPanda23: Changed the block at -801, 18, 827]
[18:40:33] [Server thread/INFO]: [FxxkingPanda23: Changed the block at -801, 18, 828]
[18:40:33] [Server thread/INFO]: [FxxkingPanda23: Successfully filled 4 block(s)]
[18:40:33] [Server thread/INFO]: [FxxkingPanda23: Changed the block at -801, 18, 830]
[18:40:33] [Server thread/INFO]: [FxxkingPanda23: Changed the block at -801, 11, 831]
[18:40:33] [Server thread/INFO]: [FxxkingPanda23: Changed the block at -801, 12, 831]
[18:40:33] [Server thread/INFO]: [FxxkingPanda23: Changed the block at -801, 13, 831]
[18:40:33] [Server thread/INFO]: [FxxkingPanda23: Changed the block at -801, 18, 831]
[18:40:33] [Server thread/INFO]: [FxxkingPanda23: Summoned new Minecart with Hopper]
[18:40:33] [Server thread/INFO]: [FxxkingPanda23: Summoned new Tropical Fish]
[18:40:33] [Server thread/INFO]: [FxxkingPanda23: Summoned new Minecart with Hopper]
[18:40:33] [Server thread/INFO]: [FxxkingPanda23: Summoned new Minecart with Hopper]
[18:40:33] [Server thread/INFO]: [FxxkingPanda23: Summoned new Minecart with Hopper]
[18:40:33] [Server thread/INFO]: [FxxkingPanda23: Summoned new Tropical Fish]
[18:40:33] [Server thread/INFO]: [FxxkingPanda23: Successfully filled 112 block(s)]
[18:40:33] [Server thread/INFO]: [FxxkingPanda23: Successfully filled 16 block(s)]
[18:40:33] [Server thread/INFO]: [FxxkingPanda23: Successfully filled 16 block(s)]
[18:40:33] [Server thread/INFO]: [FxxkingPanda23: Successfully filled 16 block(s)]
[18:40:33] [Server thread/INFO]: [FxxkingPanda23: Successfully filled 16 block(s)]
[18:40:33] [Server thread/INFO]: [FxxkingPanda23: Successfully filled 16 block(s)]
[18:40:33] [Server thread/INFO]: [FxxkingPanda23: Successfully filled 16 block(s)]
[18:40:33] [Server thread/INFO]: [FxxkingPanda23: Successfully filled 48 block(s)]
[18:40:33] [Server thread/INFO]: [FxxkingPanda23: Successfully filled 16 block(s)]
[18:40:33] [Server thread/INFO]: [FxxkingPanda23: Successfully filled 16 block(s)]
[18:40:33] [Server thread/INFO]: [FxxkingPanda23: Successfully filled 30 block(s)]
[18:40:33] [Server thread/INFO]: [FxxkingPanda23: Successfully filled 2 block(s)]
[18:40:33] [Server thread/INFO]: [FxxkingPanda23: Successfully filled 16 block(s)]
[18:40:33] [Server thread/INFO]: [FxxkingPanda23: Successfully filled 16 block(s)]
[18:40:33] [Server thread/INFO]: [FxxkingPanda23: Successfully filled 16 block(s)]
[18:40:33] [Server thread/INFO]: [FxxkingPanda23: Successfully filled 15 block(s)]
[18:40:33] [Server thread/INFO]: [FxxkingPanda23: Changed the block at -795, 21, 815]
[18:40:33] [Server thread/INFO]: [FxxkingPanda23: Successfully filled 80 block(s)]
[18:40:33] [Server thread/INFO]: [FxxkingPanda23: Successfully filled 15 block(s)]
[18:40:33] [Server thread/INFO]: [FxxkingPanda23: Successfully filled 15 block(s)]
[18:40:33] [Server thread/INFO]: [FxxkingPanda23: Successfully filled 15 block(s)]
[18:40:33] [Server thread/INFO]: [FxxkingPanda23: Changed the block at -832, 22, 832]
[18:40:33] [Server thread/INFO]: [FxxkingPanda23: Successfully filled 15 block(s)]
[18:40:33] [Server thread/INFO]: [FxxkingPanda23: Successfully filled 15 block(s)]
[18:40:33] [Server thread/INFO]: [FxxkingPanda23: Successfully filled 15 block(s)]
[18:40:33] [Server thread/INFO]: [FxxkingPanda23: Successfully filled 15 block(s)]
[18:40:33] [Server thread/INFO]: [FxxkingPanda23: Successfully filled 15 block(s)]
[18:40:33] [Server thread/INFO]: [FxxkingPanda23: Successfully filled 15 block(s)]
[18:40:33] [Server thread/INFO]: [FxxkingPanda23: Successfully filled 45 block(s)]
[18:40:33] [Server thread/INFO]: [FxxkingPanda23: Successfully filled 15 block(s)]
[18:40:33] [Server thread/INFO]: [FxxkingPanda23: Successfully filled 15 block(s)]
[18:40:34] [Server thread/INFO]: [FxxkingPanda23: Successfully filled 28 block(s)]
[18:40:34] [Server thread/INFO]: [FxxkingPanda23: Successfully filled 15 block(s)]
[18:40:34] [Server thread/INFO]: [FxxkingPanda23: Successfully filled 15 block(s)]
[18:40:34] [Server thread/INFO]: [FxxkingPanda23: Successfully filled 15 block(s)]
[18:40:34] [Server thread/INFO]: [FxxkingPanda23: Successfully filled 14 block(s)]
[18:40:34] [Server thread/INFO]: [FxxkingPanda23: Successfully filled 2 block(s)]
[18:40:34] [Server thread/INFO]: [FxxkingPanda23: Successfully filled 2 block(s)]
[18:40:34] [Server thread/INFO]: [FxxkingPanda23: Successfully filled 2 block(s)]
[18:40:34] [Server thread/INFO]: [FxxkingPanda23: Successfully filled 2 block(s)]
[18:40:34] [Server thread/INFO]: [FxxkingPanda23: Successfully filled 2 block(s)]
[18:40:34] [Server thread/INFO]: [FxxkingPanda23: Successfully filled 2 block(s)]
[18:40:34] [Server thread/INFO]: [FxxkingPanda23: Changed the block at -818, 21, 838]
[18:40:34] [Server thread/INFO]: [FxxkingPanda23: Changed the block at -817, 21, 832]
[18:40:34] [Server thread/INFO]: [FxxkingPanda23: Successfully filled 2 block(s)]
[18:40:34] [Server thread/INFO]: [FxxkingPanda23: Changed the block at -817, 23, 834]
[18:40:34] [Server thread/INFO]: [FxxkingPanda23: Changed the block at -817, 23, 835]
[18:40:34] [Server thread/INFO]: [FxxkingPanda23: Successfully filled 9 block(s)]
[18:40:34] [Server thread/INFO]: [FxxkingPanda23: Changed the block at -817, 21, 839]
[18:40:34] [Server thread/INFO]: [FxxkingPanda23: Successfully filled 8 block(s)]
[18:40:34] [Server thread/INFO]: [FxxkingPanda23: Successfully filled 8 block(s)]
[18:40:34] [Server thread/INFO]: [FxxkingPanda23: Successfully filled 14 block(s)]
[18:40:34] [Server thread/INFO]: [FxxkingPanda23: Successfully filled 14 block(s)]
[18:40:34] [Server thread/INFO]: [FxxkingPanda23: Successfully filled 13 block(s)]
[18:40:34] [Server thread/INFO]: [FxxkingPanda23: Changed the block at -817, 21, 861]
[18:40:34] [Server thread/INFO]: [FxxkingPanda23: Successfully filled 16 block(s)]
[18:40:34] [Server thread/INFO]: [FxxkingPanda23: Successfully filled 16 block(s)]
[18:40:34] [Server thread/INFO]: [FxxkingPanda23: Successfully filled 48 block(s)]
[18:40:34] [Server thread/INFO]: [FxxkingPanda23: Successfully filled 30 block(s)]
[18:40:34] [Server thread/INFO]: [FxxkingPanda23: Successfully filled 2 block(s)]
[18:40:34] [Server thread/INFO]: [FxxkingPanda23: Successfully filled 128 block(s)]
[18:40:34] [Server thread/INFO]: [FxxkingPanda23: Successfully filled 16 block(s)]
[18:40:34] [Server thread/INFO]: [FxxkingPanda23: Successfully filled 16 block(s)]
[18:40:34] [Server thread/INFO]: [FxxkingPanda23: Successfully filled 16 block(s)]
[18:40:34] [Server thread/INFO]: [FxxkingPanda23: Successfully filled 16 block(s)]
[18:40:34] [Server thread/INFO]: [FxxkingPanda23: Successfully filled 16 block(s)]
[18:40:34] [Server thread/INFO]: [FxxkingPanda23: Successfully filled 16 block(s)]
[18:40:34] [Server thread/INFO]: [FxxkingPanda23: Successfully filled 16 block(s)]
[18:40:34] [Server thread/INFO]: [FxxkingPanda23: Successfully filled 16 block(s)]
[18:40:34] [Server thread/INFO]: [FxxkingPanda23: Successfully filled 16 block(s)]
[18:40:34] [Server thread/INFO]: [FxxkingPanda23: Successfully filled 16 block(s)]
[18:40:34] [Server thread/INFO]: [FxxkingPanda23: Successfully filled 16 block(s)]
[18:40:34] [Server thread/INFO]: [FxxkingPanda23: Successfully filled 2 block(s)]
[18:40:34] [Server thread/INFO]: [FxxkingPanda23: Successfully filled 2 block(s)]
[18:40:34] [Server thread/INFO]: [FxxkingPanda23: Successfully filled 2 block(s)]
[18:40:34] [Server thread/INFO]: [FxxkingPanda23: Successfully filled 2 block(s)]
[18:40:34] [Server thread/INFO]: [FxxkingPanda23: Successfully filled 2 block(s)]
[18:40:34] [Server thread/INFO]: [FxxkingPanda23: Changed the block at -811, 22, 815]
[18:40:34] [Server thread/INFO]: [FxxkingPanda23: Successfully filled 16 block(s)]
[18:40:34] [Server thread/INFO]: [FxxkingPanda23: Successfully filled 16 block(s)]
[18:40:34] [Server thread/INFO]: [FxxkingPanda23: Successfully filled 2 block(s)]
[18:40:34] [Server thread/INFO]: [FxxkingPanda23: Changed the block at -810, 22, 800]
[18:40:34] [Server thread/INFO]: [FxxkingPanda23: Successfully filled 2 block(s)]
[18:40:34] [Server thread/INFO]: [FxxkingPanda23: Changed the block at -810, 22, 801]
[18:40:34] [Server thread/INFO]: [FxxkingPanda23: Changed the block at -810, 21, 802]
[18:40:34] [Server thread/INFO]: [FxxkingPanda23: Successfully filled 2 block(s)]
[18:40:34] [Server thread/INFO]: [FxxkingPanda23: Successfully filled 2 block(s)]
[18:40:34] [Server thread/INFO]: [FxxkingPanda23: Changed the block at -810, 22, 803]
[18:40:34] [Server thread/INFO]: [FxxkingPanda23: Successfully filled 2 block(s)]
[18:40:34] [Server thread/INFO]: [FxxkingPanda23: Changed the block at -810, 22, 804]
[18:40:34] [Server thread/INFO]: [FxxkingPanda23: Changed the block at -810, 21, 805]
[18:40:34] [Server thread/INFO]: [FxxkingPanda23: Successfully filled 2 block(s)]
[18:40:34] [Server thread/INFO]: [FxxkingPanda23: Successfully filled 2 block(s)]
[18:40:34] [Server thread/INFO]: [FxxkingPanda23: Changed the block at -810, 22, 806]
[18:40:34] [Server thread/INFO]: [FxxkingPanda23: Successfully filled 2 block(s)]
[18:40:34] [Server thread/INFO]: [FxxkingPanda23: Changed the block at -810, 22, 807]
[18:40:34] [Server thread/INFO]: [FxxkingPanda23: Changed the block at -810, 21, 808]
[18:40:34] [Server thread/INFO]: [FxxkingPanda23: Successfully filled 2 block(s)]
[18:40:34] [Server thread/INFO]: [FxxkingPanda23: Successfully filled 2 block(s)]
[18:40:34] [Server thread/INFO]: [FxxkingPanda23: Changed the block at -810, 22, 809]
[18:40:34] [Server thread/INFO]: [FxxkingPanda23: Successfully filled 2 block(s)]
[18:40:34] [Server thread/INFO]: [FxxkingPanda23: Changed the block at -810, 22, 810]
[18:40:34] [Server thread/INFO]: [FxxkingPanda23: Changed the block at -810, 21, 811]
[18:40:34] [Server thread/INFO]: [FxxkingPanda23: Successfully filled 2 block(s)]
[18:40:34] [Server thread/INFO]: [FxxkingPanda23: Successfully filled 2 block(s)]
[18:40:34] [Server thread/INFO]: [FxxkingPanda23: Changed the block at -810, 22, 812]
[18:40:34] [Server thread/INFO]: [FxxkingPanda23: Successfully filled 2 block(s)]
[18:40:34] [Server thread/INFO]: [FxxkingPanda23: Changed the block at -810, 22, 813]
[18:40:34] [Server thread/INFO]: [FxxkingPanda23: Changed the block at -810, 21, 814]
[18:40:34] [Server thread/INFO]: [FxxkingPanda23: Successfully filled 2 block(s)]
[18:40:34] [Server thread/INFO]: [FxxkingPanda23: Changed the block at -810, 21, 815]
[18:40:34] [Server thread/INFO]: [FxxkingPanda23: Changed the block at -810, 22, 815]
[18:40:34] [Server thread/INFO]: [FxxkingPanda23: Changed the block at -810, 23, 815]
[18:40:34] [Server thread/INFO]: [FxxkingPanda23: Successfully filled 16 block(s)]
[18:40:34] [Server thread/INFO]: [FxxkingPanda23: Successfully filled 2 block(s)]
[18:40:34] [Server thread/INFO]: [FxxkingPanda23: Successfully filled 2 block(s)]
[18:40:34] [Server thread/INFO]: [FxxkingPanda23: Changed the block at -809, 23, 802]
[18:40:34] [Server thread/INFO]: [FxxkingPanda23: Changed the block at -809, 24, 802]
[18:40:34] [Server thread/INFO]: [FxxkingPanda23: Successfully filled 2 block(s)]
[18:40:34] [Server thread/INFO]: [FxxkingPanda23: Successfully filled 2 block(s)]
[18:40:34] [Server thread/INFO]: [FxxkingPanda23: Changed the block at -809, 23, 805]
[18:40:34] [Server thread/INFO]: [FxxkingPanda23: Changed the block at -809, 24, 805]
[18:40:34] [Server thread/INFO]: [FxxkingPanda23: Successfully filled 2 block(s)]
[18:40:34] [Server thread/INFO]: [FxxkingPanda23: Successfully filled 2 block(s)]
[18:40:34] [Server thread/INFO]: [FxxkingPanda23: Changed the block at -809, 23, 808]
[18:40:34] [Server thread/INFO]: [FxxkingPanda23: Changed the block at -809, 24, 808]
[18:40:34] [Server thread/INFO]: [FxxkingPanda23: Successfully filled 2 block(s)]
[18:40:34] [Server thread/INFO]: [FxxkingPanda23: Successfully filled 2 block(s)]
[18:40:34] [Server thread/INFO]: [FxxkingPanda23: Changed the block at -809, 23, 811]
[18:40:34] [Server thread/INFO]: [FxxkingPanda23: Changed the block at -809, 24, 811]
[18:40:34] [Server thread/INFO]: [FxxkingPanda23: Successfully filled 2 block(s)]
[18:40:34] [Server thread/INFO]: [FxxkingPanda23: Successfully filled 2 block(s)]
[18:40:34] [Server thread/INFO]: [FxxkingPanda23: Changed the block at -809, 23, 814]
[18:40:34] [Server thread/INFO]: [FxxkingPanda23: Changed the block at -809, 24, 814]
[18:40:34] [Server thread/INFO]: [FxxkingPanda23: Changed the block at -809, 23, 815]
[18:40:34] [Server thread/INFO]: [FxxkingPanda23: Changed the block at -809, 24, 815]
[18:40:34] [Server thread/INFO]: [FxxkingPanda23: Successfully filled 2 block(s)]
[18:40:34] [Server thread/INFO]: [FxxkingPanda23: Successfully filled 16 block(s)]
[18:40:34] [Server thread/INFO]: [FxxkingPanda23: Changed the block at -808, 24, 802]
[18:40:34] [Server thread/INFO]: [FxxkingPanda23: Successfully filled 2 block(s)]
[18:40:34] [Server thread/INFO]: [FxxkingPanda23: Changed the block at -808, 24, 805]
[18:40:34] [Server thread/INFO]: [FxxkingPanda23: Successfully filled 2 block(s)]
[18:40:34] [Server thread/INFO]: [FxxkingPanda23: Changed the block at -808, 24, 808]
[18:40:34] [Server thread/INFO]: [FxxkingPanda23: Successfully filled 2 block(s)]
[18:40:34] [Server thread/INFO]: [FxxkingPanda23: Changed the block at -808, 24, 811]
[18:40:34] [Server thread/INFO]: [FxxkingPanda23: Successfully filled 2 block(s)]
[18:40:34] [Server thread/INFO]: [FxxkingPanda23: Changed the block at -808, 24, 814]
[18:40:34] [Server thread/INFO]: [FxxkingPanda23: Changed the block at -808, 24, 815]
[18:40:34] [Server thread/INFO]: [FxxkingPanda23: Successfully filled 16 block(s)]
[18:40:34] [Server thread/INFO]: [FxxkingPanda23: Changed the block at -807, 26, 800]
[18:40:34] [Server thread/INFO]: [FxxkingPanda23: Changed the block at -807, 26, 801]
[18:40:34] [Server thread/INFO]: [FxxkingPanda23: Changed the block at -807, 25, 802]
[18:40:34] [Server thread/INFO]: [FxxkingPanda23: Changed the block at -807, 26, 802]
[18:40:34] [Server thread/INFO]: [FxxkingPanda23: Changed the block at -807, 26, 803]
[18:40:34] [Server thread/INFO]: [FxxkingPanda23: Changed the block at -807, 26, 804]
[18:40:34] [Server thread/INFO]: [FxxkingPanda23: Changed the block at -807, 25, 805]
[18:40:34] [Server thread/INFO]: [FxxkingPanda23: Changed the block at -807, 26, 805]
[18:40:34] [Server thread/INFO]: [FxxkingPanda23: Changed the block at -807, 26, 806]
[18:40:34] [Server thread/INFO]: [FxxkingPanda23: Changed the block at -807, 26, 807]
[18:40:34] [Server thread/INFO]: [FxxkingPanda23: Changed the block at -807, 25, 808]
[18:40:34] [Server thread/INFO]: [FxxkingPanda23: Changed the block at -807, 26, 808]
[18:40:34] [Server thread/INFO]: [FxxkingPanda23: Changed the block at -807, 26, 809]
[18:40:34] [Server thread/INFO]: [FxxkingPanda23: Changed the block at -807, 26, 810]
[18:40:34] [Server thread/INFO]: [FxxkingPanda23: Changed the block at -807, 25, 811]
[18:40:34] [Server thread/INFO]: [FxxkingPanda23: Changed the block at -807, 26, 811]
[18:40:34] [Server thread/INFO]: [FxxkingPanda23: Changed the block at -807, 26, 812]
[18:40:34] [Server thread/INFO]: [FxxkingPanda23: Changed the block at -807, 26, 813]
[18:40:34] [Server thread/INFO]: [FxxkingPanda23: Changed the block at -807, 25, 814]
[18:40:34] [Server thread/INFO]: [FxxkingPanda23: Changed the block at -807, 26, 814]
[18:40:34] [Server thread/INFO]: [FxxkingPanda23: Changed the block at -807, 26, 815]
[18:40:34] [Server thread/INFO]: [FxxkingPanda23: Successfully filled 16 block(s)]
[18:40:34] [Server thread/INFO]: [FxxkingPanda23: Changed the block at -806, 26, 800]
[18:40:34] [Server thread/INFO]: [FxxkingPanda23: Changed the block at -806, 26, 801]
[18:40:34] [Server thread/INFO]: [FxxkingPanda23: Changed the block at -806, 23, 802]
[18:40:34] [Server thread/INFO]: [FxxkingPanda23: Changed the block at -806, 24, 802]
[18:40:34] [Server thread/INFO]: [FxxkingPanda23: Changed the block at -806, 25, 802]
[18:40:34] [Server thread/INFO]: [FxxkingPanda23: Changed the block at -806, 26, 802]
[18:40:34] [Server thread/INFO]: [FxxkingPanda23: Changed the block at -806, 26, 803]
[18:40:34] [Server thread/INFO]: [FxxkingPanda23: Changed the block at -806, 26, 804]
[18:40:34] [Server thread/INFO]: [FxxkingPanda23: Changed the block at -806, 23, 805]
[18:40:34] [Server thread/INFO]: [FxxkingPanda23: Changed the block at -806, 24, 805]
[18:40:34] [Server thread/INFO]: [FxxkingPanda23: Changed the block at -806, 25, 805]
[18:40:34] [Server thread/INFO]: [FxxkingPanda23: Changed the block at -806, 26, 805]
[18:40:34] [Server thread/INFO]: [FxxkingPanda23: Changed the block at -806, 26, 806]
[18:40:34] [Server thread/INFO]: [FxxkingPanda23: Changed the block at -806, 26, 807]
[18:40:34] [Server thread/INFO]: [FxxkingPanda23: Changed the block at -806, 23, 808]
[18:40:34] [Server thread/INFO]: [FxxkingPanda23: Changed the block at -806, 24, 808]
[18:40:34] [Server thread/INFO]: [FxxkingPanda23: Changed the block at -806, 25, 808]
[18:40:34] [Server thread/INFO]: [FxxkingPanda23: Changed the block at -806, 26, 808]
[18:40:34] [Server thread/INFO]: [FxxkingPanda23: Changed the block at -806, 26, 809]
[18:40:34] [Server thread/INFO]: [FxxkingPanda23: Changed the block at -806, 26, 810]
[18:40:34] [Server thread/INFO]: [FxxkingPanda23: Changed the block at -806, 23, 811]
[18:40:34] [Server thread/INFO]: [FxxkingPanda23: Changed the block at -806, 24, 811]
[18:40:34] [Server thread/INFO]: [FxxkingPanda23: Changed the block at -806, 25, 811]
[18:40:34] [Server thread/INFO]: [FxxkingPanda23: Changed the block at -806, 26, 811]
[18:40:34] [Server thread/INFO]: [FxxkingPanda23: Changed the block at -806, 26, 812]
[18:40:34] [Server thread/INFO]: [FxxkingPanda23: Changed the block at -806, 26, 813]
[18:40:34] [Server thread/INFO]: [FxxkingPanda23: Changed the block at -806, 23, 814]
[18:40:34] [Server thread/INFO]: [FxxkingPanda23: Changed the block at -806, 24, 814]
[18:40:34] [Server thread/INFO]: [FxxkingPanda23: Changed the block at -806, 25, 814]
[18:40:34] [Server thread/INFO]: [FxxkingPanda23: Changed the block at -806, 26, 814]
[18:40:34] [Server thread/INFO]: [FxxkingPanda23: Changed the block at -806, 26, 815]
[18:40:34] [Server thread/INFO]: [FxxkingPanda23: Successfully filled 16 block(s)]
[18:40:34] [Server thread/INFO]: [FxxkingPanda23: Changed the block at -805, 26, 800]
[18:40:34] [Server thread/INFO]: [FxxkingPanda23: Changed the block at -805, 26, 801]
[18:40:34] [Server thread/INFO]: [FxxkingPanda23: Changed the block at -805, 25, 802]
[18:40:34] [Server thread/INFO]: [FxxkingPanda23: Changed the block at -805, 26, 802]
[18:40:34] [Server thread/INFO]: [FxxkingPanda23: Changed the block at -805, 26, 803]
[18:40:34] [Server thread/INFO]: [FxxkingPanda23: Changed the block at -805, 26, 804]
[18:40:34] [Server thread/INFO]: [FxxkingPanda23: Changed the block at -805, 25, 805]
[18:40:34] [Server thread/INFO]: [FxxkingPanda23: Changed the block at -805, 26, 805]
[18:40:34] [Server thread/INFO]: [FxxkingPanda23: Changed the block at -805, 26, 806]
[18:40:34] [Server thread/INFO]: [FxxkingPanda23: Changed the block at -805, 26, 807]
[18:40:34] [Server thread/INFO]: [FxxkingPanda23: Changed the block at -805, 25, 808]
[18:40:34] [Server thread/INFO]: [FxxkingPanda23: Changed the block at -805, 26, 808]
[18:40:34] [Server thread/INFO]: [FxxkingPanda23: Changed the block at -805, 26, 809]
[18:40:34] [Server thread/INFO]: [FxxkingPanda23: Changed the block at -805, 26, 810]
[18:40:34] [Server thread/INFO]: [FxxkingPanda23: Changed the block at -805, 25, 811]
[18:40:34] [Server thread/INFO]: [FxxkingPanda23: Changed the block at -805, 26, 811]
[18:40:34] [Server thread/INFO]: [FxxkingPanda23: Changed the block at -805, 26, 812]
[18:40:34] [Server thread/INFO]: [FxxkingPanda23: Changed the block at -805, 26, 813]
[18:40:34] [Server thread/INFO]: [FxxkingPanda23: Changed the block at -805, 25, 814]
[18:40:34] [Server thread/INFO]: [FxxkingPanda23: Changed the block at -805, 26, 814]
[18:40:34] [Server thread/INFO]: [FxxkingPanda23: Changed the block at -805, 26, 815]
[18:40:34] [Server thread/INFO]: [FxxkingPanda23: Successfully filled 64 block(s)]
[18:40:34] [Server thread/INFO]: [FxxkingPanda23: Successfully filled 2 block(s)]
[18:40:34] [Server thread/INFO]: [FxxkingPanda23: Successfully filled 16 block(s)]
[18:40:34] [Server thread/INFO]: [FxxkingPanda23: Changed the block at -804, 24, 802]
[18:40:34] [Server thread/INFO]: [FxxkingPanda23: Successfully filled 2 block(s)]
[18:40:34] [Server thread/INFO]: [FxxkingPanda23: Changed the block at -804, 24, 805]
[18:40:34] [Server thread/INFO]: [FxxkingPanda23: Successfully filled 2 block(s)]
[18:40:34] [Server thread/INFO]: [FxxkingPanda23: Changed the block at -804, 24, 808]
[18:40:34] [Server thread/INFO]: [FxxkingPanda23: Successfully filled 2 block(s)]
[18:40:34] [Server thread/INFO]: [FxxkingPanda23: Changed the block at -804, 24, 811]
[18:40:34] [Server thread/INFO]: [FxxkingPanda23: Successfully filled 2 block(s)]
[18:40:34] [Server thread/INFO]: [FxxkingPanda23: Changed the block at -804, 24, 814]
[18:40:34] [Server thread/INFO]: [FxxkingPanda23: Changed the block at -804, 24, 815]
[18:40:34] [Server thread/INFO]: [FxxkingPanda23: Successfully filled 16 block(s)]
[18:40:34] [Server thread/INFO]: [FxxkingPanda23: Successfully filled 2 block(s)]
[18:40:34] [Server thread/INFO]: [FxxkingPanda23: Successfully filled 2 block(s)]
[18:40:34] [Server thread/INFO]: [FxxkingPanda23: Changed the block at -803, 23, 802]
[18:40:34] [Server thread/INFO]: [FxxkingPanda23: Changed the block at -803, 24, 802]
[18:40:34] [Server thread/INFO]: [FxxkingPanda23: Successfully filled 2 block(s)]
[18:40:34] [Server thread/INFO]: [FxxkingPanda23: Successfully filled 2 block(s)]
[18:40:34] [Server thread/INFO]: [FxxkingPanda23: Changed the block at -803, 23, 805]
[18:40:34] [Server thread/INFO]: [FxxkingPanda23: Changed the block at -803, 24, 805]
[18:40:34] [Server thread/INFO]: [FxxkingPanda23: Successfully filled 2 block(s)]
[18:40:34] [Server thread/INFO]: [FxxkingPanda23: Successfully filled 2 block(s)]
[18:40:34] [Server thread/INFO]: [FxxkingPanda23: Changed the block at -803, 23, 808]
[18:40:34] [Server thread/INFO]: [FxxkingPanda23: Changed the block at -803, 24, 808]
[18:40:34] [Server thread/INFO]: [FxxkingPanda23: Successfully filled 2 block(s)]
[18:40:34] [Server thread/INFO]: [FxxkingPanda23: Successfully filled 2 block(s)]
[18:40:34] [Server thread/INFO]: [FxxkingPanda23: Changed the block at -803, 23, 811]
[18:40:34] [Server thread/INFO]: [FxxkingPanda23: Changed the block at -803, 24, 811]
[18:40:34] [Server thread/INFO]: [FxxkingPanda23: Successfully filled 2 block(s)]
[18:40:34] [Server thread/INFO]: [FxxkingPanda23: Successfully filled 2 block(s)]
[18:40:34] [Server thread/INFO]: [FxxkingPanda23: Changed the block at -803, 23, 814]
[18:40:34] [Server thread/INFO]: [FxxkingPanda23: Changed the block at -803, 24, 814]
[18:40:34] [Server thread/INFO]: [FxxkingPanda23: Changed the block at -803, 23, 815]
[18:40:34] [Server thread/INFO]: [FxxkingPanda23: Changed the block at -803, 24, 815]
[18:40:34] [Server thread/INFO]: [FxxkingPanda23: Successfully filled 16 block(s)]
[18:40:34] [Server thread/INFO]: [FxxkingPanda23: Successfully filled 16 block(s)]
[18:40:34] [Server thread/INFO]: [FxxkingPanda23: Successfully filled 2 block(s)]
[18:40:34] [Server thread/INFO]: [FxxkingPanda23: Changed the block at -802, 22, 800]
[18:40:34] [Server thread/INFO]: [FxxkingPanda23: Successfully filled 2 block(s)]
[18:40:34] [Server thread/INFO]: [FxxkingPanda23: Changed the block at -802, 22, 801]
[18:40:34] [Server thread/INFO]: [FxxkingPanda23: Changed the block at -802, 21, 802]
[18:40:34] [Server thread/INFO]: [FxxkingPanda23: Successfully filled 2 block(s)]
[18:40:34] [Server thread/INFO]: [FxxkingPanda23: Successfully filled 2 block(s)]
[18:40:34] [Server thread/INFO]: [FxxkingPanda23: Changed the block at -802, 22, 803]
[18:40:34] [Server thread/INFO]: [FxxkingPanda23: Successfully filled 2 block(s)]
[18:40:34] [Server thread/INFO]: [FxxkingPanda23: Changed the block at -802, 22, 804]
[18:40:34] [Server thread/INFO]: [FxxkingPanda23: Changed the block at -802, 21, 805]
[18:40:34] [Server thread/INFO]: [FxxkingPanda23: Successfully filled 2 block(s)]
[18:40:34] [Server thread/INFO]: [FxxkingPanda23: Successfully filled 2 block(s)]
[18:40:34] [Server thread/INFO]: [FxxkingPanda23: Changed the block at -802, 22, 806]
[18:40:34] [Server thread/INFO]: [FxxkingPanda23: Successfully filled 2 block(s)]
[18:40:34] [Server thread/INFO]: [FxxkingPanda23: Changed the block at -802, 22, 807]
[18:40:34] [Server thread/INFO]: [FxxkingPanda23: Changed the block at -802, 21, 808]
[18:40:34] [Server thread/INFO]: [FxxkingPanda23: Successfully filled 2 block(s)]
[18:40:34] [Server thread/INFO]: [FxxkingPanda23: Successfully filled 2 block(s)]
[18:40:34] [Server thread/INFO]: [FxxkingPanda23: Changed the block at -802, 22, 809]
[18:40:34] [Server thread/INFO]: [FxxkingPanda23: Successfully filled 2 block(s)]
[18:40:34] [Server thread/INFO]: [FxxkingPanda23: Changed the block at -802, 22, 810]
[18:40:34] [Server thread/INFO]: [FxxkingPanda23: Changed the block at -802, 21, 811]
[18:40:34] [Server thread/INFO]: [FxxkingPanda23: Successfully filled 2 block(s)]
[18:40:34] [Server thread/INFO]: [FxxkingPanda23: Successfully filled 2 block(s)]
[18:40:34] [Server thread/INFO]: [FxxkingPanda23: Changed the block at -802, 22, 812]
[18:40:34] [Server thread/INFO]: [FxxkingPanda23: Successfully filled 2 block(s)]
[18:40:34] [Server thread/INFO]: [FxxkingPanda23: Changed the block at -802, 22, 813]
[18:40:34] [Server thread/INFO]: [FxxkingPanda23: Changed the block at -802, 21, 814]
[18:40:34] [Server thread/INFO]: [FxxkingPanda23: Successfully filled 2 block(s)]
[18:40:34] [Server thread/INFO]: [FxxkingPanda23: Changed the block at -802, 21, 815]
[18:40:34] [Server thread/INFO]: [FxxkingPanda23: Changed the block at -802, 22, 815]
[18:40:34] [Server thread/INFO]: [FxxkingPanda23: Changed the block at -802, 23, 815]
[18:40:34] [Server thread/INFO]: [FxxkingPanda23: Successfully filled 16 block(s)]
[18:40:34] [Server thread/INFO]: [FxxkingPanda23: Successfully filled 16 block(s)]
[18:40:34] [Server thread/INFO]: [FxxkingPanda23: Successfully filled 16 block(s)]
[18:40:34] [Server thread/INFO]: [FxxkingPanda23: Successfully filled 2 block(s)]
[18:40:34] [Server thread/INFO]: [FxxkingPanda23: Successfully filled 2 block(s)]
[18:40:34] [Server thread/INFO]: [FxxkingPanda23: Successfully filled 2 block(s)]
[18:40:34] [Server thread/INFO]: [FxxkingPanda23: Successfully filled 2 block(s)]
[18:40:34] [Server thread/INFO]: [FxxkingPanda23: Successfully filled 2 block(s)]
[18:40:34] [Server thread/INFO]: [FxxkingPanda23: Changed the block at -801, 22, 815]
[18:40:34] [Server thread/ERROR]: Block-attached entity at invalid position: null
[18:40:34] [Server thread/INFO]: [FxxkingPanda23: Summoned new Item Frame]
[18:40:34] [Server thread/ERROR]: Block-attached entity at invalid position: null
[18:40:34] [Server thread/INFO]: [FxxkingPanda23: Summoned new Item Frame]
[18:40:34] [Server thread/ERROR]: Block-attached entity at invalid position: null
[18:40:34] [Server thread/INFO]: [FxxkingPanda23: Summoned new Item Frame]
[18:40:34] [Server thread/ERROR]: Block-attached entity at invalid position: null
[18:40:34] [Server thread/INFO]: [FxxkingPanda23: Summoned new Item Frame]
[18:40:34] [Server thread/ERROR]: Block-attached entity at invalid position: null
[18:40:34] [Server thread/INFO]: [FxxkingPanda23: Summoned new Item Frame]
[18:40:34] [Server thread/ERROR]: Block-attached entity at invalid position: null
[18:40:34] [Server thread/INFO]: [FxxkingPanda23: Summoned new Item Frame]
[18:40:34] [Server thread/ERROR]: Block-attached entity at invalid position: null
[18:40:34] [Server thread/INFO]: [FxxkingPanda23: Summoned new Item Frame]
[18:40:34] [Server thread/ERROR]: Block-attached entity at invalid position: null
[18:40:34] [Server thread/INFO]: [FxxkingPanda23: Summoned new Item Frame]
[18:40:34] [Server thread/ERROR]: Block-attached entity at invalid position: null
[18:40:34] [Server thread/INFO]: [FxxkingPanda23: Summoned new Item Frame]
[18:40:34] [Server thread/ERROR]: Block-attached entity at invalid position: null
[18:40:34] [Server thread/INFO]: [FxxkingPanda23: Summoned new Item Frame]
[18:40:34] [Server thread/ERROR]: Block-attached entity at invalid position: null
[18:40:34] [Server thread/INFO]: [FxxkingPanda23: Summoned new Item Frame]
[18:40:34] [Server thread/ERROR]: Block-attached entity at invalid position: null
[18:40:34] [Server thread/INFO]: [FxxkingPanda23: Summoned new Item Frame]
[18:40:34] [Server thread/ERROR]: Block-attached entity at invalid position: null
[18:40:34] [Server thread/INFO]: [FxxkingPanda23: Summoned new Item Frame]
[18:40:34] [Server thread/ERROR]: Block-attached entity at invalid position: null
[18:40:34] [Server thread/INFO]: [FxxkingPanda23: Summoned new Item Frame]
[18:40:34] [Server thread/ERROR]: Block-attached entity at invalid position: null
[18:40:34] [Server thread/INFO]: [FxxkingPanda23: Summoned new Item Frame]
[18:40:34] [Server thread/ERROR]: Block-attached entity at invalid position: null
[18:40:34] [Server thread/INFO]: [FxxkingPanda23: Summoned new Item Frame]
[18:40:34] [Server thread/ERROR]: Block-attached entity at invalid position: null
[18:40:34] [Server thread/INFO]: [FxxkingPanda23: Summoned new Item Frame]
[18:40:34] [Server thread/ERROR]: Block-attached entity at invalid position: null
[18:40:34] [Server thread/INFO]: [FxxkingPanda23: Summoned new Item Frame]
[18:40:34] [Server thread/ERROR]: Block-attached entity at invalid position: null
[18:40:34] [Server thread/INFO]: [FxxkingPanda23: Summoned new Item Frame]
[18:40:34] [Server thread/ERROR]: Block-attached entity at invalid position: null
[18:40:34] [Server thread/INFO]: [FxxkingPanda23: Summoned new Item Frame]
[18:40:34] [Server thread/ERROR]: Block-attached entity at invalid position: null
[18:40:34] [Server thread/INFO]: [FxxkingPanda23: Summoned new Item Frame]
[18:40:34] [Server thread/ERROR]: Block-attached entity at invalid position: null
[18:40:34] [Server thread/INFO]: [FxxkingPanda23: Summoned new Item Frame]
[18:40:34] [Server thread/ERROR]: Block-attached entity at invalid position: null
[18:40:34] [Server thread/INFO]: [FxxkingPanda23: Summoned new Item Frame]
[18:40:34] [Server thread/ERROR]: Block-attached entity at invalid position: null
[18:40:34] [Server thread/INFO]: [FxxkingPanda23: Summoned new Item Frame]
[18:40:34] [Server thread/ERROR]: Block-attached entity at invalid position: null
[18:40:34] [Server thread/INFO]: [FxxkingPanda23: Summoned new Item Frame]
[18:40:34] [Server thread/ERROR]: Block-attached entity at invalid position: null
[18:40:34] [Server thread/INFO]: [FxxkingPanda23: Summoned new Item Frame]
[18:40:34] [Server thread/ERROR]: Block-attached entity at invalid position: null
[18:40:34] [Server thread/INFO]: [FxxkingPanda23: Summoned new Item Frame]
[18:40:34] [Server thread/ERROR]: Block-attached entity at invalid position: null
[18:40:34] [Server thread/INFO]: [FxxkingPanda23: Summoned new Item Frame]
[18:40:34] [Server thread/ERROR]: Block-attached entity at invalid position: null
[18:40:34] [Server thread/INFO]: [FxxkingPanda23: Summoned new Item Frame]
[18:40:34] [Server thread/ERROR]: Block-attached entity at invalid position: null
[18:40:34] [Server thread/INFO]: [FxxkingPanda23: Summoned new Item Frame]
[18:40:34] [Server thread/ERROR]: Block-attached entity at invalid position: null
[18:40:34] [Server thread/INFO]: [FxxkingPanda23: Summoned new Item Frame]
[18:40:34] [Server thread/ERROR]: Block-attached entity at invalid position: null
[18:40:34] [Server thread/INFO]: [FxxkingPanda23: Summoned new Item Frame]
[18:40:34] [Server thread/INFO]: [FxxkingPanda23: Successfully filled 160 block(s)]
[18:40:34] [Server thread/INFO]: [FxxkingPanda23: Successfully filled 16 block(s)]
[18:40:34] [Server thread/INFO]: [FxxkingPanda23: Successfully filled 14 block(s)]
[18:40:34] [Server thread/INFO]: [FxxkingPanda23: Successfully filled 15 block(s)]
[18:40:34] [Server thread/INFO]: [FxxkingPanda23: Successfully filled 15 block(s)]
[18:40:34] [Server thread/INFO]: [FxxkingPanda23: Successfully filled 45 block(s)]
[18:40:34] [Server thread/INFO]: [FxxkingPanda23: Successfully filled 28 block(s)]
[18:40:34] [Server thread/INFO]: [FxxkingPanda23: Successfully filled 15 block(s)]
[18:40:34] [Server thread/INFO]: [FxxkingPanda23: Successfully filled 15 block(s)]
[18:40:34] [Server thread/INFO]: [FxxkingPanda23: Successfully filled 15 block(s)]
[18:40:34] [Server thread/INFO]: [FxxkingPanda23: Successfully filled 15 block(s)]
[18:40:34] [Server thread/INFO]: [FxxkingPanda23: Successfully filled 15 block(s)]
[18:40:34] [Server thread/INFO]: [FxxkingPanda23: Successfully filled 16 block(s)]
[18:40:34] [Server thread/INFO]: [FxxkingPanda23: Successfully filled 15 block(s)]
[18:40:34] [Server thread/INFO]: [FxxkingPanda23: Successfully filled 15 block(s)]
[18:40:34] [Server thread/INFO]: [FxxkingPanda23: Successfully filled 15 block(s)]
[18:40:34] [Server thread/INFO]: [FxxkingPanda23: Successfully filled 15 block(s)]
[18:40:34] [Server thread/INFO]: [FxxkingPanda23: Successfully filled 15 block(s)]
[18:40:34] [Server thread/INFO]: [FxxkingPanda23: Changed the block at -832, 22, 822]
[18:40:34] [Server thread/INFO]: [FxxkingPanda23: Successfully filled 15 block(s)]
[18:40:34] [Server thread/INFO]: [FxxkingPanda23: Successfully filled 15 block(s)]
[18:40:34] [Server thread/INFO]: [FxxkingPanda23: Changed the block at -832, 21, 823]
[18:40:34] [Server thread/INFO]: [FxxkingPanda23: Changed the block at -832, 22, 823]
[18:40:34] [Server thread/INFO]: [FxxkingPanda23: Changed the block at -832, 23, 823]
[18:40:34] [Server thread/INFO]: [FxxkingPanda23: Successfully filled 15 block(s)]
[18:40:34] [Server thread/INFO]: [FxxkingPanda23: Changed the block at -832, 23, 824]
[18:40:34] [Server thread/INFO]: [FxxkingPanda23: Changed the block at -832, 24, 824]
[18:40:34] [Server thread/INFO]: [FxxkingPanda23: Changed the block at -832, 24, 825]
[18:40:34] [Server thread/INFO]: [FxxkingPanda23: Successfully filled 16 block(s)]
[18:40:34] [Server thread/INFO]: [FxxkingPanda23: Successfully filled 16 block(s)]
[18:40:34] [Server thread/INFO]: [FxxkingPanda23: Changed the block at -832, 26, 826]
[18:40:34] [Server thread/INFO]: [FxxkingPanda23: Successfully filled 16 block(s)]
[18:40:34] [Server thread/INFO]: [FxxkingPanda23: Changed the block at -832, 26, 827]
[18:40:34] [Server thread/INFO]: [FxxkingPanda23: Successfully filled 16 block(s)]
[18:40:34] [Server thread/INFO]: [FxxkingPanda23: Changed the block at -832, 26, 828]
[18:40:34] [Server thread/INFO]: [FxxkingPanda23: Successfully filled 48 block(s)]
[18:40:34] [Server thread/INFO]: [FxxkingPanda23: Changed the block at -832, 24, 829]
[18:40:34] [Server thread/INFO]: [FxxkingPanda23: Successfully filled 16 block(s)]
[18:40:34] [Server thread/INFO]: [FxxkingPanda23: Successfully filled 15 block(s)]
[18:40:34] [Server thread/INFO]: [FxxkingPanda23: Changed the block at -832, 23, 830]
[18:40:34] [Server thread/INFO]: [FxxkingPanda23: Changed the block at -832, 24, 830]
[18:40:34] [Server thread/INFO]: [FxxkingPanda23: Successfully filled 15 block(s)]
[18:40:34] [Server thread/INFO]: [FxxkingPanda23: Successfully filled 15 block(s)]
[18:40:34] [Server thread/INFO]: [FxxkingPanda23: Changed the block at -832, 21, 831]
[18:40:34] [Server thread/INFO]: [FxxkingPanda23: Changed the block at -832, 22, 831]
[18:40:34] [Server thread/INFO]: [FxxkingPanda23: Changed the block at -832, 23, 831]
[18:40:34] [Server thread/INFO]: [FxxkingPanda23: Changed the block at -831, 21, 823]
[18:40:34] [Server thread/INFO]: [FxxkingPanda23: Successfully filled 2 block(s)]
[18:40:34] [Server thread/INFO]: [FxxkingPanda23: Changed the block at -831, 23, 824]
[18:40:34] [Server thread/INFO]: [FxxkingPanda23: Changed the block at -831, 24, 824]
[18:40:34] [Server thread/INFO]: [FxxkingPanda23: Changed the block at -831, 24, 825]
[18:40:34] [Server thread/INFO]: [FxxkingPanda23: Changed the block at -831, 25, 826]
[18:40:34] [Server thread/INFO]: [FxxkingPanda23: Changed the block at -831, 26, 826]
[18:40:34] [Server thread/INFO]: [FxxkingPanda23: Changed the block at -831, 23, 827]
[18:40:34] [Server thread/INFO]: [FxxkingPanda23: Changed the block at -831, 24, 827]
[18:40:34] [Server thread/INFO]: [FxxkingPanda23: Changed the block at -831, 25, 827]
[18:40:34] [Server thread/INFO]: [FxxkingPanda23: Changed the block at -831, 26, 827]
[18:40:34] [Server thread/INFO]: [FxxkingPanda23: Changed the block at -831, 25, 828]
[18:40:34] [Server thread/INFO]: [FxxkingPanda23: Changed the block at -831, 26, 828]
[18:40:34] [Server thread/INFO]: [FxxkingPanda23: Changed the block at -831, 24, 829]
[18:40:34] [Server thread/INFO]: [FxxkingPanda23: Changed the block at -831, 23, 830]
[18:40:34] [Server thread/INFO]: [FxxkingPanda23: Changed the block at -831, 24, 830]
[18:40:34] [Server thread/INFO]: [FxxkingPanda23: Changed the block at -831, 21, 831]
[18:40:34] [Server thread/INFO]: [FxxkingPanda23: Successfully filled 2 block(s)]
[18:40:34] [Server thread/INFO]: [FxxkingPanda23: Successfully filled 2 block(s)]
[18:40:34] [Server thread/INFO]: [FxxkingPanda23: Successfully filled 2 block(s)]
[18:40:34] [Server thread/INFO]: [FxxkingPanda23: Changed the block at -830, 22, 823]
[18:40:34] [Server thread/INFO]: [FxxkingPanda23: Successfully filled 2 block(s)]
[18:40:34] [Server thread/INFO]: [FxxkingPanda23: Successfully filled 2 block(s)]
[18:40:34] [Server thread/INFO]: [FxxkingPanda23: Successfully filled 2 block(s)]
[18:40:34] [Server thread/INFO]: [FxxkingPanda23: Successfully filled 2 block(s)]
[18:40:34] [Server thread/INFO]: [FxxkingPanda23: Changed the block at -830, 26, 826]
[18:40:34] [Server thread/INFO]: [FxxkingPanda23: Changed the block at -830, 26, 827]
[18:40:34] [Server thread/INFO]: [FxxkingPanda23: Changed the block at -830, 26, 828]
[18:40:34] [Server thread/INFO]: [FxxkingPanda23: Successfully filled 2 block(s)]
[18:40:34] [Server thread/INFO]: [FxxkingPanda23: Successfully filled 2 block(s)]
[18:40:34] [Server thread/INFO]: [FxxkingPanda23: Successfully filled 2 block(s)]
[18:40:34] [Server thread/INFO]: [FxxkingPanda23: Successfully filled 2 block(s)]
[18:40:34] [Server thread/INFO]: [FxxkingPanda23: Changed the block at -830, 22, 831]
[18:40:34] [Server thread/INFO]: [FxxkingPanda23: Successfully filled 2 block(s)]
[18:40:34] [Server thread/INFO]: [FxxkingPanda23: Changed the block at -829, 22, 823]
[18:40:34] [Server thread/INFO]: [FxxkingPanda23: Changed the block at -829, 26, 826]
[18:40:34] [Server thread/INFO]: [FxxkingPanda23: Changed the block at -829, 26, 827]
[18:40:34] [Server thread/INFO]: [FxxkingPanda23: Changed the block at -829, 26, 828]
[18:40:34] [Server thread/INFO]: [FxxkingPanda23: Changed the block at -829, 22, 831]
[18:40:34] [Server thread/INFO]: [FxxkingPanda23: Changed the block at -828, 21, 823]
[18:40:34] [Server thread/INFO]: [FxxkingPanda23: Successfully filled 2 block(s)]
[18:40:34] [Server thread/INFO]: [FxxkingPanda23: Changed the block at -828, 23, 824]
[18:40:34] [Server thread/INFO]: [FxxkingPanda23: Changed the block at -828, 24, 824]
[18:40:34] [Server thread/INFO]: [FxxkingPanda23: Changed the block at -828, 24, 825]
[18:40:34] [Server thread/INFO]: [FxxkingPanda23: Changed the block at -828, 25, 826]
[18:40:34] [Server thread/INFO]: [FxxkingPanda23: Changed the block at -828, 26, 826]
[18:40:34] [Server thread/INFO]: [FxxkingPanda23: Changed the block at -828, 23, 827]
[18:40:34] [Server thread/INFO]: [FxxkingPanda23: Changed the block at -828, 24, 827]
[18:40:34] [Server thread/INFO]: [FxxkingPanda23: Changed the block at -828, 25, 827]
[18:40:34] [Server thread/INFO]: [FxxkingPanda23: Changed the block at -828, 26, 827]
[18:40:34] [Server thread/INFO]: [FxxkingPanda23: Changed the block at -828, 25, 828]
[18:40:34] [Server thread/INFO]: [FxxkingPanda23: Changed the block at -828, 26, 828]
[18:40:34] [Server thread/INFO]: [FxxkingPanda23: Changed the block at -828, 24, 829]
[18:40:34] [Server thread/INFO]: [FxxkingPanda23: Changed the block at -828, 23, 830]
[18:40:34] [Server thread/INFO]: [FxxkingPanda23: Changed the block at -828, 24, 830]
[18:40:34] [Server thread/INFO]: [FxxkingPanda23: Changed the block at -828, 21, 831]
[18:40:34] [Server thread/INFO]: [FxxkingPanda23: Successfully filled 2 block(s)]
[18:40:34] [Server thread/INFO]: [FxxkingPanda23: Successfully filled 2 block(s)]
[18:40:34] [Server thread/INFO]: [FxxkingPanda23: Successfully filled 2 block(s)]
[18:40:34] [Server thread/INFO]: [FxxkingPanda23: Changed the block at -827, 22, 823]
[18:40:34] [Server thread/INFO]: [FxxkingPanda23: Successfully filled 2 block(s)]
[18:40:34] [Server thread/INFO]: [FxxkingPanda23: Successfully filled 2 block(s)]
[18:40:34] [Server thread/INFO]: [FxxkingPanda23: Successfully filled 2 block(s)]
[18:40:34] [Server thread/INFO]: [FxxkingPanda23: Successfully filled 2 block(s)]
[18:40:34] [Server thread/INFO]: [FxxkingPanda23: Changed the block at -827, 26, 826]
[18:40:34] [Server thread/INFO]: [FxxkingPanda23: Changed the block at -827, 26, 827]
[18:40:34] [Server thread/INFO]: [FxxkingPanda23: Changed the block at -827, 26, 828]
[18:40:34] [Server thread/INFO]: [FxxkingPanda23: Successfully filled 2 block(s)]
[18:40:34] [Server thread/INFO]: [FxxkingPanda23: Successfully filled 2 block(s)]
[18:40:34] [Server thread/INFO]: [FxxkingPanda23: Successfully filled 2 block(s)]
[18:40:34] [Server thread/INFO]: [FxxkingPanda23: Successfully filled 2 block(s)]
[18:40:34] [Server thread/INFO]: [FxxkingPanda23: Changed the block at -827, 22, 831]
[18:40:34] [Server thread/INFO]: [FxxkingPanda23: Successfully filled 2 block(s)]
[18:40:34] [Server thread/INFO]: [FxxkingPanda23: Changed the block at -826, 22, 823]
[18:40:34] [Server thread/INFO]: [FxxkingPanda23: Changed the block at -826, 26, 826]
[18:40:34] [Server thread/INFO]: [FxxkingPanda23: Changed the block at -826, 26, 827]
[18:40:34] [Server thread/INFO]: [FxxkingPanda23: Changed the block at -826, 26, 828]
[18:40:34] [Server thread/INFO]: [FxxkingPanda23: Changed the block at -826, 22, 831]
[18:40:34] [Server thread/INFO]: [FxxkingPanda23: Changed the block at -825, 21, 823]
[18:40:34] [Server thread/INFO]: [FxxkingPanda23: Successfully filled 2 block(s)]
[18:40:34] [Server thread/INFO]: [FxxkingPanda23: Changed the block at -825, 23, 824]
[18:40:34] [Server thread/INFO]: [FxxkingPanda23: Changed the block at -825, 24, 824]
[18:40:34] [Server thread/INFO]: [FxxkingPanda23: Changed the block at -825, 24, 825]
[18:40:34] [Server thread/INFO]: [FxxkingPanda23: Changed the block at -825, 25, 826]
[18:40:34] [Server thread/INFO]: [FxxkingPanda23: Changed the block at -825, 26, 826]
[18:40:34] [Server thread/INFO]: [FxxkingPanda23: Changed the block at -825, 23, 827]
[18:40:34] [Server thread/INFO]: [FxxkingPanda23: Changed the block at -825, 24, 827]
[18:40:34] [Server thread/INFO]: [FxxkingPanda23: Changed the block at -825, 25, 827]
[18:40:34] [Server thread/INFO]: [FxxkingPanda23: Changed the block at -825, 26, 827]
[18:40:34] [Server thread/INFO]: [FxxkingPanda23: Changed the block at -825, 25, 828]
[18:40:34] [Server thread/INFO]: [FxxkingPanda23: Changed the block at -825, 26, 828]
[18:40:34] [Server thread/INFO]: [FxxkingPanda23: Changed the block at -825, 24, 829]
[18:40:34] [Server thread/INFO]: [FxxkingPanda23: Changed the block at -825, 23, 830]
[18:40:34] [Server thread/INFO]: [FxxkingPanda23: Changed the block at -825, 24, 830]
[18:40:34] [Server thread/INFO]: [FxxkingPanda23: Changed the block at -825, 21, 831]
[18:40:34] [Server thread/INFO]: [FxxkingPanda23: Successfully filled 2 block(s)]
[18:40:34] [Server thread/INFO]: [FxxkingPanda23: Successfully filled 2 block(s)]
[18:40:34] [Server thread/INFO]: [FxxkingPanda23: Successfully filled 2 block(s)]
[18:40:34] [Server thread/INFO]: [FxxkingPanda23: Changed the block at -824, 22, 823]
[18:40:34] [Server thread/INFO]: [FxxkingPanda23: Successfully filled 2 block(s)]
[18:40:34] [Server thread/INFO]: [FxxkingPanda23: Successfully filled 2 block(s)]
[18:40:34] [Server thread/INFO]: [FxxkingPanda23: Successfully filled 2 block(s)]
[18:40:34] [Server thread/INFO]: [FxxkingPanda23: Successfully filled 2 block(s)]
[18:40:34] [Server thread/INFO]: [FxxkingPanda23: Changed the block at -824, 26, 826]
[18:40:34] [Server thread/INFO]: [FxxkingPanda23: Changed the block at -824, 26, 827]
[18:40:34] [Server thread/INFO]: [FxxkingPanda23: Changed the block at -824, 26, 828]
[18:40:34] [Server thread/INFO]: [FxxkingPanda23: Successfully filled 2 block(s)]
[18:40:34] [Server thread/INFO]: [FxxkingPanda23: Successfully filled 2 block(s)]
[18:40:34] [Server thread/INFO]: [FxxkingPanda23: Successfully filled 2 block(s)]
[18:40:34] [Server thread/INFO]: [FxxkingPanda23: Successfully filled 2 block(s)]
[18:40:34] [Server thread/INFO]: [FxxkingPanda23: Changed the block at -824, 22, 831]
[18:40:34] [Server thread/INFO]: [FxxkingPanda23: Successfully filled 2 block(s)]
[18:40:34] [Server thread/INFO]: [FxxkingPanda23: Changed the block at -823, 22, 823]
[18:40:34] [Server thread/INFO]: [FxxkingPanda23: Changed the block at -823, 26, 826]
[18:40:34] [Server thread/INFO]: [FxxkingPanda23: Changed the block at -823, 26, 827]
[18:40:34] [Server thread/INFO]: [FxxkingPanda23: Changed the block at -823, 26, 828]
[18:40:34] [Server thread/INFO]: [FxxkingPanda23: Changed the block at -823, 22, 831]
[18:40:34] [Server thread/INFO]: [FxxkingPanda23: Changed the block at -822, 21, 823]
[18:40:34] [Server thread/INFO]: [FxxkingPanda23: Successfully filled 2 block(s)]
[18:40:34] [Server thread/INFO]: [FxxkingPanda23: Changed the block at -822, 23, 824]
[18:40:34] [Server thread/INFO]: [FxxkingPanda23: Changed the block at -822, 24, 824]
[18:40:34] [Server thread/INFO]: [FxxkingPanda23: Changed the block at -822, 24, 825]
[18:40:34] [Server thread/INFO]: [FxxkingPanda23: Changed the block at -822, 25, 826]
[18:40:34] [Server thread/INFO]: [FxxkingPanda23: Changed the block at -822, 26, 826]
[18:40:34] [Server thread/INFO]: [FxxkingPanda23: Changed the block at -822, 23, 827]
[18:40:34] [Server thread/INFO]: [FxxkingPanda23: Changed the block at -822, 24, 827]
[18:40:34] [Server thread/INFO]: [FxxkingPanda23: Changed the block at -822, 25, 827]
[18:40:34] [Server thread/INFO]: [FxxkingPanda23: Changed the block at -822, 26, 827]
[18:40:34] [Server thread/INFO]: [FxxkingPanda23: Changed the block at -822, 25, 828]
[18:40:34] [Server thread/INFO]: [FxxkingPanda23: Changed the block at -822, 26, 828]
[18:40:34] [Server thread/INFO]: [FxxkingPanda23: Changed the block at -822, 24, 829]
[18:40:34] [Server thread/INFO]: [FxxkingPanda23: Changed the block at -822, 23, 830]
[18:40:34] [Server thread/INFO]: [FxxkingPanda23: Changed the block at -822, 24, 830]
[18:40:34] [Server thread/INFO]: [FxxkingPanda23: Changed the block at -822, 21, 831]
[18:40:34] [Server thread/INFO]: [FxxkingPanda23: Successfully filled 2 block(s)]
[18:40:34] [Server thread/INFO]: [FxxkingPanda23: Successfully filled 2 block(s)]
[18:40:34] [Server thread/INFO]: [FxxkingPanda23: Successfully filled 2 block(s)]
[18:40:34] [Server thread/INFO]: [FxxkingPanda23: Changed the block at -821, 22, 823]
[18:40:34] [Server thread/INFO]: [FxxkingPanda23: Successfully filled 2 block(s)]
[18:40:34] [Server thread/INFO]: [FxxkingPanda23: Successfully filled 2 block(s)]
[18:40:34] [Server thread/INFO]: [FxxkingPanda23: Successfully filled 2 block(s)]
[18:40:34] [Server thread/INFO]: [FxxkingPanda23: Successfully filled 2 block(s)]
[18:40:34] [Server thread/INFO]: [FxxkingPanda23: Changed the block at -821, 26, 826]
[18:40:34] [Server thread/INFO]: [FxxkingPanda23: Changed the block at -821, 26, 827]
[18:40:34] [Server thread/INFO]: [FxxkingPanda23: Changed the block at -821, 26, 828]
[18:40:34] [Server thread/INFO]: [FxxkingPanda23: Successfully filled 2 block(s)]
[18:40:34] [Server thread/INFO]: [FxxkingPanda23: Successfully filled 2 block(s)]
[18:40:34] [Server thread/INFO]: [FxxkingPanda23: Successfully filled 2 block(s)]
[18:40:34] [Server thread/INFO]: [FxxkingPanda23: Successfully filled 2 block(s)]
[18:40:34] [Server thread/INFO]: [FxxkingPanda23: Changed the block at -821, 22, 831]
[18:40:34] [Server thread/INFO]: [FxxkingPanda23: Successfully filled 2 block(s)]
[18:40:34] [Server thread/INFO]: [FxxkingPanda23: Changed the block at -820, 22, 823]
[18:40:34] [Server thread/INFO]: [FxxkingPanda23: Changed the block at -820, 26, 826]
[18:40:34] [Server thread/INFO]: [FxxkingPanda23: Changed the block at -820, 26, 827]
[18:40:34] [Server thread/INFO]: [FxxkingPanda23: Changed the block at -820, 26, 828]
[18:40:34] [Server thread/INFO]: [FxxkingPanda23: Changed the block at -820, 22, 831]
[18:40:34] [Server thread/INFO]: [FxxkingPanda23: Changed the block at -819, 21, 823]
[18:40:34] [Server thread/INFO]: [FxxkingPanda23: Successfully filled 2 block(s)]
[18:40:34] [Server thread/INFO]: [FxxkingPanda23: Changed the block at -819, 23, 824]
[18:40:34] [Server thread/INFO]: [FxxkingPanda23: Changed the block at -819, 24, 824]
[18:40:34] [Server thread/INFO]: [FxxkingPanda23: Changed the block at -819, 24, 825]
[18:40:34] [Server thread/INFO]: [FxxkingPanda23: Changed the block at -819, 25, 826]
[18:40:34] [Server thread/INFO]: [FxxkingPanda23: Changed the block at -819, 26, 826]
[18:40:34] [Server thread/INFO]: [FxxkingPanda23: Changed the block at -819, 23, 827]
[18:40:34] [Server thread/INFO]: [FxxkingPanda23: Changed the block at -819, 24, 827]
[18:40:34] [Server thread/INFO]: [FxxkingPanda23: Changed the block at -819, 25, 827]
[18:40:34] [Server thread/INFO]: [FxxkingPanda23: Changed the block at -819, 26, 827]
[18:40:34] [Server thread/INFO]: [FxxkingPanda23: Changed the block at -819, 25, 828]
[18:40:34] [Server thread/INFO]: [FxxkingPanda23: Changed the block at -819, 26, 828]
[18:40:34] [Server thread/INFO]: [FxxkingPanda23: Changed the block at -819, 24, 829]
[18:40:34] [Server thread/INFO]: [FxxkingPanda23: Changed the block at -819, 23, 830]
[18:40:34] [Server thread/INFO]: [FxxkingPanda23: Changed the block at -819, 24, 830]
[18:40:34] [Server thread/INFO]: [FxxkingPanda23: Changed the block at -819, 21, 831]
[18:40:34] [Server thread/INFO]: [FxxkingPanda23: Successfully filled 2 block(s)]
[18:40:34] [Server thread/INFO]: [FxxkingPanda23: Changed the block at -818, 21, 816]
[18:40:34] [Server thread/INFO]: [FxxkingPanda23: Successfully filled 2 block(s)]
[18:40:34] [Server thread/INFO]: [FxxkingPanda23: Successfully filled 2 block(s)]
[18:40:34] [Server thread/INFO]: [FxxkingPanda23: Successfully filled 2 block(s)]
[18:40:34] [Server thread/INFO]: [FxxkingPanda23: Changed the block at -818, 22, 823]
[18:40:34] [Server thread/INFO]: [FxxkingPanda23: Successfully filled 2 block(s)]
[18:40:34] [Server thread/INFO]: [FxxkingPanda23: Successfully filled 2 block(s)]
[18:40:34] [Server thread/INFO]: [FxxkingPanda23: Successfully filled 2 block(s)]
[18:40:34] [Server thread/INFO]: [FxxkingPanda23: Successfully filled 2 block(s)]
[18:40:34] [Server thread/INFO]: [FxxkingPanda23: Changed the block at -818, 26, 826]
[18:40:34] [Server thread/INFO]: [FxxkingPanda23: Changed the block at -818, 26, 827]
[18:40:34] [Server thread/INFO]: [FxxkingPanda23: Changed the block at -818, 26, 828]
[18:40:34] [Server thread/INFO]: [FxxkingPanda23: Successfully filled 2 block(s)]
[18:40:34] [Server thread/INFO]: [FxxkingPanda23: Successfully filled 2 block(s)]
[18:40:34] [Server thread/INFO]: [FxxkingPanda23: Successfully filled 2 block(s)]
[18:40:34] [Server thread/INFO]: [FxxkingPanda23: Successfully filled 2 block(s)]
[18:40:34] [Server thread/INFO]: [FxxkingPanda23: Changed the block at -818, 22, 831]
[18:40:34] [Server thread/INFO]: [FxxkingPanda23: Successfully filled 2 block(s)]
[18:40:34] [Server thread/INFO]: [FxxkingPanda23: Changed the block at -817, 23, 819]
[18:40:34] [Server thread/INFO]: [FxxkingPanda23: Successfully filled 2 block(s)]
[18:40:34] [Server thread/INFO]: [FxxkingPanda23: Changed the block at -817, 21, 822]
[18:40:34] [Server thread/INFO]: [FxxkingPanda23: Changed the block at -817, 22, 823]
[18:40:34] [Server thread/INFO]: [FxxkingPanda23: Changed the block at -817, 26, 826]
[18:40:34] [Server thread/INFO]: [FxxkingPanda23: Changed the block at -817, 26, 827]
[18:40:34] [Server thread/INFO]: [FxxkingPanda23: Changed the block at -817, 26, 828]
[18:40:34] [Server thread/INFO]: [FxxkingPanda23: Changed the block at -817, 22, 831]
[18:40:34] [Server thread/ERROR]: Block-attached entity at invalid position: null
[18:40:34] [Server thread/INFO]: [FxxkingPanda23: Summoned new Item Frame]
[18:40:34] [Server thread/ERROR]: Block-attached entity at invalid position: null
[18:40:34] [Server thread/INFO]: [FxxkingPanda23: Summoned new Item Frame]
[18:40:34] [Server thread/ERROR]: Block-attached entity at invalid position: null
[18:40:34] [Server thread/INFO]: [FxxkingPanda23: Summoned new Item Frame]
[18:40:34] [Server thread/ERROR]: Block-attached entity at invalid position: null
[18:40:34] [Server thread/INFO]: [FxxkingPanda23: Summoned new Item Frame]
[18:40:34] [Server thread/ERROR]: Block-attached entity at invalid position: null
[18:40:34] [Server thread/INFO]: [FxxkingPanda23: Summoned new Item Frame]
[18:40:34] [Server thread/ERROR]: Block-attached entity at invalid position: null
[18:40:34] [Server thread/INFO]: [FxxkingPanda23: Summoned new Item Frame]
[18:40:34] [Server thread/ERROR]: Block-attached entity at invalid position: null
[18:40:34] [Server thread/INFO]: [FxxkingPanda23: Summoned new Item Frame]
[18:40:34] [Server thread/ERROR]: Block-attached entity at invalid position: null
[18:40:34] [Server thread/INFO]: [FxxkingPanda23: Summoned new Item Frame]
[18:40:34] [Server thread/ERROR]: Block-attached entity at invalid position: null
[18:40:34] [Server thread/INFO]: [FxxkingPanda23: Summoned new Item Frame]
[18:40:34] [Server thread/ERROR]: Block-attached entity at invalid position: null
[18:40:34] [Server thread/INFO]: [FxxkingPanda23: Summoned new Item Frame]
[18:40:34] [Server thread/ERROR]: Block-attached entity at invalid position: null
[18:40:34] [Server thread/INFO]: [FxxkingPanda23: Summoned new Item Frame]
[18:40:34] [Server thread/ERROR]: Block-attached entity at invalid position: null
[18:40:34] [Server thread/INFO]: [FxxkingPanda23: Summoned new Item Frame]
[18:40:34] [Server thread/ERROR]: Block-attached entity at invalid position: null
[18:40:34] [Server thread/INFO]: [FxxkingPanda23: Summoned new Item Frame]
[18:40:34] [Server thread/ERROR]: Block-attached entity at invalid position: null
[18:40:34] [Server thread/INFO]: [FxxkingPanda23: Summoned new Item Frame]
[18:40:34] [Server thread/ERROR]: Block-attached entity at invalid position: null
[18:40:34] [Server thread/INFO]: [FxxkingPanda23: Summoned new Item Frame]
[18:40:34] [Server thread/ERROR]: Block-attached entity at invalid position: null
[18:40:34] [Server thread/INFO]: [FxxkingPanda23: Summoned new Item Frame]
[18:40:34] [Server thread/ERROR]: Block-attached entity at invalid position: null
[18:40:34] [Server thread/INFO]: [FxxkingPanda23: Summoned new Item Frame]
[18:40:34] [Server thread/ERROR]: Block-attached entity at invalid position: null
[18:40:34] [Server thread/INFO]: [FxxkingPanda23: Summoned new Item Frame]
[18:40:34] [Server thread/ERROR]: Block-attached entity at invalid position: null
[18:40:34] [Server thread/INFO]: [FxxkingPanda23: Summoned new Item Frame]
[18:40:34] [Server thread/ERROR]: Block-attached entity at invalid position: null
[18:40:34] [Server thread/INFO]: [FxxkingPanda23: Summoned new Item Frame]
[18:40:34] [Server thread/ERROR]: Block-attached entity at invalid position: null
[18:40:34] [Server thread/INFO]: [FxxkingPanda23: Summoned new Item Frame]
[18:40:34] [Server thread/ERROR]: Block-attached entity at invalid position: null
[18:40:34] [Server thread/INFO]: [FxxkingPanda23: Summoned new Item Frame]
[18:40:34] [Server thread/ERROR]: Block-attached entity at invalid position: null
[18:40:34] [Server thread/INFO]: [FxxkingPanda23: Summoned new Item Frame]
[18:40:34] [Server thread/ERROR]: Block-attached entity at invalid position: null
[18:40:34] [Server thread/INFO]: [FxxkingPanda23: Summoned new Item Frame]
[18:40:34] [Server thread/ERROR]: Block-attached entity at invalid position: null
[18:40:34] [Server thread/INFO]: [FxxkingPanda23: Summoned new Item Frame]
[18:40:34] [Server thread/ERROR]: Block-attached entity at invalid position: null
[18:40:34] [Server thread/INFO]: [FxxkingPanda23: Summoned new Item Frame]
[18:40:34] [Server thread/ERROR]: Block-attached entity at invalid position: null
[18:40:34] [Server thread/INFO]: [FxxkingPanda23: Summoned new Item Frame]
[18:40:34] [Server thread/ERROR]: Block-attached entity at invalid position: null
[18:40:34] [Server thread/INFO]: [FxxkingPanda23: Summoned new Item Frame]
[18:40:34] [Server thread/ERROR]: Block-attached entity at invalid position: null
[18:40:34] [Server thread/INFO]: [FxxkingPanda23: Summoned new Item Frame]
[18:40:34] [Server thread/ERROR]: Block-attached entity at invalid position: null
[18:40:34] [Server thread/INFO]: [FxxkingPanda23: Summoned new Item Frame]
[18:40:34] [Server thread/INFO]: [FxxkingPanda23: Successfully filled 16 block(s)]
[18:40:34] [Server thread/INFO]: [FxxkingPanda23: Successfully filled 15 block(s)]
[18:40:34] [Server thread/INFO]: [FxxkingPanda23: Changed the block at -817, 21, 815]
[18:40:34] [Server thread/INFO]: [FxxkingPanda23: Successfully filled 2 block(s)]
[18:40:34] [Server thread/INFO]: [FxxkingPanda23: Successfully filled 49 block(s)]
[18:40:34] [Server thread/INFO]: [FxxkingPanda23: Successfully filled 7 block(s)]
[18:40:34] [Server thread/INFO]: [FxxkingPanda23: Successfully filled 7 block(s)]
[18:40:34] [Server thread/INFO]: [FxxkingPanda23: Successfully filled 8 block(s)]
[18:40:34] [Server thread/INFO]: [FxxkingPanda23: Successfully filled 7 block(s)]
[18:40:34] [Server thread/INFO]: [FxxkingPanda23: Successfully filled 7 block(s)]
[18:40:34] [Server thread/INFO]: [FxxkingPanda23: Successfully filled 7 block(s)]
[18:40:34] [Server thread/INFO]: [FxxkingPanda23: Successfully filled 21 block(s)]
[18:40:34] [Server thread/INFO]: [FxxkingPanda23: Successfully filled 7 block(s)]
[18:40:34] [Server thread/INFO]: [FxxkingPanda23: Successfully filled 7 block(s)]
[18:40:34] [Server thread/INFO]: [FxxkingPanda23: Successfully filled 2 block(s)]
[18:40:34] [Server thread/INFO]: [FxxkingPanda23: Successfully filled 12 block(s)]
[18:40:34] [Server thread/INFO]: [FxxkingPanda23: Successfully filled 7 block(s)]
[18:40:34] [Server thread/INFO]: [FxxkingPanda23: Successfully filled 7 block(s)]
[18:40:34] [Server thread/INFO]: [FxxkingPanda23: Successfully filled 7 block(s)]
[18:40:34] [Server thread/INFO]: [FxxkingPanda23: Changed the block at -795, 21, 793]
[18:40:34] [Server thread/INFO]: [FxxkingPanda23: Successfully filled 6 block(s)]
[18:40:34] [Server thread/INFO]: [FxxkingPanda23: Successfully filled 2 block(s)]
[18:40:34] [Server thread/INFO]: [FxxkingPanda23: Successfully filled 10 block(s)]
[18:40:34] [Server thread/INFO]: [FxxkingPanda23: Successfully filled 40 block(s)]
[18:40:34] [Server thread/INFO]: [FxxkingPanda23: Successfully filled 8 block(s)]
[18:40:34] [Server thread/INFO]: [FxxkingPanda23: Successfully filled 8 block(s)]
[18:40:34] [Server thread/INFO]: [FxxkingPanda23: Successfully filled 8 block(s)]
[18:40:34] [Server thread/INFO]: [FxxkingPanda23: Successfully filled 8 block(s)]
[18:40:34] [Server thread/INFO]: [FxxkingPanda23: Successfully filled 8 block(s)]
[18:40:34] [Server thread/INFO]: [FxxkingPanda23: Successfully filled 8 block(s)]
[18:40:34] [Server thread/INFO]: [FxxkingPanda23: Successfully filled 8 block(s)]
[18:40:34] [Server thread/INFO]: [FxxkingPanda23: Successfully filled 8 block(s)]
[18:40:34] [Server thread/INFO]: [FxxkingPanda23: Successfully filled 24 block(s)]
[18:40:34] [Server thread/INFO]: [FxxkingPanda23: Successfully filled 8 block(s)]
[18:40:34] [Server thread/INFO]: [FxxkingPanda23: Successfully filled 8 block(s)]
[18:40:34] [Server thread/INFO]: [FxxkingPanda23: Successfully filled 2 block(s)]
[18:40:34] [Server thread/INFO]: [FxxkingPanda23: Successfully filled 8 block(s)]
[18:40:34] [Server thread/INFO]: [FxxkingPanda23: Successfully filled 8 block(s)]
[18:40:34] [Server thread/INFO]: [FxxkingPanda23: Successfully filled 8 block(s)]
[18:40:34] [Server thread/INFO]: [FxxkingPanda23: Changed the block at -840, 21, 838]
[18:40:34] [Server thread/INFO]: [FxxkingPanda23: Successfully filled 2 block(s)]
[18:40:34] [Server thread/INFO]: [FxxkingPanda23: Successfully filled 14 block(s)]
[18:40:34] [Server thread/INFO]: [FxxkingPanda23: Successfully filled 7 block(s)]
[18:40:34] [Server thread/INFO]: [FxxkingPanda23: Successfully filled 2 block(s)]
[18:40:34] [Server thread/INFO]: [FxxkingPanda23: Changed the block at -833, 22, 832]
[18:40:34] [Server thread/INFO]: [FxxkingPanda23: Successfully filled 7 block(s)]
[18:40:34] [Server thread/INFO]: [FxxkingPanda23: Successfully filled 7 block(s)]
[18:40:34] [Server thread/INFO]: [FxxkingPanda23: Successfully filled 21 block(s)]
[18:40:34] [Server thread/INFO]: [FxxkingPanda23: Successfully filled 2 block(s)]
[18:40:34] [Server thread/INFO]: [FxxkingPanda23: Successfully filled 12 block(s)]
[18:40:34] [Server thread/INFO]: [FxxkingPanda23: Successfully filled 56 block(s)]
[18:40:34] [Server thread/INFO]: [FxxkingPanda23: Successfully filled 7 block(s)]
[18:40:34] [Server thread/INFO]: [FxxkingPanda23: Successfully filled 7 block(s)]
[18:40:34] [Server thread/INFO]: [FxxkingPanda23: Successfully filled 7 block(s)]
[18:40:34] [Server thread/INFO]: [FxxkingPanda23: Successfully filled 9 block(s)]
[18:40:34] [Server thread/INFO]: [FxxkingPanda23: Successfully filled 7 block(s)]
[18:40:34] [Server thread/INFO]: [FxxkingPanda23: Successfully filled 7 block(s)]
[18:40:34] [Server thread/INFO]: [FxxkingPanda23: Successfully filled 12 block(s)]
[18:40:34] [Server thread/INFO]: [FxxkingPanda23: Successfully filled 7 block(s)]
[18:40:34] [Server thread/INFO]: [FxxkingPanda23: Successfully filled 7 block(s)]
[18:40:34] [Server thread/INFO]: [FxxkingPanda23: Successfully filled 8 block(s)]
[18:40:34] [Server thread/INFO]: [FxxkingPanda23: Changed the block at -811, 21, 792]
[18:40:34] [Server thread/INFO]: [FxxkingPanda23: Successfully filled 7 block(s)]
[18:40:34] [Server thread/INFO]: [FxxkingPanda23: Successfully filled 7 block(s)]
[18:40:34] [Server thread/INFO]: [FxxkingPanda23: Successfully filled 7 block(s)]
[18:40:34] [Server thread/INFO]: [FxxkingPanda23: Successfully filled 2 block(s)]
[18:40:34] [Server thread/INFO]: [FxxkingPanda23: Successfully filled 2 block(s)]
[18:40:34] [Server thread/INFO]: [FxxkingPanda23: Successfully filled 9 block(s)]
[18:40:34] [Server thread/INFO]: [FxxkingPanda23: Successfully filled 3 block(s)]
[18:40:34] [Server thread/INFO]: [FxxkingPanda23: Successfully filled 7 block(s)]
[18:40:34] [Server thread/INFO]: [FxxkingPanda23: Successfully filled 7 block(s)]
[18:40:34] [Server thread/INFO]: [FxxkingPanda23: Changed the block at -810, 21, 793]
[18:40:34] [Server thread/INFO]: [FxxkingPanda23: Successfully filled 2 block(s)]
[18:40:34] [Server thread/INFO]: [FxxkingPanda23: Successfully filled 2 block(s)]
[18:40:34] [Server thread/INFO]: [FxxkingPanda23: Changed the block at -810, 22, 794]
[18:40:34] [Server thread/INFO]: [FxxkingPanda23: Successfully filled 2 block(s)]
[18:40:34] [Server thread/INFO]: [FxxkingPanda23: Changed the block at -810, 22, 795]
[18:40:34] [Server thread/INFO]: [FxxkingPanda23: Changed the block at -810, 21, 796]
[18:40:34] [Server thread/INFO]: [FxxkingPanda23: Successfully filled 2 block(s)]
[18:40:34] [Server thread/INFO]: [FxxkingPanda23: Successfully filled 2 block(s)]
[18:40:34] [Server thread/INFO]: [FxxkingPanda23: Changed the block at -810, 22, 797]
[18:40:34] [Server thread/INFO]: [FxxkingPanda23: Successfully filled 2 block(s)]
[18:40:34] [Server thread/INFO]: [FxxkingPanda23: Changed the block at -810, 22, 798]
[18:40:34] [Server thread/INFO]: [FxxkingPanda23: Changed the block at -810, 21, 799]
[18:40:34] [Server thread/INFO]: [FxxkingPanda23: Successfully filled 2 block(s)]
[18:40:34] [Server thread/INFO]: [FxxkingPanda23: Successfully filled 2 block(s)]
[18:40:34] [Server thread/INFO]: [FxxkingPanda23: Successfully filled 2 block(s)]
[18:40:34] [Server thread/INFO]: [FxxkingPanda23: Successfully filled 7 block(s)]
[18:40:34] [Server thread/INFO]: [FxxkingPanda23: Changed the block at -809, 23, 793]
[18:40:34] [Server thread/INFO]: [FxxkingPanda23: Changed the block at -809, 24, 793]
[18:40:34] [Server thread/INFO]: [FxxkingPanda23: Successfully filled 2 block(s)]
[18:40:34] [Server thread/INFO]: [FxxkingPanda23: Successfully filled 2 block(s)]
[18:40:34] [Server thread/INFO]: [FxxkingPanda23: Changed the block at -809, 23, 796]
[18:40:34] [Server thread/INFO]: [FxxkingPanda23: Changed the block at -809, 24, 796]
[18:40:34] [Server thread/INFO]: [FxxkingPanda23: Successfully filled 2 block(s)]
[18:40:34] [Server thread/INFO]: [FxxkingPanda23: Successfully filled 2 block(s)]
[18:40:34] [Server thread/INFO]: [FxxkingPanda23: Changed the block at -809, 23, 799]
[18:40:34] [Server thread/INFO]: [FxxkingPanda23: Changed the block at -809, 24, 799]
[18:40:34] [Server thread/INFO]: [FxxkingPanda23: Changed the block at -808, 24, 792]
[18:40:34] [Server thread/INFO]: [FxxkingPanda23: Changed the block at -808, 24, 793]
[18:40:34] [Server thread/INFO]: [FxxkingPanda23: Successfully filled 7 block(s)]
[18:40:34] [Server thread/INFO]: [FxxkingPanda23: Successfully filled 2 block(s)]
[18:40:34] [Server thread/INFO]: [FxxkingPanda23: Changed the block at -808, 24, 796]
[18:40:34] [Server thread/INFO]: [FxxkingPanda23: Successfully filled 2 block(s)]
[18:40:34] [Server thread/INFO]: [FxxkingPanda23: Changed the block at -808, 24, 799]
[18:40:34] [Server thread/INFO]: [FxxkingPanda23: Successfully filled 7 block(s)]
[18:40:34] [Server thread/INFO]: [FxxkingPanda23: Changed the block at -807, 18, 793]
[18:40:34] [Server thread/INFO]: [FxxkingPanda23: Changed the block at -807, 25, 793]
[18:40:34] [Server thread/INFO]: [FxxkingPanda23: Successfully filled 3 block(s)]
[18:40:34] [Server thread/INFO]: [FxxkingPanda23: Successfully filled 6 block(s)]
[18:40:34] [Server thread/INFO]: [FxxkingPanda23: Successfully filled 3 block(s)]
[18:40:34] [Server thread/INFO]: [FxxkingPanda23: Changed the block at -807, 26, 795]
[18:40:34] [Server thread/INFO]: [FxxkingPanda23: Changed the block at -807, 25, 796]
[18:40:34] [Server thread/INFO]: [FxxkingPanda23: Changed the block at -807, 26, 796]
[18:40:34] [Server thread/INFO]: [FxxkingPanda23: Changed the block at -807, 26, 797]
[18:40:34] [Server thread/INFO]: [FxxkingPanda23: Changed the block at -807, 26, 798]
[18:40:34] [Server thread/INFO]: [FxxkingPanda23: Changed the block at -807, 25, 799]
[18:40:34] [Server thread/INFO]: [FxxkingPanda23: Changed the block at -807, 26, 799]
[18:40:34] [Server thread/INFO]: [FxxkingPanda23: Successfully filled 7 block(s)]
[18:40:34] [Server thread/INFO]: [FxxkingPanda23: Changed the block at -806, 18, 793]
[18:40:34] [Server thread/INFO]: [FxxkingPanda23: Changed the block at -806, 18, 794]
[18:40:34] [Server thread/INFO]: [FxxkingPanda23: Successfully filled 5 block(s)]
[18:40:34] [Server thread/INFO]: [FxxkingPanda23: Changed the block at -806, 26, 795]
[18:40:34] [Server thread/INFO]: [FxxkingPanda23: Changed the block at -806, 23, 796]
[18:40:34] [Server thread/INFO]: [FxxkingPanda23: Changed the block at -806, 24, 796]
[18:40:34] [Server thread/INFO]: [FxxkingPanda23: Changed the block at -806, 25, 796]
[18:40:34] [Server thread/INFO]: [FxxkingPanda23: Changed the block at -806, 26, 796]
[18:40:34] [Server thread/INFO]: [FxxkingPanda23: Changed the block at -806, 26, 797]
[18:40:34] [Server thread/INFO]: [FxxkingPanda23: Changed the block at -806, 26, 798]
[18:40:34] [Server thread/INFO]: [FxxkingPanda23: Changed the block at -806, 23, 799]
[18:40:34] [Server thread/INFO]: [FxxkingPanda23: Changed the block at -806, 24, 799]
[18:40:34] [Server thread/INFO]: [FxxkingPanda23: Changed the block at -806, 25, 799]
[18:40:34] [Server thread/INFO]: [FxxkingPanda23: Changed the block at -806, 26, 799]
[18:40:34] [Server thread/INFO]: [FxxkingPanda23: Successfully filled 7 block(s)]
[18:40:34] [Server thread/INFO]: [FxxkingPanda23: Changed the block at -805, 18, 793]
[18:40:34] [Server thread/INFO]: [FxxkingPanda23: Changed the block at -805, 25, 793]
[18:40:34] [Server thread/INFO]: [FxxkingPanda23: Successfully filled 6 block(s)]
[18:40:34] [Server thread/INFO]: [FxxkingPanda23: Changed the block at -805, 26, 795]
[18:40:34] [Server thread/INFO]: [FxxkingPanda23: Changed the block at -805, 25, 796]
[18:40:34] [Server thread/INFO]: [FxxkingPanda23: Changed the block at -805, 26, 796]
[18:40:34] [Server thread/INFO]: [FxxkingPanda23: Changed the block at -805, 26, 797]
[18:40:34] [Server thread/INFO]: [FxxkingPanda23: Changed the block at -805, 26, 798]
[18:40:34] [Server thread/INFO]: [FxxkingPanda23: Changed the block at -805, 25, 799]
[18:40:34] [Server thread/INFO]: [FxxkingPanda23: Changed the block at -805, 26, 799]
[18:40:34] [Server thread/INFO]: [FxxkingPanda23: Successfully filled 8 block(s)]
[18:40:34] [Server thread/INFO]: [FxxkingPanda23: Successfully filled 3 block(s)]
[18:40:34] [Server thread/INFO]: [FxxkingPanda23: Successfully filled 2 block(s)]
[18:40:34] [Server thread/INFO]: [FxxkingPanda23: Successfully filled 2 block(s)]
[18:40:34] [Server thread/INFO]: [FxxkingPanda23: Changed the block at -804, 24, 792]
[18:40:34] [Server thread/INFO]: [FxxkingPanda23: Successfully filled 28 block(s)]
[18:40:34] [Server thread/INFO]: [FxxkingPanda23: Changed the block at -804, 24, 793]
[18:40:34] [Server thread/INFO]: [FxxkingPanda23: Successfully filled 7 block(s)]
[18:40:34] [Server thread/INFO]: [FxxkingPanda23: Successfully filled 2 block(s)]
[18:40:34] [Server thread/INFO]: [FxxkingPanda23: Changed the block at -804, 24, 796]
[18:40:34] [Server thread/INFO]: [FxxkingPanda23: Successfully filled 2 block(s)]
[18:40:34] [Server thread/INFO]: [FxxkingPanda23: Changed the block at -804, 24, 799]
[18:40:34] [Server thread/INFO]: [FxxkingPanda23: Successfully filled 7 block(s)]
[18:40:34] [Server thread/INFO]: [FxxkingPanda23: Changed the block at -803, 23, 793]
[18:40:34] [Server thread/INFO]: [FxxkingPanda23: Changed the block at -803, 24, 793]
[18:40:34] [Server thread/INFO]: [FxxkingPanda23: Successfully filled 2 block(s)]
[18:40:34] [Server thread/INFO]: [FxxkingPanda23: Successfully filled 2 block(s)]
[18:40:34] [Server thread/INFO]: [FxxkingPanda23: Changed the block at -803, 23, 796]
[18:40:34] [Server thread/INFO]: [FxxkingPanda23: Changed the block at -803, 24, 796]
[18:40:34] [Server thread/INFO]: [FxxkingPanda23: Successfully filled 2 block(s)]
[18:40:34] [Server thread/INFO]: [FxxkingPanda23: Successfully filled 2 block(s)]
[18:40:34] [Server thread/INFO]: [FxxkingPanda23: Changed the block at -803, 23, 799]
[18:40:34] [Server thread/INFO]: [FxxkingPanda23: Changed the block at -803, 24, 799]
[18:40:34] [Server thread/INFO]: [FxxkingPanda23: Successfully filled 7 block(s)]
[18:40:34] [Server thread/INFO]: [FxxkingPanda23: Successfully filled 7 block(s)]
[18:40:34] [Server thread/INFO]: [FxxkingPanda23: Changed the block at -802, 21, 793]
[18:40:34] [Server thread/INFO]: [FxxkingPanda23: Successfully filled 2 block(s)]
[18:40:34] [Server thread/INFO]: [FxxkingPanda23: Successfully filled 2 block(s)]
[18:40:34] [Server thread/INFO]: [FxxkingPanda23: Changed the block at -802, 22, 794]
[18:40:34] [Server thread/INFO]: [FxxkingPanda23: Successfully filled 2 block(s)]
[18:40:34] [Server thread/INFO]: [FxxkingPanda23: Changed the block at -802, 22, 795]
[18:40:34] [Server thread/INFO]: [FxxkingPanda23: Changed the block at -802, 21, 796]
[18:40:34] [Server thread/INFO]: [FxxkingPanda23: Successfully filled 2 block(s)]
[18:40:34] [Server thread/INFO]: [FxxkingPanda23: Successfully filled 2 block(s)]
[18:40:34] [Server thread/INFO]: [FxxkingPanda23: Changed the block at -802, 22, 797]
[18:40:34] [Server thread/INFO]: [FxxkingPanda23: Successfully filled 2 block(s)]
[18:40:34] [Server thread/INFO]: [FxxkingPanda23: Changed the block at -802, 22, 798]
[18:40:34] [Server thread/INFO]: [FxxkingPanda23: Changed the block at -802, 21, 799]
[18:40:34] [Server thread/INFO]: [FxxkingPanda23: Successfully filled 2 block(s)]
[18:40:34] [Server thread/INFO]: [FxxkingPanda23: Changed the block at -801, 21, 792]
[18:40:34] [Server thread/INFO]: [FxxkingPanda23: Successfully filled 7 block(s)]
[18:40:34] [Server thread/INFO]: [FxxkingPanda23: Successfully filled 7 block(s)]
[18:40:34] [Server thread/INFO]: [FxxkingPanda23: Successfully filled 7 block(s)]
[18:40:34] [Server thread/INFO]: [FxxkingPanda23: Successfully filled 2 block(s)]
[18:40:34] [Server thread/INFO]: [FxxkingPanda23: Successfully filled 2 block(s)]
[18:40:34] [Server thread/ERROR]: Block-attached entity at invalid position: null
[18:40:34] [Server thread/INFO]: [FxxkingPanda23: Summoned new Item Frame]
[18:40:34] [Server thread/ERROR]: Block-attached entity at invalid position: null
[18:40:34] [Server thread/INFO]: [FxxkingPanda23: Summoned new Item Frame]
[18:40:34] [Server thread/ERROR]: Block-attached entity at invalid position: null
[18:40:34] [Server thread/INFO]: [FxxkingPanda23: Summoned new Item Frame]
[18:40:34] [Server thread/ERROR]: Block-attached entity at invalid position: null
[18:40:34] [Server thread/INFO]: [FxxkingPanda23: Summoned new Item Frame]
[18:40:34] [Server thread/ERROR]: Block-attached entity at invalid position: null
[18:40:34] [Server thread/INFO]: [FxxkingPanda23: Summoned new Item Frame]
[18:40:34] [Server thread/ERROR]: Block-attached entity at invalid position: null
[18:40:34] [Server thread/INFO]: [FxxkingPanda23: Summoned new Item Frame]
[18:40:34] [Server thread/ERROR]: Block-attached entity at invalid position: null
[18:40:34] [Server thread/INFO]: [FxxkingPanda23: Summoned new Item Frame]
[18:40:34] [Server thread/ERROR]: Block-attached entity at invalid position: null
[18:40:34] [Server thread/INFO]: [FxxkingPanda23: Summoned new Item Frame]
[18:40:34] [Server thread/ERROR]: Block-attached entity at invalid position: null
[18:40:34] [Server thread/INFO]: [FxxkingPanda23: Summoned new Item Frame]
[18:40:34] [Server thread/ERROR]: Block-attached entity at invalid position: null
[18:40:34] [Server thread/INFO]: [FxxkingPanda23: Summoned new Item Frame]
[18:40:34] [Server thread/ERROR]: Block-attached entity at invalid position: null
[18:40:34] [Server thread/INFO]: [FxxkingPanda23: Summoned new Item Frame]
[18:40:34] [Server thread/ERROR]: Block-attached entity at invalid position: null
[18:40:34] [Server thread/INFO]: [FxxkingPanda23: Summoned new Item Frame]
[18:40:34] [Server thread/ERROR]: Block-attached entity at invalid position: null
[18:40:34] [Server thread/INFO]: [FxxkingPanda23: Summoned new Item Frame]
[18:40:34] [Server thread/ERROR]: Block-attached entity at invalid position: null
[18:40:34] [Server thread/INFO]: [FxxkingPanda23: Summoned new Item Frame]
[18:40:34] [Server thread/INFO]: [FxxkingPanda23: Successfully filled 12 block(s)]
[18:40:34] [Server thread/INFO]: [FxxkingPanda23: Successfully filled 9 block(s)]
[18:40:34] [Server thread/INFO]: [FxxkingPanda23: Successfully filled 4 block(s)]
[18:40:34] [Server thread/INFO]: [FxxkingPanda23: Successfully filled 3 block(s)]
[18:40:34] [Server thread/INFO]: [FxxkingPanda23: Successfully filled 3 block(s)]
[18:40:34] [Server thread/INFO]: [FxxkingPanda23: Successfully filled 2 block(s)]
[18:40:34] [Server thread/INFO]: [FxxkingPanda23: Successfully filled 2 block(s)]
[18:40:34] [Server thread/INFO]: [FxxkingPanda23: Changed the block at -841, 24, 825]
[18:40:34] [Server thread/INFO]: [FxxkingPanda23: Successfully filled 7 block(s)]
[18:40:34] [Server thread/INFO]: [FxxkingPanda23: Successfully filled 7 block(s)]
[18:40:34] [Server thread/INFO]: [FxxkingPanda23: Successfully filled 7 block(s)]
[18:40:34] [Server thread/INFO]: [FxxkingPanda23: Successfully filled 6 block(s)]
[18:40:34] [Server thread/INFO]: [FxxkingPanda23: Successfully filled 3 block(s)]
[18:40:34] [Server thread/INFO]: [FxxkingPanda23: Successfully filled 2 block(s)]
[18:40:34] [Server thread/INFO]: [FxxkingPanda23: Successfully filled 2 block(s)]
[18:40:34] [Server thread/INFO]: [FxxkingPanda23: Changed the block at -841, 24, 829]
[18:40:34] [Server thread/INFO]: [FxxkingPanda23: Successfully filled 80 block(s)]
[18:40:34] [Server thread/INFO]: [FxxkingPanda23: Successfully filled 8 block(s)]
[18:40:34] [Server thread/INFO]: [FxxkingPanda23: Changed the block at -840, 21, 816]
[18:40:34] [Server thread/INFO]: [FxxkingPanda23: Successfully filled 8 block(s)]
[18:40:34] [Server thread/INFO]: [FxxkingPanda23: Successfully filled 8 block(s)]
[18:40:34] [Server thread/INFO]: [FxxkingPanda23: Successfully filled 24 block(s)]
[18:40:34] [Server thread/INFO]: [FxxkingPanda23: Successfully filled 2 block(s)]
[18:40:34] [Server thread/INFO]: [FxxkingPanda23: Successfully filled 8 block(s)]
[18:40:34] [Server thread/INFO]: [FxxkingPanda23: Successfully filled 8 block(s)]
[18:40:34] [Server thread/INFO]: [FxxkingPanda23: Successfully filled 8 block(s)]
[18:40:34] [Server thread/INFO]: [FxxkingPanda23: Successfully filled 8 block(s)]
[18:40:34] [Server thread/INFO]: [FxxkingPanda23: Successfully filled 8 block(s)]
[18:40:34] [Server thread/INFO]: [FxxkingPanda23: Successfully filled 8 block(s)]
[18:40:34] [Server thread/INFO]: [FxxkingPanda23: Successfully filled 8 block(s)]
[18:40:34] [Server thread/INFO]: [FxxkingPanda23: Successfully filled 8 block(s)]
[18:40:34] [Server thread/INFO]: [FxxkingPanda23: Successfully filled 8 block(s)]
[18:40:34] [Server thread/INFO]: [FxxkingPanda23: Successfully filled 8 block(s)]
[18:40:34] [Server thread/INFO]: [FxxkingPanda23: Successfully filled 8 block(s)]
[18:40:34] [Server thread/INFO]: [FxxkingPanda23: Successfully filled 8 block(s)]
[18:40:34] [Server thread/INFO]: [FxxkingPanda23: Changed the block at -840, 21, 823]
[18:40:34] [Server thread/INFO]: [FxxkingPanda23: Successfully filled 2 block(s)]
[18:40:34] [Server thread/INFO]: [FxxkingPanda23: Successfully filled 8 block(s)]
[18:40:34] [Server thread/INFO]: [FxxkingPanda23: Changed the block at -840, 23, 824]
[18:40:34] [Server thread/INFO]: [FxxkingPanda23: Changed the block at -840, 24, 824]
[18:40:34] [Server thread/INFO]: [FxxkingPanda23: Changed the block at -840, 24, 825]
[18:40:34] [Server thread/INFO]: [FxxkingPanda23: Successfully filled 8 block(s)]
[18:40:34] [Server thread/INFO]: [FxxkingPanda23: Changed the block at -840, 18, 826]
[18:40:34] [Server thread/INFO]: [FxxkingPanda23: Changed the block at -840, 25, 826]
[18:40:34] [Server thread/INFO]: [FxxkingPanda23: Successfully filled 3 block(s)]
[18:40:34] [Server thread/INFO]: [FxxkingPanda23: Changed the block at -840, 18, 827]
[18:40:34] [Server thread/INFO]: [FxxkingPanda23: Changed the block at -840, 18, 828]
[18:40:34] [Server thread/INFO]: [FxxkingPanda23: Changed the block at -840, 25, 828]
[18:40:34] [Server thread/INFO]: [FxxkingPanda23: Successfully filled 24 block(s)]
[18:40:34] [Server thread/INFO]: [FxxkingPanda23: Changed the block at -840, 24, 829]
[18:40:34] [Server thread/INFO]: [FxxkingPanda23: Successfully filled 8 block(s)]
[18:40:34] [Server thread/INFO]: [FxxkingPanda23: Successfully filled 8 block(s)]
[18:40:34] [Server thread/INFO]: [FxxkingPanda23: Changed the block at -840, 23, 830]
[18:40:34] [Server thread/INFO]: [FxxkingPanda23: Changed the block at -840, 24, 830]
[18:40:34] [Server thread/INFO]: [FxxkingPanda23: Successfully filled 8 block(s)]
[18:40:34] [Server thread/INFO]: [FxxkingPanda23: Successfully filled 8 block(s)]
[18:40:34] [Server thread/INFO]: [FxxkingPanda23: Changed the block at -840, 21, 831]
[18:40:34] [Server thread/INFO]: [FxxkingPanda23: Successfully filled 2 block(s)]
[18:40:34] [Server thread/INFO]: [FxxkingPanda23: Successfully filled 7 block(s)]
[18:40:34] [Server thread/INFO]: [FxxkingPanda23: Successfully filled 14 block(s)]
[18:40:34] [Server thread/INFO]: [FxxkingPanda23: Successfully filled 2 block(s)]
[18:40:34] [Server thread/INFO]: [FxxkingPanda23: Successfully filled 2 block(s)]
[18:40:34] [Server thread/INFO]: [FxxkingPanda23: Changed the block at -839, 22, 823]
[18:40:34] [Server thread/INFO]: [FxxkingPanda23: Successfully filled 2 block(s)]
[18:40:34] [Server thread/INFO]: [FxxkingPanda23: Successfully filled 2 block(s)]
[18:40:34] [Server thread/INFO]: [FxxkingPanda23: Successfully filled 2 block(s)]
[18:40:34] [Server thread/INFO]: [FxxkingPanda23: Successfully filled 2 block(s)]
[18:40:34] [Server thread/INFO]: [FxxkingPanda23: Successfully filled 7 block(s)]
[18:40:34] [Server thread/INFO]: [FxxkingPanda23: Successfully filled 3 block(s)]
[18:40:34] [Server thread/INFO]: [FxxkingPanda23: Changed the block at -839, 18, 827]
[18:40:34] [Server thread/INFO]: [FxxkingPanda23: Successfully filled 7 block(s)]
[18:40:34] [Server thread/INFO]: [FxxkingPanda23: Successfully filled 2 block(s)]
[18:40:34] [Server thread/INFO]: [FxxkingPanda23: Successfully filled 2 block(s)]
[18:40:34] [Server thread/INFO]: [FxxkingPanda23: Successfully filled 2 block(s)]
[18:40:34] [Server thread/INFO]: [FxxkingPanda23: Successfully filled 2 block(s)]
[18:40:34] [Server thread/INFO]: [FxxkingPanda23: Changed the block at -839, 22, 831]
[18:40:34] [Server thread/INFO]: [FxxkingPanda23: Successfully filled 2 block(s)]
[18:40:34] [Server thread/INFO]: [FxxkingPanda23: Changed the block at -838, 22, 823]
[18:40:34] [Server thread/INFO]: [FxxkingPanda23: Changed the block at -838, 26, 826]
[18:40:34] [Server thread/INFO]: [FxxkingPanda23: Successfully filled 6 block(s)]
[18:40:34] [Server thread/INFO]: [FxxkingPanda23: Changed the block at -838, 26, 827]
[18:40:34] [Server thread/INFO]: [FxxkingPanda23: Changed the block at -838, 26, 828]
[18:40:34] [Server thread/INFO]: [FxxkingPanda23: Changed the block at -838, 22, 831]
[18:40:34] [Server thread/INFO]: [FxxkingPanda23: Changed the block at -837, 21, 823]
[18:40:34] [Server thread/INFO]: [FxxkingPanda23: Successfully filled 2 block(s)]
[18:40:34] [Server thread/INFO]: [FxxkingPanda23: Changed the block at -837, 23, 824]
[18:40:34] [Server thread/INFO]: [FxxkingPanda23: Changed the block at -837, 24, 824]
[18:40:34] [Server thread/INFO]: [FxxkingPanda23: Changed the block at -837, 24, 825]
[18:40:34] [Server thread/INFO]: [FxxkingPanda23: Changed the block at -837, 25, 826]
[18:40:34] [Server thread/INFO]: [FxxkingPanda23: Changed the block at -837, 26, 826]
[18:40:34] [Server thread/INFO]: [FxxkingPanda23: Changed the block at -837, 23, 827]
[18:40:34] [Server thread/INFO]: [FxxkingPanda23: Changed the block at -837, 24, 827]
[18:40:34] [Server thread/INFO]: [FxxkingPanda23: Changed the block at -837, 25, 827]
[18:40:34] [Server thread/INFO]: [FxxkingPanda23: Changed the block at -837, 26, 827]
[18:40:34] [Server thread/INFO]: [FxxkingPanda23: Changed the block at -837, 25, 828]
[18:40:34] [Server thread/INFO]: [FxxkingPanda23: Changed the block at -837, 26, 828]
[18:40:34] [Server thread/INFO]: [FxxkingPanda23: Changed the block at -837, 24, 829]
[18:40:34] [Server thread/INFO]: [FxxkingPanda23: Changed the block at -837, 23, 830]
[18:40:34] [Server thread/INFO]: [FxxkingPanda23: Changed the block at -837, 24, 830]
[18:40:34] [Server thread/INFO]: [FxxkingPanda23: Changed the block at -837, 21, 831]
[18:40:34] [Server thread/INFO]: [FxxkingPanda23: Successfully filled 2 block(s)]
[18:40:34] [Server thread/INFO]: [FxxkingPanda23: Successfully filled 2 block(s)]
[18:40:34] [Server thread/INFO]: [FxxkingPanda23: Successfully filled 2 block(s)]
[18:40:34] [Server thread/INFO]: [FxxkingPanda23: Changed the block at -836, 22, 823]
[18:40:34] [Server thread/INFO]: [FxxkingPanda23: Successfully filled 2 block(s)]
[18:40:34] [Server thread/INFO]: [FxxkingPanda23: Successfully filled 2 block(s)]
[18:40:34] [Server thread/INFO]: [FxxkingPanda23: Successfully filled 2 block(s)]
[18:40:34] [Server thread/INFO]: [FxxkingPanda23: Successfully filled 2 block(s)]
[18:40:34] [Server thread/INFO]: [FxxkingPanda23: Changed the block at -836, 26, 826]
[18:40:34] [Server thread/INFO]: [FxxkingPanda23: Changed the block at -836, 26, 827]
[18:40:34] [Server thread/INFO]: [FxxkingPanda23: Changed the block at -836, 26, 828]
[18:40:34] [Server thread/INFO]: [FxxkingPanda23: Successfully filled 2 block(s)]
[18:40:34] [Server thread/INFO]: [FxxkingPanda23: Successfully filled 2 block(s)]
[18:40:34] [Server thread/INFO]: [FxxkingPanda23: Successfully filled 2 block(s)]
[18:40:34] [Server thread/INFO]: [FxxkingPanda23: Successfully filled 2 block(s)]
[18:40:34] [Server thread/INFO]: [FxxkingPanda23: Changed the block at -836, 22, 831]
[18:40:34] [Server thread/INFO]: [FxxkingPanda23: Successfully filled 2 block(s)]
[18:40:34] [Server thread/INFO]: [FxxkingPanda23: Changed the block at -835, 22, 823]
[18:40:34] [Server thread/INFO]: [FxxkingPanda23: Changed the block at -835, 26, 826]
[18:40:34] [Server thread/INFO]: [FxxkingPanda23: Changed the block at -835, 26, 827]
[18:40:34] [Server thread/INFO]: [FxxkingPanda23: Changed the block at -835, 26, 828]
[18:40:34] [Server thread/INFO]: [FxxkingPanda23: Changed the block at -835, 22, 831]
[18:40:34] [Server thread/INFO]: [FxxkingPanda23: Changed the block at -834, 21, 823]
[18:40:34] [Server thread/INFO]: [FxxkingPanda23: Successfully filled 2 block(s)]
[18:40:34] [Server thread/INFO]: [FxxkingPanda23: Changed the block at -834, 23, 824]
[18:40:34] [Server thread/INFO]: [FxxkingPanda23: Changed the block at -834, 24, 824]
[18:40:34] [Server thread/INFO]: [FxxkingPanda23: Changed the block at -834, 24, 825]
[18:40:34] [Server thread/INFO]: [FxxkingPanda23: Changed the block at -834, 25, 826]
[18:40:34] [Server thread/INFO]: [FxxkingPanda23: Changed the block at -834, 26, 826]
[18:40:34] [Server thread/INFO]: [FxxkingPanda23: Changed the block at -834, 23, 827]
[18:40:34] [Server thread/INFO]: [FxxkingPanda23: Changed the block at -834, 24, 827]
[18:40:34] [Server thread/INFO]: [FxxkingPanda23: Changed the block at -834, 25, 827]
[18:40:34] [Server thread/INFO]: [FxxkingPanda23: Changed the block at -834, 26, 827]
[18:40:34] [Server thread/INFO]: [FxxkingPanda23: Changed the block at -834, 25, 828]
[18:40:34] [Server thread/INFO]: [FxxkingPanda23: Changed the block at -834, 26, 828]
[18:40:34] [Server thread/INFO]: [FxxkingPanda23: Changed the block at -834, 24, 829]
[18:40:34] [Server thread/INFO]: [FxxkingPanda23: Changed the block at -834, 23, 830]
[18:40:34] [Server thread/INFO]: [FxxkingPanda23: Changed the block at -834, 24, 830]
[18:40:34] [Server thread/INFO]: [FxxkingPanda23: Changed the block at -834, 21, 831]
[18:40:34] [Server thread/INFO]: [FxxkingPanda23: Successfully filled 2 block(s)]
[18:40:34] [Server thread/INFO]: [FxxkingPanda23: Changed the block at -833, 22, 822]
[18:40:34] [Server thread/INFO]: [FxxkingPanda23: Changed the block at -833, 21, 823]
[18:40:34] [Server thread/INFO]: [FxxkingPanda23: Changed the block at -833, 22, 823]
[18:40:34] [Server thread/INFO]: [FxxkingPanda23: Changed the block at -833, 23, 823]
[18:40:34] [Server thread/INFO]: [FxxkingPanda23: Changed the block at -833, 23, 824]
[18:40:34] [Server thread/INFO]: [FxxkingPanda23: Changed the block at -833, 24, 824]
[18:40:34] [Server thread/INFO]: [FxxkingPanda23: Changed the block at -833, 24, 825]
[18:40:34] [Server thread/INFO]: [FxxkingPanda23: Changed the block at -833, 26, 826]
[18:40:34] [Server thread/INFO]: [FxxkingPanda23: Changed the block at -833, 26, 827]
[18:40:34] [Server thread/INFO]: [FxxkingPanda23: Changed the block at -833, 26, 828]
[18:40:34] [Server thread/INFO]: [FxxkingPanda23: Changed the block at -833, 24, 829]
[18:40:34] [Server thread/INFO]: [FxxkingPanda23: Changed the block at -833, 23, 830]
[18:40:34] [Server thread/INFO]: [FxxkingPanda23: Changed the block at -833, 24, 830]
[18:40:34] [Server thread/INFO]: [FxxkingPanda23: Changed the block at -833, 21, 831]
[18:40:34] [Server thread/INFO]: [FxxkingPanda23: Changed the block at -833, 22, 831]
[18:40:34] [Server thread/INFO]: [FxxkingPanda23: Changed the block at -833, 23, 831]
[18:40:34] [Server thread/ERROR]: Block-attached entity at invalid position: null
[18:40:34] [Server thread/INFO]: [FxxkingPanda23: Summoned new Item Frame]
[18:40:34] [Server thread/ERROR]: Block-attached entity at invalid position: null
[18:40:34] [Server thread/INFO]: [FxxkingPanda23: Summoned new Item Frame]
[18:40:34] [Server thread/ERROR]: Block-attached entity at invalid position: null
[18:40:34] [Server thread/INFO]: [FxxkingPanda23: Summoned new Item Frame]
[18:40:34] [Server thread/ERROR]: Block-attached entity at invalid position: null
[18:40:34] [Server thread/INFO]: [FxxkingPanda23: Summoned new Item Frame]
[18:40:34] [Server thread/ERROR]: Block-attached entity at invalid position: null
[18:40:34] [Server thread/INFO]: [FxxkingPanda23: Summoned new Item Frame]
[18:40:34] [Server thread/ERROR]: Block-attached entity at invalid position: null
[18:40:34] [Server thread/INFO]: [FxxkingPanda23: Summoned new Item Frame]
[18:40:34] [Server thread/ERROR]: Block-attached entity at invalid position: null
[18:40:34] [Server thread/INFO]: [FxxkingPanda23: Summoned new Item Frame]
[18:40:34] [Server thread/ERROR]: Block-attached entity at invalid position: null
[18:40:34] [Server thread/INFO]: [FxxkingPanda23: Summoned new Item Frame]
[18:40:34] [Server thread/ERROR]: Block-attached entity at invalid position: null
[18:40:34] [Server thread/INFO]: [FxxkingPanda23: Summoned new Item Frame]
[18:40:34] [Server thread/ERROR]: Block-attached entity at invalid position: null
[18:40:34] [Server thread/INFO]: [FxxkingPanda23: Summoned new Item Frame]
[18:40:34] [Server thread/ERROR]: Block-attached entity at invalid position: null
[18:40:34] [Server thread/INFO]: [FxxkingPanda23: Summoned new Item Frame]
[18:40:34] [Server thread/ERROR]: Block-attached entity at invalid position: null
[18:40:34] [Server thread/INFO]: [FxxkingPanda23: Summoned new Item Frame]
[18:40:34] [Server thread/ERROR]: Block-attached entity at invalid position: null
[18:40:34] [Server thread/INFO]: [FxxkingPanda23: Summoned new Item Frame]
[18:40:34] [Server thread/ERROR]: Block-attached entity at invalid position: null
[18:40:34] [Server thread/INFO]: [FxxkingPanda23: Summoned new Item Frame]
[18:40:34] [Server thread/ERROR]: Block-attached entity at invalid position: null
[18:40:34] [Server thread/INFO]: [FxxkingPanda23: Summoned new Item Frame]
[18:40:34] [Server thread/ERROR]: Block-attached entity at invalid position: null
[18:40:34] [Server thread/INFO]: [FxxkingPanda23: Summoned new Item Frame]
[18:40:34] [Server thread/INFO]: [FxxkingPanda23: Successfully filled 7 block(s)]
[18:40:34] [Server thread/INFO]: [FxxkingPanda23: Changed the block at -817, 21, 793]
[18:40:34] [Server thread/INFO]: [FxxkingPanda23: Successfully filled 6 block(s)]
[18:40:36] [Server thread/INFO]: FxxkingPanda23[/100.75.53.124:55232] logged in with entity id 108311 at (-796.2094914007433, 63.0, 834.7440575586787)
[18:40:36] [Server thread/INFO]: FxxkingPanda23 joined the game
[18:42:02] [Server thread/INFO]: [FxxkingPanda23: Set own game mode to Survival Mode]
[18:51:55] [Server thread/INFO]: [FxxkingPanda23: Gave 10 [Ender Pearl] to FxxkingPanda23]
[18:56:04] [Server thread/INFO]: [FxxkingPanda23: Set own game mode to Creative Mode]
[18:56:40] [Server thread/INFO]: [FxxkingPanda23: Set own game mode to Survival Mode]
